2026-04-16 15:28:06 [INFO] photo_editor.classifier.setup_logger:57 - Logger initialized. Log file: C:\Users\Omar.Pacheco\OneDrive - Pariveda Solutions, Inc\Documents\Repos\photo-editor\logs\photo_editor_20260416_152806.log
2026-04-16 15:28:06 [INFO] photo_editor.profiles.setup_logger:57 - Logger initialized. Log file: C:\Users\Omar.Pacheco\OneDrive - Pariveda Solutions, Inc\Documents\Repos\photo-editor\logs\photo_editor_20260416_152806.log
2026-04-16 15:28:06 [INFO] photo_editor.loader.setup_logger:57 - Logger initialized. Log file: C:\Users\Omar.Pacheco\OneDrive - Pariveda Solutions, Inc\Documents\Repos\photo-editor\logs\photo_editor_20260416_152806.log
2026-04-16 15:28:06 [INFO] photo_editor.loader.<module>:42 - RAW image support enabled (rawpy available).
2026-04-16 15:28:06 [INFO] photo_editor.gpu.setup_logger:57 - Logger initialized. Log file: C:\Users\Omar.Pacheco\OneDrive - Pariveda Solutions, Inc\Documents\Repos\photo-editor\logs\photo_editor_20260416_152806.log
2026-04-16 15:28:06 [INFO] photo_editor.edits.setup_logger:57 - Logger initialized. Log file: C:\Users\Omar.Pacheco\OneDrive - Pariveda Solutions, Inc\Documents\Repos\photo-editor\logs\photo_editor_20260416_152806.log
2026-04-16 15:28:06 [INFO] photo_editor.metadata.setup_logger:57 - Logger initialized. Log file: C:\Users\Omar.Pacheco\OneDrive - Pariveda Solutions, Inc\Documents\Repos\photo-editor\logs\photo_editor_20260416_152806.log
2026-04-16 15:28:06 [INFO] photo_editor.output.setup_logger:57 - Logger initialized. Log file: C:\Users\Omar.Pacheco\OneDrive - Pariveda Solutions, Inc\Documents\Repos\photo-editor\logs\photo_editor_20260416_152806.log
2026-04-16 15:28:06 [INFO] photo_editor.pipeline.setup_logger:57 - Logger initialized. Log file: C:\Users\Omar.Pacheco\OneDrive - Pariveda Solutions, Inc\Documents\Repos\photo-editor\logs\photo_editor_20260416_152806.log
2026-04-16 15:28:06 [INFO] photo_editor.ui.setup_logger:57 - Logger initialized. Log file: C:\Users\Omar.Pacheco\OneDrive - Pariveda Solutions, Inc\Documents\Repos\photo-editor\logs\photo_editor_20260416_152806.log
2026-04-16 15:28:06 [INFO] photo_editor.setup_logger:57 - Logger initialized. Log file: C:\Users\Omar.Pacheco\OneDrive - Pariveda Solutions, Inc\Documents\Repos\photo-editor\logs\photo_editor_20260416_152806.log
2026-04-16 15:28:06 [INFO] photo_editor.main:33 - Starting Photo Editor application...
2026-04-16 15:28:07 [INFO] photo_editor.main:82 - Application window shown. Ready.
2026-04-16 15:28:16 [INFO] photo_editor.loader.discover_images:90 - Discovered 249 image(s) in 'C:\Users\Omar.Pacheco\OneDrive - Pariveda Solutions, Inc\Pictures\Japan'
2026-04-16 15:28:16 [INFO] photo_editor.loader.discover_images:90 - Discovered 249 image(s) in 'C:\Users\Omar.Pacheco\OneDrive - Pariveda Solutions, Inc\Pictures\Japan'
2026-04-16 15:28:16 [DEBUG] photo_editor.loader._load_standard:160 - Loaded (OpenCV): C:\Users\Omar.Pacheco\OneDrive - Pariveda Solutions, Inc\Pictures\Japan\1000019592.jpg  shape=(911, 1210, 3)
2026-04-16 15:28:16 [DEBUG] photo_editor.loader._load_standard:160 - Loaded (OpenCV): C:\Users\Omar.Pacheco\OneDrive - Pariveda Solutions, Inc\Pictures\Japan\1000019592.jpg  shape=(911, 1210, 3)
2026-04-16 15:28:16 [DEBUG] photo_editor.classifier.classify_image:219 - Image features: {'brightness': 153.24, 'saturation': 189.6, 'colorfulness': np.float64(97.49), 'edge_density': 0.0918, 'aspect_ratio': 1.328, 'num_faces': 0, 'bg_variance': 35.19, 'width': 1210, 'height': 911}
2026-04-16 15:28:16 [DEBUG] photo_editor.classifier.classify_image:219 - Image features: {'brightness': 153.24, 'saturation': 189.6, 'colorfulness': np.float64(97.49), 'edge_density': 0.0918, 'aspect_ratio': 1.328, 'num_faces': 0, 'bg_variance': 35.19, 'width': 1210, 'height': 911}
2026-04-16 15:28:16 [INFO] photo_editor.classifier.classify_image:291 - Classification: landscape (confidence=85%, faces=0)
2026-04-16 15:28:16 [INFO] photo_editor.classifier.classify_image:291 - Classification: landscape (confidence=85%, faces=0)
2026-04-16 15:28:16 [DEBUG] photo_editor.loader._load_standard:160 - Loaded (OpenCV): C:\Users\Omar.Pacheco\OneDrive - Pariveda Solutions, Inc\Pictures\Japan\1000019592.jpg  shape=(911, 1210, 3)
2026-04-16 15:28:16 [DEBUG] photo_editor.loader._load_standard:160 - Loaded (OpenCV): C:\Users\Omar.Pacheco\OneDrive - Pariveda Solutions, Inc\Pictures\Japan\1000019592.jpg  shape=(911, 1210, 3)
2026-04-16 15:28:16 [INFO] photo_editor.pipeline.process_single_image:169 - Processing: 1000019592.jpg
2026-04-16 15:28:16 [INFO] photo_editor.pipeline.process_single_image:169 - Processing: 1000019592.jpg
2026-04-16 15:28:16 [DEBUG] photo_editor.loader._load_standard:160 - Loaded (OpenCV): C:\Users\Omar.Pacheco\OneDrive - Pariveda Solutions, Inc\Pictures\Japan\1000019592.jpg  shape=(911, 1210, 3)
2026-04-16 15:28:16 [DEBUG] photo_editor.loader._load_standard:160 - Loaded (OpenCV): C:\Users\Omar.Pacheco\OneDrive - Pariveda Solutions, Inc\Pictures\Japan\1000019592.jpg  shape=(911, 1210, 3)
2026-04-16 15:28:16 [DEBUG] photo_editor.classifier.classify_image:219 - Image features: {'brightness': 153.24, 'saturation': 189.6, 'colorfulness': np.float64(97.49), 'edge_density': 0.0918, 'aspect_ratio': 1.328, 'num_faces': 0, 'bg_variance': 35.19, 'width': 1210, 'height': 911}
2026-04-16 15:28:16 [DEBUG] photo_editor.classifier.classify_image:219 - Image features: {'brightness': 153.24, 'saturation': 189.6, 'colorfulness': np.float64(97.49), 'edge_density': 0.0918, 'aspect_ratio': 1.328, 'num_faces': 0, 'bg_variance': 35.19, 'width': 1210, 'height': 911}
2026-04-16 15:28:16 [INFO] photo_editor.classifier.classify_image:291 - Classification: landscape (confidence=85%, faces=0)
2026-04-16 15:28:16 [INFO] photo_editor.classifier.classify_image:291 - Classification: landscape (confidence=85%, faces=0)
2026-04-16 15:28:16 [INFO] photo_editor.profiles.get_profile:407 - Profile: style=auto, category=landscape, strength=medium (×0.7)
2026-04-16 15:28:16 [INFO] photo_editor.profiles.get_profile:407 - Profile: style=auto, category=landscape, strength=medium (×0.7)
2026-04-16 15:28:16 [DEBUG] photo_editor.pipeline.apply_profile:115 -   Applying: Auto Levels (auto_levels) params={'strength': 0.27999999999999997, 'clip_percent': 0.5}
2026-04-16 15:28:16 [DEBUG] photo_editor.pipeline.apply_profile:115 -   Applying: Auto Levels (auto_levels) params={'strength': 0.27999999999999997, 'clip_percent': 0.5}
2026-04-16 15:28:16 [DEBUG] photo_editor.pipeline.apply_profile:115 -   Applying: Exposure Correction (adjust_exposure) params={'strength': 0.35, 'target_brightness': 128}
2026-04-16 15:28:16 [DEBUG] photo_editor.pipeline.apply_profile:115 -   Applying: Exposure Correction (adjust_exposure) params={'strength': 0.35, 'target_brightness': 128}
2026-04-16 15:28:16 [DEBUG] photo_editor.pipeline.apply_profile:115 -   Applying: White Balance (adjust_white_balance) params={'strength': 0.27999999999999997}
2026-04-16 15:28:16 [DEBUG] photo_editor.pipeline.apply_profile:115 -   Applying: White Balance (adjust_white_balance) params={'strength': 0.27999999999999997}
2026-04-16 15:28:16 [DEBUG] photo_editor.pipeline.apply_profile:115 -   Applying: Highlight/Shadow Recovery (recover_highlights_shadows) params={'strength': 0.35}
2026-04-16 15:28:16 [DEBUG] photo_editor.pipeline.apply_profile:115 -   Applying: Highlight/Shadow Recovery (recover_highlights_shadows) params={'strength': 0.35}
2026-04-16 15:28:16 [DEBUG] photo_editor.pipeline.apply_profile:115 -   Applying: Contrast (adjust_contrast) params={'strength': 0.35, 'clip_limit': 2.5}
2026-04-16 15:28:16 [DEBUG] photo_editor.pipeline.apply_profile:115 -   Applying: Contrast (adjust_contrast) params={'strength': 0.35, 'clip_limit': 2.5}
2026-04-16 15:28:16 [DEBUG] photo_editor.pipeline.apply_profile:115 -   Applying: Tone Curve (apply_tone_curve) params={'strength': 0.27999999999999997}
2026-04-16 15:28:16 [DEBUG] photo_editor.pipeline.apply_profile:115 -   Applying: Tone Curve (apply_tone_curve) params={'strength': 0.27999999999999997}
2026-04-16 15:28:16 [DEBUG] photo_editor.pipeline.apply_profile:115 -   Applying: Vibrance (adjust_vibrance) params={'strength': 0.5599999999999999, 'amount': 40}
2026-04-16 15:28:16 [DEBUG] photo_editor.pipeline.apply_profile:115 -   Applying: Vibrance (adjust_vibrance) params={'strength': 0.5599999999999999, 'amount': 40}
2026-04-16 15:28:16 [DEBUG] photo_editor.pipeline.apply_profile:115 -   Applying: Saturation (adjust_saturation) params={'strength': 0.35, 'factor': 1.25}
2026-04-16 15:28:16 [DEBUG] photo_editor.pipeline.apply_profile:115 -   Applying: Saturation (adjust_saturation) params={'strength': 0.35, 'factor': 1.25}
2026-04-16 15:28:16 [DEBUG] photo_editor.pipeline.apply_profile:115 -   Applying: Dehaze (dehaze) params={'strength': 0.27999999999999997}
2026-04-16 15:28:16 [DEBUG] photo_editor.pipeline.apply_profile:115 -   Applying: Dehaze (dehaze) params={'strength': 0.27999999999999997}
2026-04-16 15:28:17 [DEBUG] photo_editor.pipeline.apply_profile:115 -   Applying: Noise Reduction (reduce_noise) params={'strength': 0.175}
2026-04-16 15:28:17 [DEBUG] photo_editor.pipeline.apply_profile:115 -   Applying: Noise Reduction (reduce_noise) params={'strength': 0.175}
2026-04-16 15:28:17 [WARNING] photo_editor.pipeline.apply_profile:118 -   Edit step 'Noise Reduction' failed: OpenCV(4.13.0) :-1: error: (-5:Bad argument) in function 'fastNlMeansDenoisingColored'
> Overload resolution failed:
>  - 'hForColorComponents' is an invalid keyword argument for fastNlMeansDenoisingColored()
>  - 'hForColorComponents' is an invalid keyword argument for fastNlMeansDenoisingColored()

2026-04-16 15:28:17 [WARNING] photo_editor.pipeline.apply_profile:118 -   Edit step 'Noise Reduction' failed: OpenCV(4.13.0) :-1: error: (-5:Bad argument) in function 'fastNlMeansDenoisingColored'
> Overload resolution failed:
>  - 'hForColorComponents' is an invalid keyword argument for fastNlMeansDenoisingColored()
>  - 'hForColorComponents' is an invalid keyword argument for fastNlMeansDenoisingColored()

2026-04-16 15:28:17 [DEBUG] photo_editor.pipeline.apply_profile:115 -   Applying: Sharpening (sharpen) params={'strength': 0.315, 'kernel_size': 3}
2026-04-16 15:28:17 [DEBUG] photo_editor.pipeline.apply_profile:115 -   Applying: Sharpening (sharpen) params={'strength': 0.315, 'kernel_size': 3}
2026-04-16 15:28:17 [INFO] photo_editor.gpu._detect_gpu:38 - No CUDA-capable GPU detected. Using CPU processing.
2026-04-16 15:28:17 [INFO] photo_editor.gpu._detect_gpu:38 - No CUDA-capable GPU detected. Using CPU processing.
2026-04-16 15:28:17 [DEBUG] photo_editor.pipeline.apply_profile:115 -   Applying: Straighten (auto_straighten) params={'strength': 0.35}
2026-04-16 15:28:17 [DEBUG] photo_editor.pipeline.apply_profile:115 -   Applying: Straighten (auto_straighten) params={'strength': 0.35}
2026-04-16 15:28:17 [DEBUG] photo_editor.edits.auto_straighten:449 - Auto-straighten: corrected -0.30° tilt
2026-04-16 15:28:17 [DEBUG] photo_editor.edits.auto_straighten:449 - Auto-straighten: corrected -0.30° tilt
2026-04-16 15:28:17 [DEBUG] photo_editor.pipeline.apply_profile:115 -   Applying: Vignette (apply_vignette) params={'strength': 0.13999999999999999}
2026-04-16 15:28:17 [DEBUG] photo_editor.pipeline.apply_profile:115 -   Applying: Vignette (apply_vignette) params={'strength': 0.13999999999999999}
2026-04-16 15:28:17 [DEBUG] photo_editor.output.save_image:194 - Saved: C:\Users\Omar.Pacheco\OneDrive - Pariveda Solutions, Inc\Pictures\Japan\Edited\1000019592_edited.jpg (443 KB, 1210×911)
2026-04-16 15:28:17 [DEBUG] photo_editor.output.save_image:194 - Saved: C:\Users\Omar.Pacheco\OneDrive - Pariveda Solutions, Inc\Pictures\Japan\Edited\1000019592_edited.jpg (443 KB, 1210×911)
2026-04-16 15:28:17 [DEBUG] photo_editor.metadata.copy_metadata:99 - Metadata copied: C:\Users\Omar.Pacheco\OneDrive - Pariveda Solutions, Inc\Pictures\Japan\1000019592.jpg → C:\Users\Omar.Pacheco\OneDrive - Pariveda Solutions, Inc\Pictures\Japan\Edited\1000019592_edited.jpg
2026-04-16 15:28:17 [DEBUG] photo_editor.metadata.copy_metadata:99 - Metadata copied: C:\Users\Omar.Pacheco\OneDrive - Pariveda Solutions, Inc\Pictures\Japan\1000019592.jpg → C:\Users\Omar.Pacheco\OneDrive - Pariveda Solutions, Inc\Pictures\Japan\Edited\1000019592_edited.jpg
2026-04-16 15:28:17 [INFO] photo_editor.pipeline.process_single_image:227 -   Done: 1000019592_edited.jpg (landscape, 0.7s)
2026-04-16 15:28:17 [INFO] photo_editor.pipeline.process_single_image:227 -   Done: 1000019592_edited.jpg (landscape, 0.7s)
2026-04-16 15:28:26 [DEBUG] photo_editor.loader._load_standard:160 - Loaded (OpenCV): C:\Users\Omar.Pacheco\OneDrive - Pariveda Solutions, Inc\Pictures\Japan\1000019592.jpg  shape=(911, 1210, 3)
2026-04-16 15:28:26 [DEBUG] photo_editor.loader._load_standard:160 - Loaded (OpenCV): C:\Users\Omar.Pacheco\OneDrive - Pariveda Solutions, Inc\Pictures\Japan\1000019592.jpg  shape=(911, 1210, 3)
2026-04-16 15:28:26 [INFO] photo_editor.pipeline.process_single_image:169 - Processing: 1000019592.jpg
2026-04-16 15:28:26 [INFO] photo_editor.pipeline.process_single_image:169 - Processing: 1000019592.jpg
2026-04-16 15:28:26 [DEBUG] photo_editor.loader._load_standard:160 - Loaded (OpenCV): C:\Users\Omar.Pacheco\OneDrive - Pariveda Solutions, Inc\Pictures\Japan\1000019592.jpg  shape=(911, 1210, 3)
2026-04-16 15:28:26 [DEBUG] photo_editor.loader._load_standard:160 - Loaded (OpenCV): C:\Users\Omar.Pacheco\OneDrive - Pariveda Solutions, Inc\Pictures\Japan\1000019592.jpg  shape=(911, 1210, 3)
2026-04-16 15:28:26 [INFO] photo_editor.profiles.get_profile:407 - Profile: style=auto, category=product, strength=medium (×0.7)
2026-04-16 15:28:26 [INFO] photo_editor.profiles.get_profile:407 - Profile: style=auto, category=product, strength=medium (×0.7)
2026-04-16 15:28:26 [DEBUG] photo_editor.pipeline.apply_profile:115 -   Applying: Auto Levels (auto_levels) params={'strength': 0.175, 'clip_percent': 0.5}
2026-04-16 15:28:26 [DEBUG] photo_editor.pipeline.apply_profile:115 -   Applying: Auto Levels (auto_levels) params={'strength': 0.175, 'clip_percent': 0.5}
2026-04-16 15:28:26 [DEBUG] photo_editor.pipeline.apply_profile:115 -   Applying: Exposure Correction (adjust_exposure) params={'strength': 0.24499999999999997, 'target_brightness': 140}
2026-04-16 15:28:26 [DEBUG] photo_editor.pipeline.apply_profile:115 -   Applying: Exposure Correction (adjust_exposure) params={'strength': 0.24499999999999997, 'target_brightness': 140}
2026-04-16 15:28:26 [DEBUG] photo_editor.pipeline.apply_profile:115 -   Applying: White Balance (adjust_white_balance) params={'strength': 0.21}
2026-04-16 15:28:26 [DEBUG] photo_editor.pipeline.apply_profile:115 -   Applying: White Balance (adjust_white_balance) params={'strength': 0.21}
2026-04-16 15:28:26 [DEBUG] photo_editor.pipeline.apply_profile:115 -   Applying: Highlight/Shadow Recovery (recover_highlights_shadows) params={'strength': 0.21}
2026-04-16 15:28:26 [DEBUG] photo_editor.pipeline.apply_profile:115 -   Applying: Highlight/Shadow Recovery (recover_highlights_shadows) params={'strength': 0.21}
2026-04-16 15:28:26 [DEBUG] photo_editor.pipeline.apply_profile:115 -   Applying: Contrast (adjust_contrast) params={'strength': 0.13999999999999999, 'clip_limit': 1.5}
2026-04-16 15:28:26 [DEBUG] photo_editor.pipeline.apply_profile:115 -   Applying: Contrast (adjust_contrast) params={'strength': 0.13999999999999999, 'clip_limit': 1.5}
2026-04-16 15:28:26 [DEBUG] photo_editor.pipeline.apply_profile:115 -   Applying: Tone Curve (apply_tone_curve) params={'strength': 0.105}
2026-04-16 15:28:26 [DEBUG] photo_editor.pipeline.apply_profile:115 -   Applying: Tone Curve (apply_tone_curve) params={'strength': 0.105}
2026-04-16 15:28:26 [DEBUG] photo_editor.pipeline.apply_profile:115 -   Applying: Vibrance (adjust_vibrance) params={'strength': 0.13999999999999999, 'amount': 15}
2026-04-16 15:28:26 [DEBUG] photo_editor.pipeline.apply_profile:115 -   Applying: Vibrance (adjust_vibrance) params={'strength': 0.13999999999999999, 'amount': 15}
2026-04-16 15:28:26 [DEBUG] photo_editor.pipeline.apply_profile:115 -   Applying: Noise Reduction (reduce_noise) params={'strength': 0.13999999999999999}
2026-04-16 15:28:26 [DEBUG] photo_editor.pipeline.apply_profile:115 -   Applying: Noise Reduction (reduce_noise) params={'strength': 0.13999999999999999}
2026-04-16 15:28:26 [WARNING] photo_editor.pipeline.apply_profile:118 -   Edit step 'Noise Reduction' failed: OpenCV(4.13.0) :-1: error: (-5:Bad argument) in function 'fastNlMeansDenoisingColored'
> Overload resolution failed:
>  - 'hForColorComponents' is an invalid keyword argument for fastNlMeansDenoisingColored()
>  - 'hForColorComponents' is an invalid keyword argument for fastNlMeansDenoisingColored()

2026-04-16 15:28:26 [WARNING] photo_editor.pipeline.apply_profile:118 -   Edit step 'Noise Reduction' failed: OpenCV(4.13.0) :-1: error: (-5:Bad argument) in function 'fastNlMeansDenoisingColored'
> Overload resolution failed:
>  - 'hForColorComponents' is an invalid keyword argument for fastNlMeansDenoisingColored()
>  - 'hForColorComponents' is an invalid keyword argument for fastNlMeansDenoisingColored()

2026-04-16 15:28:26 [DEBUG] photo_editor.pipeline.apply_profile:115 -   Applying: Sharpening (sharpen) params={'strength': 0.315, 'kernel_size': 3}
2026-04-16 15:28:26 [DEBUG] photo_editor.pipeline.apply_profile:115 -   Applying: Sharpening (sharpen) params={'strength': 0.315, 'kernel_size': 3}
2026-04-16 15:28:26 [DEBUG] photo_editor.pipeline.apply_profile:115 -   Applying: Straighten (auto_straighten) params={'strength': 0.35}
2026-04-16 15:28:26 [DEBUG] photo_editor.pipeline.apply_profile:115 -   Applying: Straighten (auto_straighten) params={'strength': 0.35}
2026-04-16 15:28:26 [DEBUG] photo_editor.edits.auto_straighten:449 - Auto-straighten: corrected -0.33° tilt
2026-04-16 15:28:26 [DEBUG] photo_editor.edits.auto_straighten:449 - Auto-straighten: corrected -0.33° tilt
2026-04-16 15:28:26 [DEBUG] photo_editor.output.save_image:194 - Saved: C:\Users\Omar.Pacheco\OneDrive - Pariveda Solutions, Inc\Pictures\Japan\Edited\1000019592_edited.jpg (411 KB, 1210×911)
2026-04-16 15:28:26 [DEBUG] photo_editor.output.save_image:194 - Saved: C:\Users\Omar.Pacheco\OneDrive - Pariveda Solutions, Inc\Pictures\Japan\Edited\1000019592_edited.jpg (411 KB, 1210×911)
2026-04-16 15:28:26 [DEBUG] photo_editor.metadata.copy_metadata:99 - Metadata copied: C:\Users\Omar.Pacheco\OneDrive - Pariveda Solutions, Inc\Pictures\Japan\1000019592.jpg → C:\Users\Omar.Pacheco\OneDrive - Pariveda Solutions, Inc\Pictures\Japan\Edited\1000019592_edited.jpg
2026-04-16 15:28:26 [DEBUG] photo_editor.metadata.copy_metadata:99 - Metadata copied: C:\Users\Omar.Pacheco\OneDrive - Pariveda Solutions, Inc\Pictures\Japan\1000019592.jpg → C:\Users\Omar.Pacheco\OneDrive - Pariveda Solutions, Inc\Pictures\Japan\Edited\1000019592_edited.jpg
2026-04-16 15:28:26 [INFO] photo_editor.pipeline.process_single_image:227 -   Done: 1000019592_edited.jpg (product, 0.3s)
2026-04-16 15:28:26 [INFO] photo_editor.pipeline.process_single_image:227 -   Done: 1000019592_edited.jpg (product, 0.3s)
2026-04-16 15:28:50 [DEBUG] photo_editor.loader._load_standard:160 - Loaded (OpenCV): C:\Users\Omar.Pacheco\OneDrive - Pariveda Solutions, Inc\Pictures\Japan\1000019592.jpg  shape=(911, 1210, 3)
2026-04-16 15:28:50 [DEBUG] photo_editor.loader._load_standard:160 - Loaded (OpenCV): C:\Users\Omar.Pacheco\OneDrive - Pariveda Solutions, Inc\Pictures\Japan\1000019592.jpg  shape=(911, 1210, 3)
2026-04-16 15:28:50 [INFO] photo_editor.pipeline.process_single_image:169 - Processing: 1000019592.jpg
2026-04-16 15:28:50 [INFO] photo_editor.pipeline.process_single_image:169 - Processing: 1000019592.jpg
2026-04-16 15:28:50 [DEBUG] photo_editor.loader._load_standard:160 - Loaded (OpenCV): C:\Users\Omar.Pacheco\OneDrive - Pariveda Solutions, Inc\Pictures\Japan\1000019592.jpg  shape=(911, 1210, 3)
2026-04-16 15:28:50 [DEBUG] photo_editor.loader._load_standard:160 - Loaded (OpenCV): C:\Users\Omar.Pacheco\OneDrive - Pariveda Solutions, Inc\Pictures\Japan\1000019592.jpg  shape=(911, 1210, 3)
2026-04-16 15:28:50 [INFO] photo_editor.profiles.get_profile:407 - Profile: style=auto, category=product, strength=medium (×0.7)
2026-04-16 15:28:50 [INFO] photo_editor.profiles.get_profile:407 - Profile: style=auto, category=product, strength=medium (×0.7)
2026-04-16 15:28:50 [DEBUG] photo_editor.pipeline.apply_profile:115 -   Applying: Auto Levels (auto_levels) params={'strength': 0.175, 'clip_percent': 0.5}
2026-04-16 15:28:50 [DEBUG] photo_editor.pipeline.apply_profile:115 -   Applying: Auto Levels (auto_levels) params={'strength': 0.175, 'clip_percent': 0.5}
2026-04-16 15:28:50 [DEBUG] photo_editor.pipeline.apply_profile:115 -   Applying: Exposure Correction (adjust_exposure) params={'strength': 0.24499999999999997, 'target_brightness': 140}
2026-04-16 15:28:50 [DEBUG] photo_editor.pipeline.apply_profile:115 -   Applying: Exposure Correction (adjust_exposure) params={'strength': 0.24499999999999997, 'target_brightness': 140}
2026-04-16 15:28:50 [DEBUG] photo_editor.pipeline.apply_profile:115 -   Applying: White Balance (adjust_white_balance) params={'strength': 0.21}
2026-04-16 15:28:50 [DEBUG] photo_editor.pipeline.apply_profile:115 -   Applying: White Balance (adjust_white_balance) params={'strength': 0.21}
2026-04-16 15:28:50 [DEBUG] photo_editor.pipeline.apply_profile:103 -   Skipping disabled edit: Highlight/Shadow Recovery
2026-04-16 15:28:50 [DEBUG] photo_editor.pipeline.apply_profile:103 -   Skipping disabled edit: Highlight/Shadow Recovery
2026-04-16 15:28:50 [DEBUG] photo_editor.pipeline.apply_profile:115 -   Applying: Contrast (adjust_contrast) params={'strength': 0.13999999999999999, 'clip_limit': 1.5}
2026-04-16 15:28:50 [DEBUG] photo_editor.pipeline.apply_profile:115 -   Applying: Contrast (adjust_contrast) params={'strength': 0.13999999999999999, 'clip_limit': 1.5}
2026-04-16 15:28:50 [DEBUG] photo_editor.pipeline.apply_profile:115 -   Applying: Tone Curve (apply_tone_curve) params={'strength': 0.105}
2026-04-16 15:28:50 [DEBUG] photo_editor.pipeline.apply_profile:115 -   Applying: Tone Curve (apply_tone_curve) params={'strength': 0.105}
2026-04-16 15:28:50 [DEBUG] photo_editor.pipeline.apply_profile:115 -   Applying: Vibrance (adjust_vibrance) params={'strength': 0.13999999999999999, 'amount': 15}
2026-04-16 15:28:50 [DEBUG] photo_editor.pipeline.apply_profile:115 -   Applying: Vibrance (adjust_vibrance) params={'strength': 0.13999999999999999, 'amount': 15}
2026-04-16 15:28:50 [DEBUG] photo_editor.pipeline.apply_profile:115 -   Applying: Noise Reduction (reduce_noise) params={'strength': 0.13999999999999999}
2026-04-16 15:28:50 [DEBUG] photo_editor.pipeline.apply_profile:115 -   Applying: Noise Reduction (reduce_noise) params={'strength': 0.13999999999999999}
2026-04-16 15:28:50 [WARNING] photo_editor.pipeline.apply_profile:118 -   Edit step 'Noise Reduction' failed: OpenCV(4.13.0) :-1: error: (-5:Bad argument) in function 'fastNlMeansDenoisingColored'
> Overload resolution failed:
>  - 'hForColorComponents' is an invalid keyword argument for fastNlMeansDenoisingColored()
>  - 'hForColorComponents' is an invalid keyword argument for fastNlMeansDenoisingColored()

2026-04-16 15:28:50 [WARNING] photo_editor.pipeline.apply_profile:118 -   Edit step 'Noise Reduction' failed: OpenCV(4.13.0) :-1: error: (-5:Bad argument) in function 'fastNlMeansDenoisingColored'
> Overload resolution failed:
>  - 'hForColorComponents' is an invalid keyword argument for fastNlMeansDenoisingColored()
>  - 'hForColorComponents' is an invalid keyword argument for fastNlMeansDenoisingColored()

2026-04-16 15:28:50 [DEBUG] photo_editor.pipeline.apply_profile:115 -   Applying: Sharpening (sharpen) params={'strength': 0.315, 'kernel_size': 3}
2026-04-16 15:28:50 [DEBUG] photo_editor.pipeline.apply_profile:115 -   Applying: Sharpening (sharpen) params={'strength': 0.315, 'kernel_size': 3}
2026-04-16 15:28:50 [DEBUG] photo_editor.pipeline.apply_profile:115 -   Applying: Straighten (auto_straighten) params={'strength': 0.35}
2026-04-16 15:28:50 [DEBUG] photo_editor.pipeline.apply_profile:115 -   Applying: Straighten (auto_straighten) params={'strength': 0.35}
2026-04-16 15:28:50 [DEBUG] photo_editor.edits.auto_straighten:449 - Auto-straighten: corrected -1.27° tilt
2026-04-16 15:28:50 [DEBUG] photo_editor.edits.auto_straighten:449 - Auto-straighten: corrected -1.27° tilt
2026-04-16 15:28:50 [DEBUG] photo_editor.output.save_image:194 - Saved: C:\Users\Omar.Pacheco\OneDrive - Pariveda Solutions, Inc\Pictures\Japan\Edited\1000019592_edited.jpg (413 KB, 1210×911)
2026-04-16 15:28:50 [DEBUG] photo_editor.output.save_image:194 - Saved: C:\Users\Omar.Pacheco\OneDrive - Pariveda Solutions, Inc\Pictures\Japan\Edited\1000019592_edited.jpg (413 KB, 1210×911)
2026-04-16 15:28:50 [DEBUG] photo_editor.metadata.copy_metadata:99 - Metadata copied: C:\Users\Omar.Pacheco\OneDrive - Pariveda Solutions, Inc\Pictures\Japan\1000019592.jpg → C:\Users\Omar.Pacheco\OneDrive - Pariveda Solutions, Inc\Pictures\Japan\Edited\1000019592_edited.jpg
2026-04-16 15:28:50 [DEBUG] photo_editor.metadata.copy_metadata:99 - Metadata copied: C:\Users\Omar.Pacheco\OneDrive - Pariveda Solutions, Inc\Pictures\Japan\1000019592.jpg → C:\Users\Omar.Pacheco\OneDrive - Pariveda Solutions, Inc\Pictures\Japan\Edited\1000019592_edited.jpg
2026-04-16 15:28:50 [INFO] photo_editor.pipeline.process_single_image:227 -   Done: 1000019592_edited.jpg (product, 0.2s)
2026-04-16 15:28:50 [INFO] photo_editor.pipeline.process_single_image:227 -   Done: 1000019592_edited.jpg (product, 0.2s)
2026-04-16 15:28:51 [DEBUG] photo_editor.loader._load_standard:160 - Loaded (OpenCV): C:\Users\Omar.Pacheco\OneDrive - Pariveda Solutions, Inc\Pictures\Japan\1000019592.jpg  shape=(911, 1210, 3)
2026-04-16 15:28:51 [DEBUG] photo_editor.loader._load_standard:160 - Loaded (OpenCV): C:\Users\Omar.Pacheco\OneDrive - Pariveda Solutions, Inc\Pictures\Japan\1000019592.jpg  shape=(911, 1210, 3)
2026-04-16 15:28:51 [INFO] photo_editor.pipeline.process_single_image:169 - Processing: 1000019592.jpg
2026-04-16 15:28:51 [INFO] photo_editor.pipeline.process_single_image:169 - Processing: 1000019592.jpg
2026-04-16 15:28:51 [DEBUG] photo_editor.loader._load_standard:160 - Loaded (OpenCV): C:\Users\Omar.Pacheco\OneDrive - Pariveda Solutions, Inc\Pictures\Japan\1000019592.jpg  shape=(911, 1210, 3)
2026-04-16 15:28:51 [DEBUG] photo_editor.loader._load_standard:160 - Loaded (OpenCV): C:\Users\Omar.Pacheco\OneDrive - Pariveda Solutions, Inc\Pictures\Japan\1000019592.jpg  shape=(911, 1210, 3)
2026-04-16 15:28:51 [INFO] photo_editor.profiles.get_profile:407 - Profile: style=auto, category=product, strength=medium (×0.7)
2026-04-16 15:28:51 [INFO] photo_editor.profiles.get_profile:407 - Profile: style=auto, category=product, strength=medium (×0.7)
2026-04-16 15:28:51 [DEBUG] photo_editor.pipeline.apply_profile:115 -   Applying: Auto Levels (auto_levels) params={'strength': 0.175, 'clip_percent': 0.5}
2026-04-16 15:28:51 [DEBUG] photo_editor.pipeline.apply_profile:115 -   Applying: Auto Levels (auto_levels) params={'strength': 0.175, 'clip_percent': 0.5}
2026-04-16 15:28:51 [DEBUG] photo_editor.pipeline.apply_profile:115 -   Applying: Exposure Correction (adjust_exposure) params={'strength': 0.24499999999999997, 'target_brightness': 140}
2026-04-16 15:28:51 [DEBUG] photo_editor.pipeline.apply_profile:115 -   Applying: Exposure Correction (adjust_exposure) params={'strength': 0.24499999999999997, 'target_brightness': 140}
2026-04-16 15:28:51 [DEBUG] photo_editor.pipeline.apply_profile:115 -   Applying: White Balance (adjust_white_balance) params={'strength': 0.21}
2026-04-16 15:28:51 [DEBUG] photo_editor.pipeline.apply_profile:115 -   Applying: White Balance (adjust_white_balance) params={'strength': 0.21}
2026-04-16 15:28:51 [DEBUG] photo_editor.pipeline.apply_profile:115 -   Applying: Highlight/Shadow Recovery (recover_highlights_shadows) params={'strength': 0.21}
2026-04-16 15:28:51 [DEBUG] photo_editor.pipeline.apply_profile:115 -   Applying: Highlight/Shadow Recovery (recover_highlights_shadows) params={'strength': 0.21}
2026-04-16 15:28:52 [DEBUG] photo_editor.pipeline.apply_profile:115 -   Applying: Contrast (adjust_contrast) params={'strength': 0.13999999999999999, 'clip_limit': 1.5}
2026-04-16 15:28:52 [DEBUG] photo_editor.pipeline.apply_profile:115 -   Applying: Contrast (adjust_contrast) params={'strength': 0.13999999999999999, 'clip_limit': 1.5}
2026-04-16 15:28:52 [DEBUG] photo_editor.pipeline.apply_profile:115 -   Applying: Tone Curve (apply_tone_curve) params={'strength': 0.105}
2026-04-16 15:28:52 [DEBUG] photo_editor.pipeline.apply_profile:115 -   Applying: Tone Curve (apply_tone_curve) params={'strength': 0.105}
2026-04-16 15:28:52 [DEBUG] photo_editor.pipeline.apply_profile:115 -   Applying: Vibrance (adjust_vibrance) params={'strength': 0.13999999999999999, 'amount': 15}
2026-04-16 15:28:52 [DEBUG] photo_editor.pipeline.apply_profile:115 -   Applying: Vibrance (adjust_vibrance) params={'strength': 0.13999999999999999, 'amount': 15}
2026-04-16 15:28:52 [DEBUG] photo_editor.pipeline.apply_profile:115 -   Applying: Noise Reduction (reduce_noise) params={'strength': 0.13999999999999999}
2026-04-16 15:28:52 [DEBUG] photo_editor.pipeline.apply_profile:115 -   Applying: Noise Reduction (reduce_noise) params={'strength': 0.13999999999999999}
2026-04-16 15:28:52 [WARNING] photo_editor.pipeline.apply_profile:118 -   Edit step 'Noise Reduction' failed: OpenCV(4.13.0) :-1: error: (-5:Bad argument) in function 'fastNlMeansDenoisingColored'
> Overload resolution failed:
>  - 'hForColorComponents' is an invalid keyword argument for fastNlMeansDenoisingColored()
>  - 'hForColorComponents' is an invalid keyword argument for fastNlMeansDenoisingColored()

2026-04-16 15:28:52 [WARNING] photo_editor.pipeline.apply_profile:118 -   Edit step 'Noise Reduction' failed: OpenCV(4.13.0) :-1: error: (-5:Bad argument) in function 'fastNlMeansDenoisingColored'
> Overload resolution failed:
>  - 'hForColorComponents' is an invalid keyword argument for fastNlMeansDenoisingColored()
>  - 'hForColorComponents' is an invalid keyword argument for fastNlMeansDenoisingColored()

2026-04-16 15:28:52 [DEBUG] photo_editor.pipeline.apply_profile:115 -   Applying: Sharpening (sharpen) params={'strength': 0.315, 'kernel_size': 3}
2026-04-16 15:28:52 [DEBUG] photo_editor.pipeline.apply_profile:115 -   Applying: Sharpening (sharpen) params={'strength': 0.315, 'kernel_size': 3}
2026-04-16 15:28:52 [DEBUG] photo_editor.pipeline.apply_profile:115 -   Applying: Straighten (auto_straighten) params={'strength': 0.35}
2026-04-16 15:28:52 [DEBUG] photo_editor.pipeline.apply_profile:115 -   Applying: Straighten (auto_straighten) params={'strength': 0.35}
2026-04-16 15:28:52 [DEBUG] photo_editor.edits.auto_straighten:449 - Auto-straighten: corrected -0.33° tilt
2026-04-16 15:28:52 [DEBUG] photo_editor.edits.auto_straighten:449 - Auto-straighten: corrected -0.33° tilt
2026-04-16 15:28:52 [DEBUG] photo_editor.output.save_image:194 - Saved: C:\Users\Omar.Pacheco\OneDrive - Pariveda Solutions, Inc\Pictures\Japan\Edited\1000019592_edited.jpg (411 KB, 1210×911)
2026-04-16 15:28:52 [DEBUG] photo_editor.output.save_image:194 - Saved: C:\Users\Omar.Pacheco\OneDrive - Pariveda Solutions, Inc\Pictures\Japan\Edited\1000019592_edited.jpg (411 KB, 1210×911)
2026-04-16 15:28:52 [DEBUG] photo_editor.metadata.copy_metadata:99 - Metadata copied: C:\Users\Omar.Pacheco\OneDrive - Pariveda Solutions, Inc\Pictures\Japan\1000019592.jpg → C:\Users\Omar.Pacheco\OneDrive - Pariveda Solutions, Inc\Pictures\Japan\Edited\1000019592_edited.jpg
2026-04-16 15:28:52 [DEBUG] photo_editor.metadata.copy_metadata:99 - Metadata copied: C:\Users\Omar.Pacheco\OneDrive - Pariveda Solutions, Inc\Pictures\Japan\1000019592.jpg → C:\Users\Omar.Pacheco\OneDrive - Pariveda Solutions, Inc\Pictures\Japan\Edited\1000019592_edited.jpg
2026-04-16 15:28:52 [INFO] photo_editor.pipeline.process_single_image:227 -   Done: 1000019592_edited.jpg (product, 0.3s)
2026-04-16 15:28:52 [INFO] photo_editor.pipeline.process_single_image:227 -   Done: 1000019592_edited.jpg (product, 0.3s)
2026-04-16 15:28:55 [DEBUG] photo_editor.loader._load_standard:160 - Loaded (OpenCV): C:\Users\Omar.Pacheco\OneDrive - Pariveda Solutions, Inc\Pictures\Japan\1000019592.jpg  shape=(911, 1210, 3)
2026-04-16 15:28:55 [DEBUG] photo_editor.loader._load_standard:160 - Loaded (OpenCV): C:\Users\Omar.Pacheco\OneDrive - Pariveda Solutions, Inc\Pictures\Japan\1000019592.jpg  shape=(911, 1210, 3)
2026-04-16 15:28:55 [INFO] photo_editor.pipeline.process_single_image:169 - Processing: 1000019592.jpg
2026-04-16 15:28:55 [INFO] photo_editor.pipeline.process_single_image:169 - Processing: 1000019592.jpg
2026-04-16 15:28:55 [DEBUG] photo_editor.loader._load_standard:160 - Loaded (OpenCV): C:\Users\Omar.Pacheco\OneDrive - Pariveda Solutions, Inc\Pictures\Japan\1000019592.jpg  shape=(911, 1210, 3)
2026-04-16 15:28:55 [DEBUG] photo_editor.loader._load_standard:160 - Loaded (OpenCV): C:\Users\Omar.Pacheco\OneDrive - Pariveda Solutions, Inc\Pictures\Japan\1000019592.jpg  shape=(911, 1210, 3)
2026-04-16 15:28:55 [INFO] photo_editor.profiles.get_profile:407 - Profile: style=auto, category=product, strength=medium (×0.7)
2026-04-16 15:28:55 [INFO] photo_editor.profiles.get_profile:407 - Profile: style=auto, category=product, strength=medium (×0.7)
2026-04-16 15:28:55 [DEBUG] photo_editor.pipeline.apply_profile:115 -   Applying: Auto Levels (auto_levels) params={'strength': 0.175, 'clip_percent': 0.5}
2026-04-16 15:28:55 [DEBUG] photo_editor.pipeline.apply_profile:115 -   Applying: Auto Levels (auto_levels) params={'strength': 0.175, 'clip_percent': 0.5}
2026-04-16 15:28:55 [DEBUG] photo_editor.pipeline.apply_profile:115 -   Applying: Exposure Correction (adjust_exposure) params={'strength': 0.24499999999999997, 'target_brightness': 140}
2026-04-16 15:28:55 [DEBUG] photo_editor.pipeline.apply_profile:115 -   Applying: Exposure Correction (adjust_exposure) params={'strength': 0.24499999999999997, 'target_brightness': 140}
2026-04-16 15:28:55 [DEBUG] photo_editor.pipeline.apply_profile:115 -   Applying: White Balance (adjust_white_balance) params={'strength': 0.21}
2026-04-16 15:28:55 [DEBUG] photo_editor.pipeline.apply_profile:115 -   Applying: White Balance (adjust_white_balance) params={'strength': 0.21}
2026-04-16 15:28:55 [DEBUG] photo_editor.pipeline.apply_profile:115 -   Applying: Highlight/Shadow Recovery (recover_highlights_shadows) params={'strength': 0.21}
2026-04-16 15:28:55 [DEBUG] photo_editor.pipeline.apply_profile:115 -   Applying: Highlight/Shadow Recovery (recover_highlights_shadows) params={'strength': 0.21}
2026-04-16 15:28:55 [DEBUG] photo_editor.pipeline.apply_profile:115 -   Applying: Contrast (adjust_contrast) params={'strength': 0.13999999999999999, 'clip_limit': 1.5}
2026-04-16 15:28:55 [DEBUG] photo_editor.pipeline.apply_profile:115 -   Applying: Contrast (adjust_contrast) params={'strength': 0.13999999999999999, 'clip_limit': 1.5}
2026-04-16 15:28:55 [DEBUG] photo_editor.pipeline.apply_profile:115 -   Applying: Tone Curve (apply_tone_curve) params={'strength': 0.105}
2026-04-16 15:28:55 [DEBUG] photo_editor.pipeline.apply_profile:115 -   Applying: Tone Curve (apply_tone_curve) params={'strength': 0.105}
2026-04-16 15:28:55 [DEBUG] photo_editor.pipeline.apply_profile:115 -   Applying: Vibrance (adjust_vibrance) params={'strength': 0.13999999999999999, 'amount': 15}
2026-04-16 15:28:55 [DEBUG] photo_editor.pipeline.apply_profile:115 -   Applying: Vibrance (adjust_vibrance) params={'strength': 0.13999999999999999, 'amount': 15}
2026-04-16 15:28:55 [DEBUG] photo_editor.pipeline.apply_profile:115 -   Applying: Noise Reduction (reduce_noise) params={'strength': 0.13999999999999999}
2026-04-16 15:28:55 [DEBUG] photo_editor.pipeline.apply_profile:115 -   Applying: Noise Reduction (reduce_noise) params={'strength': 0.13999999999999999}
2026-04-16 15:28:55 [WARNING] photo_editor.pipeline.apply_profile:118 -   Edit step 'Noise Reduction' failed: OpenCV(4.13.0) :-1: error: (-5:Bad argument) in function 'fastNlMeansDenoisingColored'
> Overload resolution failed:
>  - 'hForColorComponents' is an invalid keyword argument for fastNlMeansDenoisingColored()
>  - 'hForColorComponents' is an invalid keyword argument for fastNlMeansDenoisingColored()

2026-04-16 15:28:55 [WARNING] photo_editor.pipeline.apply_profile:118 -   Edit step 'Noise Reduction' failed: OpenCV(4.13.0) :-1: error: (-5:Bad argument) in function 'fastNlMeansDenoisingColored'
> Overload resolution failed:
>  - 'hForColorComponents' is an invalid keyword argument for fastNlMeansDenoisingColored()
>  - 'hForColorComponents' is an invalid keyword argument for fastNlMeansDenoisingColored()

2026-04-16 15:28:55 [DEBUG] photo_editor.pipeline.apply_profile:115 -   Applying: Sharpening (sharpen) params={'strength': 0.315, 'kernel_size': 3}
2026-04-16 15:28:55 [DEBUG] photo_editor.pipeline.apply_profile:115 -   Applying: Sharpening (sharpen) params={'strength': 0.315, 'kernel_size': 3}
2026-04-16 15:28:55 [DEBUG] photo_editor.pipeline.apply_profile:115 -   Applying: Straighten (auto_straighten) params={'strength': 0.35}
2026-04-16 15:28:55 [DEBUG] photo_editor.pipeline.apply_profile:115 -   Applying: Straighten (auto_straighten) params={'strength': 0.35}
2026-04-16 15:28:55 [DEBUG] photo_editor.edits.auto_straighten:449 - Auto-straighten: corrected -0.33° tilt
2026-04-16 15:28:55 [DEBUG] photo_editor.edits.auto_straighten:449 - Auto-straighten: corrected -0.33° tilt
2026-04-16 15:28:55 [DEBUG] photo_editor.output.save_image:194 - Saved: C:\Users\Omar.Pacheco\OneDrive - Pariveda Solutions, Inc\Pictures\Japan\Edited\1000019592_edited.jpg (411 KB, 1210×911)
2026-04-16 15:28:55 [DEBUG] photo_editor.output.save_image:194 - Saved: C:\Users\Omar.Pacheco\OneDrive - Pariveda Solutions, Inc\Pictures\Japan\Edited\1000019592_edited.jpg (411 KB, 1210×911)
2026-04-16 15:28:55 [DEBUG] photo_editor.metadata.copy_metadata:99 - Metadata copied: C:\Users\Omar.Pacheco\OneDrive - Pariveda Solutions, Inc\Pictures\Japan\1000019592.jpg → C:\Users\Omar.Pacheco\OneDrive - Pariveda Solutions, Inc\Pictures\Japan\Edited\1000019592_edited.jpg
2026-04-16 15:28:55 [DEBUG] photo_editor.metadata.copy_metadata:99 - Metadata copied: C:\Users\Omar.Pacheco\OneDrive - Pariveda Solutions, Inc\Pictures\Japan\1000019592.jpg → C:\Users\Omar.Pacheco\OneDrive - Pariveda Solutions, Inc\Pictures\Japan\Edited\1000019592_edited.jpg
2026-04-16 15:28:55 [INFO] photo_editor.pipeline.process_single_image:227 -   Done: 1000019592_edited.jpg (product, 0.3s)
2026-04-16 15:28:55 [INFO] photo_editor.pipeline.process_single_image:227 -   Done: 1000019592_edited.jpg (product, 0.3s)
2026-04-16 15:28:57 [DEBUG] photo_editor.loader._load_standard:160 - Loaded (OpenCV): C:\Users\Omar.Pacheco\OneDrive - Pariveda Solutions, Inc\Pictures\Japan\1000019592.jpg  shape=(911, 1210, 3)
2026-04-16 15:28:57 [DEBUG] photo_editor.loader._load_standard:160 - Loaded (OpenCV): C:\Users\Omar.Pacheco\OneDrive - Pariveda Solutions, Inc\Pictures\Japan\1000019592.jpg  shape=(911, 1210, 3)
2026-04-16 15:28:57 [INFO] photo_editor.pipeline.process_single_image:169 - Processing: 1000019592.jpg
2026-04-16 15:28:57 [INFO] photo_editor.pipeline.process_single_image:169 - Processing: 1000019592.jpg
2026-04-16 15:28:57 [DEBUG] photo_editor.loader._load_standard:160 - Loaded (OpenCV): C:\Users\Omar.Pacheco\OneDrive - Pariveda Solutions, Inc\Pictures\Japan\1000019592.jpg  shape=(911, 1210, 3)
2026-04-16 15:28:57 [DEBUG] photo_editor.loader._load_standard:160 - Loaded (OpenCV): C:\Users\Omar.Pacheco\OneDrive - Pariveda Solutions, Inc\Pictures\Japan\1000019592.jpg  shape=(911, 1210, 3)
2026-04-16 15:28:57 [INFO] photo_editor.profiles.get_profile:407 - Profile: style=auto, category=product, strength=medium (×0.7)
2026-04-16 15:28:57 [INFO] photo_editor.profiles.get_profile:407 - Profile: style=auto, category=product, strength=medium (×0.7)
2026-04-16 15:28:57 [DEBUG] photo_editor.pipeline.apply_profile:115 -   Applying: Auto Levels (auto_levels) params={'strength': 0.175, 'clip_percent': 0.5}
2026-04-16 15:28:57 [DEBUG] photo_editor.pipeline.apply_profile:115 -   Applying: Auto Levels (auto_levels) params={'strength': 0.175, 'clip_percent': 0.5}
2026-04-16 15:28:57 [DEBUG] photo_editor.pipeline.apply_profile:115 -   Applying: Exposure Correction (adjust_exposure) params={'strength': 0.24499999999999997, 'target_brightness': 140}
2026-04-16 15:28:57 [DEBUG] photo_editor.pipeline.apply_profile:115 -   Applying: Exposure Correction (adjust_exposure) params={'strength': 0.24499999999999997, 'target_brightness': 140}
2026-04-16 15:28:57 [DEBUG] photo_editor.pipeline.apply_profile:115 -   Applying: White Balance (adjust_white_balance) params={'strength': 0.21}
2026-04-16 15:28:57 [DEBUG] photo_editor.pipeline.apply_profile:115 -   Applying: White Balance (adjust_white_balance) params={'strength': 0.21}
2026-04-16 15:28:57 [DEBUG] photo_editor.pipeline.apply_profile:115 -   Applying: Highlight/Shadow Recovery (recover_highlights_shadows) params={'strength': 0.21}
2026-04-16 15:28:57 [DEBUG] photo_editor.pipeline.apply_profile:115 -   Applying: Highlight/Shadow Recovery (recover_highlights_shadows) params={'strength': 0.21}
2026-04-16 15:28:57 [DEBUG] photo_editor.pipeline.apply_profile:115 -   Applying: Contrast (adjust_contrast) params={'strength': 0.13999999999999999, 'clip_limit': 1.5}
2026-04-16 15:28:57 [DEBUG] photo_editor.pipeline.apply_profile:115 -   Applying: Contrast (adjust_contrast) params={'strength': 0.13999999999999999, 'clip_limit': 1.5}
2026-04-16 15:28:57 [DEBUG] photo_editor.pipeline.apply_profile:115 -   Applying: Tone Curve (apply_tone_curve) params={'strength': 0.105}
2026-04-16 15:28:57 [DEBUG] photo_editor.pipeline.apply_profile:115 -   Applying: Tone Curve (apply_tone_curve) params={'strength': 0.105}
2026-04-16 15:28:57 [DEBUG] photo_editor.pipeline.apply_profile:115 -   Applying: Vibrance (adjust_vibrance) params={'strength': 0.13999999999999999, 'amount': 15}
2026-04-16 15:28:57 [DEBUG] photo_editor.pipeline.apply_profile:115 -   Applying: Vibrance (adjust_vibrance) params={'strength': 0.13999999999999999, 'amount': 15}
2026-04-16 15:28:57 [DEBUG] photo_editor.pipeline.apply_profile:115 -   Applying: Noise Reduction (reduce_noise) params={'strength': 0.13999999999999999}
2026-04-16 15:28:57 [DEBUG] photo_editor.pipeline.apply_profile:115 -   Applying: Noise Reduction (reduce_noise) params={'strength': 0.13999999999999999}
2026-04-16 15:28:57 [WARNING] photo_editor.pipeline.apply_profile:118 -   Edit step 'Noise Reduction' failed: OpenCV(4.13.0) :-1: error: (-5:Bad argument) in function 'fastNlMeansDenoisingColored'
> Overload resolution failed:
>  - 'hForColorComponents' is an invalid keyword argument for fastNlMeansDenoisingColored()
>  - 'hForColorComponents' is an invalid keyword argument for fastNlMeansDenoisingColored()

2026-04-16 15:28:57 [WARNING] photo_editor.pipeline.apply_profile:118 -   Edit step 'Noise Reduction' failed: OpenCV(4.13.0) :-1: error: (-5:Bad argument) in function 'fastNlMeansDenoisingColored'
> Overload resolution failed:
>  - 'hForColorComponents' is an invalid keyword argument for fastNlMeansDenoisingColored()
>  - 'hForColorComponents' is an invalid keyword argument for fastNlMeansDenoisingColored()

2026-04-16 15:28:57 [DEBUG] photo_editor.pipeline.apply_profile:115 -   Applying: Sharpening (sharpen) params={'strength': 0.315, 'kernel_size': 3}
2026-04-16 15:28:57 [DEBUG] photo_editor.pipeline.apply_profile:115 -   Applying: Sharpening (sharpen) params={'strength': 0.315, 'kernel_size': 3}
2026-04-16 15:28:57 [DEBUG] photo_editor.pipeline.apply_profile:115 -   Applying: Straighten (auto_straighten) params={'strength': 0.35}
2026-04-16 15:28:57 [DEBUG] photo_editor.pipeline.apply_profile:115 -   Applying: Straighten (auto_straighten) params={'strength': 0.35}
2026-04-16 15:28:57 [DEBUG] photo_editor.edits.auto_straighten:449 - Auto-straighten: corrected -0.33° tilt
2026-04-16 15:28:57 [DEBUG] photo_editor.edits.auto_straighten:449 - Auto-straighten: corrected -0.33° tilt
2026-04-16 15:28:57 [DEBUG] photo_editor.output.save_image:194 - Saved: C:\Users\Omar.Pacheco\OneDrive - Pariveda Solutions, Inc\Pictures\Japan\Edited\1000019592_edited.jpg (411 KB, 1210×911)
2026-04-16 15:28:57 [DEBUG] photo_editor.output.save_image:194 - Saved: C:\Users\Omar.Pacheco\OneDrive - Pariveda Solutions, Inc\Pictures\Japan\Edited\1000019592_edited.jpg (411 KB, 1210×911)
2026-04-16 15:28:57 [DEBUG] photo_editor.metadata.copy_metadata:99 - Metadata copied: C:\Users\Omar.Pacheco\OneDrive - Pariveda Solutions, Inc\Pictures\Japan\1000019592.jpg → C:\Users\Omar.Pacheco\OneDrive - Pariveda Solutions, Inc\Pictures\Japan\Edited\1000019592_edited.jpg
2026-04-16 15:28:57 [DEBUG] photo_editor.metadata.copy_metadata:99 - Metadata copied: C:\Users\Omar.Pacheco\OneDrive - Pariveda Solutions, Inc\Pictures\Japan\1000019592.jpg → C:\Users\Omar.Pacheco\OneDrive - Pariveda Solutions, Inc\Pictures\Japan\Edited\1000019592_edited.jpg
2026-04-16 15:28:57 [INFO] photo_editor.pipeline.process_single_image:227 -   Done: 1000019592_edited.jpg (product, 0.3s)
2026-04-16 15:28:57 [INFO] photo_editor.pipeline.process_single_image:227 -   Done: 1000019592_edited.jpg (product, 0.3s)
2026-04-16 15:29:04 [DEBUG] photo_editor.loader._load_standard:160 - Loaded (OpenCV): C:\Users\Omar.Pacheco\OneDrive - Pariveda Solutions, Inc\Pictures\Japan\1000019603.jpg  shape=(911, 686, 3)
2026-04-16 15:29:04 [DEBUG] photo_editor.loader._load_standard:160 - Loaded (OpenCV): C:\Users\Omar.Pacheco\OneDrive - Pariveda Solutions, Inc\Pictures\Japan\1000019603.jpg  shape=(911, 686, 3)
2026-04-16 15:29:04 [DEBUG] photo_editor.classifier.classify_image:219 - Image features: {'brightness': 171.26, 'saturation': 72.89, 'colorfulness': np.float64(62.49), 'edge_density': 0.1218, 'aspect_ratio': 0.753, 'num_faces': 2, 'bg_variance': 23.93, 'width': 686, 'height': 911}
2026-04-16 15:29:04 [DEBUG] photo_editor.classifier.classify_image:219 - Image features: {'brightness': 171.26, 'saturation': 72.89, 'colorfulness': np.float64(62.49), 'edge_density': 0.1218, 'aspect_ratio': 0.753, 'num_faces': 2, 'bg_variance': 23.93, 'width': 686, 'height': 911}
2026-04-16 15:29:04 [INFO] photo_editor.classifier.classify_image:291 - Classification: event (confidence=70%, faces=2)
2026-04-16 15:29:04 [INFO] photo_editor.classifier.classify_image:291 - Classification: event (confidence=70%, faces=2)
2026-04-16 15:29:04 [DEBUG] photo_editor.loader._load_standard:160 - Loaded (OpenCV): C:\Users\Omar.Pacheco\OneDrive - Pariveda Solutions, Inc\Pictures\Japan\1000019603.jpg  shape=(911, 686, 3)
2026-04-16 15:29:04 [DEBUG] photo_editor.loader._load_standard:160 - Loaded (OpenCV): C:\Users\Omar.Pacheco\OneDrive - Pariveda Solutions, Inc\Pictures\Japan\1000019603.jpg  shape=(911, 686, 3)
2026-04-16 15:29:04 [INFO] photo_editor.pipeline.process_single_image:169 - Processing: 1000019603.jpg
2026-04-16 15:29:04 [INFO] photo_editor.pipeline.process_single_image:169 - Processing: 1000019603.jpg
2026-04-16 15:29:04 [DEBUG] photo_editor.loader._load_standard:160 - Loaded (OpenCV): C:\Users\Omar.Pacheco\OneDrive - Pariveda Solutions, Inc\Pictures\Japan\1000019603.jpg  shape=(911, 686, 3)
2026-04-16 15:29:04 [DEBUG] photo_editor.loader._load_standard:160 - Loaded (OpenCV): C:\Users\Omar.Pacheco\OneDrive - Pariveda Solutions, Inc\Pictures\Japan\1000019603.jpg  shape=(911, 686, 3)
2026-04-16 15:29:04 [DEBUG] photo_editor.classifier.classify_image:219 - Image features: {'brightness': 171.26, 'saturation': 72.89, 'colorfulness': np.float64(62.49), 'edge_density': 0.1218, 'aspect_ratio': 0.753, 'num_faces': 2, 'bg_variance': 23.71, 'width': 686, 'height': 911}
2026-04-16 15:29:04 [DEBUG] photo_editor.classifier.classify_image:219 - Image features: {'brightness': 171.26, 'saturation': 72.89, 'colorfulness': np.float64(62.49), 'edge_density': 0.1218, 'aspect_ratio': 0.753, 'num_faces': 2, 'bg_variance': 23.71, 'width': 686, 'height': 911}
2026-04-16 15:29:04 [INFO] photo_editor.classifier.classify_image:291 - Classification: event (confidence=70%, faces=2)
2026-04-16 15:29:04 [INFO] photo_editor.classifier.classify_image:291 - Classification: event (confidence=70%, faces=2)
2026-04-16 15:29:04 [INFO] photo_editor.profiles.get_profile:407 - Profile: style=auto, category=event, strength=medium (×0.7)
2026-04-16 15:29:04 [INFO] photo_editor.profiles.get_profile:407 - Profile: style=auto, category=event, strength=medium (×0.7)
2026-04-16 15:29:04 [DEBUG] photo_editor.pipeline.apply_profile:115 -   Applying: Auto Levels (auto_levels) params={'strength': 0.175, 'clip_percent': 0.5}
2026-04-16 15:29:04 [DEBUG] photo_editor.pipeline.apply_profile:115 -   Applying: Auto Levels (auto_levels) params={'strength': 0.175, 'clip_percent': 0.5}
2026-04-16 15:29:04 [DEBUG] photo_editor.pipeline.apply_profile:115 -   Applying: Exposure Correction (adjust_exposure) params={'strength': 0.24499999999999997, 'target_brightness': 128}
2026-04-16 15:29:04 [DEBUG] photo_editor.pipeline.apply_profile:115 -   Applying: Exposure Correction (adjust_exposure) params={'strength': 0.24499999999999997, 'target_brightness': 128}
2026-04-16 15:29:04 [DEBUG] photo_editor.pipeline.apply_profile:115 -   Applying: White Balance (adjust_white_balance) params={'strength': 0.35}
2026-04-16 15:29:04 [DEBUG] photo_editor.pipeline.apply_profile:115 -   Applying: White Balance (adjust_white_balance) params={'strength': 0.35}
2026-04-16 15:29:04 [DEBUG] photo_editor.pipeline.apply_profile:115 -   Applying: Highlight/Shadow Recovery (recover_highlights_shadows) params={'strength': 0.21}
2026-04-16 15:29:04 [DEBUG] photo_editor.pipeline.apply_profile:115 -   Applying: Highlight/Shadow Recovery (recover_highlights_shadows) params={'strength': 0.21}
2026-04-16 15:29:04 [DEBUG] photo_editor.pipeline.apply_profile:115 -   Applying: Contrast (adjust_contrast) params={'strength': 0.13999999999999999, 'clip_limit': 1.5}
2026-04-16 15:29:04 [DEBUG] photo_editor.pipeline.apply_profile:115 -   Applying: Contrast (adjust_contrast) params={'strength': 0.13999999999999999, 'clip_limit': 1.5}
2026-04-16 15:29:04 [DEBUG] photo_editor.pipeline.apply_profile:115 -   Applying: Tone Curve (apply_tone_curve) params={'strength': 0.105}
2026-04-16 15:29:04 [DEBUG] photo_editor.pipeline.apply_profile:115 -   Applying: Tone Curve (apply_tone_curve) params={'strength': 0.105}
2026-04-16 15:29:04 [DEBUG] photo_editor.pipeline.apply_profile:115 -   Applying: Vibrance (adjust_vibrance) params={'strength': 0.24499999999999997, 'amount': 15}
2026-04-16 15:29:04 [DEBUG] photo_editor.pipeline.apply_profile:115 -   Applying: Vibrance (adjust_vibrance) params={'strength': 0.24499999999999997, 'amount': 15}
2026-04-16 15:29:04 [DEBUG] photo_editor.pipeline.apply_profile:115 -   Applying: Noise Reduction (reduce_noise) params={'strength': 0.13999999999999999}
2026-04-16 15:29:04 [DEBUG] photo_editor.pipeline.apply_profile:115 -   Applying: Noise Reduction (reduce_noise) params={'strength': 0.13999999999999999}
2026-04-16 15:29:04 [WARNING] photo_editor.pipeline.apply_profile:118 -   Edit step 'Noise Reduction' failed: OpenCV(4.13.0) :-1: error: (-5:Bad argument) in function 'fastNlMeansDenoisingColored'
> Overload resolution failed:
>  - 'hForColorComponents' is an invalid keyword argument for fastNlMeansDenoisingColored()
>  - 'hForColorComponents' is an invalid keyword argument for fastNlMeansDenoisingColored()

2026-04-16 15:29:04 [WARNING] photo_editor.pipeline.apply_profile:118 -   Edit step 'Noise Reduction' failed: OpenCV(4.13.0) :-1: error: (-5:Bad argument) in function 'fastNlMeansDenoisingColored'
> Overload resolution failed:
>  - 'hForColorComponents' is an invalid keyword argument for fastNlMeansDenoisingColored()
>  - 'hForColorComponents' is an invalid keyword argument for fastNlMeansDenoisingColored()

2026-04-16 15:29:04 [DEBUG] photo_editor.pipeline.apply_profile:115 -   Applying: Sharpening (sharpen) params={'strength': 0.175, 'kernel_size': 3}
2026-04-16 15:29:04 [DEBUG] photo_editor.pipeline.apply_profile:115 -   Applying: Sharpening (sharpen) params={'strength': 0.175, 'kernel_size': 3}
2026-04-16 15:29:04 [DEBUG] photo_editor.pipeline.apply_profile:115 -   Applying: Straighten (auto_straighten) params={'strength': 0.35}
2026-04-16 15:29:04 [DEBUG] photo_editor.pipeline.apply_profile:115 -   Applying: Straighten (auto_straighten) params={'strength': 0.35}
2026-04-16 15:29:05 [DEBUG] photo_editor.output.save_image:194 - Saved: C:\Users\Omar.Pacheco\OneDrive - Pariveda Solutions, Inc\Pictures\Japan\Edited\1000019603_edited.jpg (226 KB, 686×911)
2026-04-16 15:29:05 [DEBUG] photo_editor.output.save_image:194 - Saved: C:\Users\Omar.Pacheco\OneDrive - Pariveda Solutions, Inc\Pictures\Japan\Edited\1000019603_edited.jpg (226 KB, 686×911)
2026-04-16 15:29:05 [DEBUG] photo_editor.metadata.copy_metadata:99 - Metadata copied: C:\Users\Omar.Pacheco\OneDrive - Pariveda Solutions, Inc\Pictures\Japan\1000019603.jpg → C:\Users\Omar.Pacheco\OneDrive - Pariveda Solutions, Inc\Pictures\Japan\Edited\1000019603_edited.jpg
2026-04-16 15:29:05 [DEBUG] photo_editor.metadata.copy_metadata:99 - Metadata copied: C:\Users\Omar.Pacheco\OneDrive - Pariveda Solutions, Inc\Pictures\Japan\1000019603.jpg → C:\Users\Omar.Pacheco\OneDrive - Pariveda Solutions, Inc\Pictures\Japan\Edited\1000019603_edited.jpg
2026-04-16 15:29:05 [INFO] photo_editor.pipeline.process_single_image:227 -   Done: 1000019603_edited.jpg (event, 0.2s)
2026-04-16 15:29:05 [INFO] photo_editor.pipeline.process_single_image:227 -   Done: 1000019603_edited.jpg (event, 0.2s)
2026-04-16 15:29:20 [DEBUG] photo_editor.loader._load_standard:160 - Loaded (OpenCV): C:\Users\Omar.Pacheco\OneDrive - Pariveda Solutions, Inc\Pictures\Japan\1000019606.jpg  shape=(911, 686, 3)
2026-04-16 15:29:20 [DEBUG] photo_editor.loader._load_standard:160 - Loaded (OpenCV): C:\Users\Omar.Pacheco\OneDrive - Pariveda Solutions, Inc\Pictures\Japan\1000019606.jpg  shape=(911, 686, 3)
2026-04-16 15:29:20 [DEBUG] photo_editor.classifier.classify_image:219 - Image features: {'brightness': 126.59, 'saturation': 87.43, 'colorfulness': np.float64(61.69), 'edge_density': 0.0508, 'aspect_ratio': 0.753, 'num_faces': 2, 'bg_variance': 26.11, 'width': 686, 'height': 911}
2026-04-16 15:29:20 [DEBUG] photo_editor.classifier.classify_image:219 - Image features: {'brightness': 126.59, 'saturation': 87.43, 'colorfulness': np.float64(61.69), 'edge_density': 0.0508, 'aspect_ratio': 0.753, 'num_faces': 2, 'bg_variance': 26.11, 'width': 686, 'height': 911}
2026-04-16 15:29:20 [INFO] photo_editor.classifier.classify_image:291 - Classification: event (confidence=70%, faces=2)
2026-04-16 15:29:20 [INFO] photo_editor.classifier.classify_image:291 - Classification: event (confidence=70%, faces=2)
2026-04-16 15:29:20 [DEBUG] photo_editor.loader._load_standard:160 - Loaded (OpenCV): C:\Users\Omar.Pacheco\OneDrive - Pariveda Solutions, Inc\Pictures\Japan\1000019606.jpg  shape=(911, 686, 3)
2026-04-16 15:29:20 [DEBUG] photo_editor.loader._load_standard:160 - Loaded (OpenCV): C:\Users\Omar.Pacheco\OneDrive - Pariveda Solutions, Inc\Pictures\Japan\1000019606.jpg  shape=(911, 686, 3)
2026-04-16 15:29:20 [INFO] photo_editor.pipeline.process_single_image:169 - Processing: 1000019606.jpg
2026-04-16 15:29:20 [INFO] photo_editor.pipeline.process_single_image:169 - Processing: 1000019606.jpg
2026-04-16 15:29:20 [DEBUG] photo_editor.loader._load_standard:160 - Loaded (OpenCV): C:\Users\Omar.Pacheco\OneDrive - Pariveda Solutions, Inc\Pictures\Japan\1000019606.jpg  shape=(911, 686, 3)
2026-04-16 15:29:20 [DEBUG] photo_editor.loader._load_standard:160 - Loaded (OpenCV): C:\Users\Omar.Pacheco\OneDrive - Pariveda Solutions, Inc\Pictures\Japan\1000019606.jpg  shape=(911, 686, 3)
2026-04-16 15:29:20 [DEBUG] photo_editor.classifier.classify_image:219 - Image features: {'brightness': 126.59, 'saturation': 87.43, 'colorfulness': np.float64(61.69), 'edge_density': 0.0508, 'aspect_ratio': 0.753, 'num_faces': 2, 'bg_variance': 26.16, 'width': 686, 'height': 911}
2026-04-16 15:29:20 [DEBUG] photo_editor.classifier.classify_image:219 - Image features: {'brightness': 126.59, 'saturation': 87.43, 'colorfulness': np.float64(61.69), 'edge_density': 0.0508, 'aspect_ratio': 0.753, 'num_faces': 2, 'bg_variance': 26.16, 'width': 686, 'height': 911}
2026-04-16 15:29:20 [INFO] photo_editor.classifier.classify_image:291 - Classification: event (confidence=70%, faces=2)
2026-04-16 15:29:20 [INFO] photo_editor.classifier.classify_image:291 - Classification: event (confidence=70%, faces=2)
2026-04-16 15:29:20 [INFO] photo_editor.profiles.get_profile:407 - Profile: style=auto, category=event, strength=medium (×0.7)
2026-04-16 15:29:20 [INFO] photo_editor.profiles.get_profile:407 - Profile: style=auto, category=event, strength=medium (×0.7)
2026-04-16 15:29:20 [DEBUG] photo_editor.pipeline.apply_profile:115 -   Applying: Auto Levels (auto_levels) params={'strength': 0.175, 'clip_percent': 0.5}
2026-04-16 15:29:20 [DEBUG] photo_editor.pipeline.apply_profile:115 -   Applying: Auto Levels (auto_levels) params={'strength': 0.175, 'clip_percent': 0.5}
2026-04-16 15:29:20 [DEBUG] photo_editor.pipeline.apply_profile:115 -   Applying: Exposure Correction (adjust_exposure) params={'strength': 0.24499999999999997, 'target_brightness': 128}
2026-04-16 15:29:20 [DEBUG] photo_editor.pipeline.apply_profile:115 -   Applying: Exposure Correction (adjust_exposure) params={'strength': 0.24499999999999997, 'target_brightness': 128}
2026-04-16 15:29:20 [DEBUG] photo_editor.pipeline.apply_profile:115 -   Applying: White Balance (adjust_white_balance) params={'strength': 0.35}
2026-04-16 15:29:20 [DEBUG] photo_editor.pipeline.apply_profile:115 -   Applying: White Balance (adjust_white_balance) params={'strength': 0.35}
2026-04-16 15:29:20 [DEBUG] photo_editor.pipeline.apply_profile:115 -   Applying: Highlight/Shadow Recovery (recover_highlights_shadows) params={'strength': 0.21}
2026-04-16 15:29:20 [DEBUG] photo_editor.pipeline.apply_profile:115 -   Applying: Highlight/Shadow Recovery (recover_highlights_shadows) params={'strength': 0.21}
2026-04-16 15:29:20 [DEBUG] photo_editor.pipeline.apply_profile:115 -   Applying: Contrast (adjust_contrast) params={'strength': 0.13999999999999999, 'clip_limit': 1.5}
2026-04-16 15:29:20 [DEBUG] photo_editor.pipeline.apply_profile:115 -   Applying: Contrast (adjust_contrast) params={'strength': 0.13999999999999999, 'clip_limit': 1.5}
2026-04-16 15:29:20 [DEBUG] photo_editor.pipeline.apply_profile:115 -   Applying: Tone Curve (apply_tone_curve) params={'strength': 0.105}
2026-04-16 15:29:20 [DEBUG] photo_editor.pipeline.apply_profile:115 -   Applying: Tone Curve (apply_tone_curve) params={'strength': 0.105}
2026-04-16 15:29:20 [DEBUG] photo_editor.pipeline.apply_profile:115 -   Applying: Vibrance (adjust_vibrance) params={'strength': 0.24499999999999997, 'amount': 15}
2026-04-16 15:29:20 [DEBUG] photo_editor.pipeline.apply_profile:115 -   Applying: Vibrance (adjust_vibrance) params={'strength': 0.24499999999999997, 'amount': 15}
2026-04-16 15:29:20 [DEBUG] photo_editor.pipeline.apply_profile:115 -   Applying: Noise Reduction (reduce_noise) params={'strength': 0.13999999999999999}
2026-04-16 15:29:20 [DEBUG] photo_editor.pipeline.apply_profile:115 -   Applying: Noise Reduction (reduce_noise) params={'strength': 0.13999999999999999}
2026-04-16 15:29:20 [WARNING] photo_editor.pipeline.apply_profile:118 -   Edit step 'Noise Reduction' failed: OpenCV(4.13.0) :-1: error: (-5:Bad argument) in function 'fastNlMeansDenoisingColored'
> Overload resolution failed:
>  - 'hForColorComponents' is an invalid keyword argument for fastNlMeansDenoisingColored()
>  - 'hForColorComponents' is an invalid keyword argument for fastNlMeansDenoisingColored()

2026-04-16 15:29:20 [WARNING] photo_editor.pipeline.apply_profile:118 -   Edit step 'Noise Reduction' failed: OpenCV(4.13.0) :-1: error: (-5:Bad argument) in function 'fastNlMeansDenoisingColored'
> Overload resolution failed:
>  - 'hForColorComponents' is an invalid keyword argument for fastNlMeansDenoisingColored()
>  - 'hForColorComponents' is an invalid keyword argument for fastNlMeansDenoisingColored()

2026-04-16 15:29:20 [DEBUG] photo_editor.pipeline.apply_profile:115 -   Applying: Sharpening (sharpen) params={'strength': 0.175, 'kernel_size': 3}
2026-04-16 15:29:20 [DEBUG] photo_editor.pipeline.apply_profile:115 -   Applying: Sharpening (sharpen) params={'strength': 0.175, 'kernel_size': 3}
2026-04-16 15:29:20 [DEBUG] photo_editor.pipeline.apply_profile:115 -   Applying: Straighten (auto_straighten) params={'strength': 0.35}
2026-04-16 15:29:20 [DEBUG] photo_editor.pipeline.apply_profile:115 -   Applying: Straighten (auto_straighten) params={'strength': 0.35}
2026-04-16 15:29:20 [DEBUG] photo_editor.output.save_image:194 - Saved: C:\Users\Omar.Pacheco\OneDrive - Pariveda Solutions, Inc\Pictures\Japan\Edited\1000019606_edited.jpg (150 KB, 686×911)
2026-04-16 15:29:20 [DEBUG] photo_editor.output.save_image:194 - Saved: C:\Users\Omar.Pacheco\OneDrive - Pariveda Solutions, Inc\Pictures\Japan\Edited\1000019606_edited.jpg (150 KB, 686×911)
2026-04-16 15:29:20 [DEBUG] photo_editor.metadata.copy_metadata:99 - Metadata copied: C:\Users\Omar.Pacheco\OneDrive - Pariveda Solutions, Inc\Pictures\Japan\1000019606.jpg → C:\Users\Omar.Pacheco\OneDrive - Pariveda Solutions, Inc\Pictures\Japan\Edited\1000019606_edited.jpg
2026-04-16 15:29:20 [DEBUG] photo_editor.metadata.copy_metadata:99 - Metadata copied: C:\Users\Omar.Pacheco\OneDrive - Pariveda Solutions, Inc\Pictures\Japan\1000019606.jpg → C:\Users\Omar.Pacheco\OneDrive - Pariveda Solutions, Inc\Pictures\Japan\Edited\1000019606_edited.jpg
2026-04-16 15:29:20 [INFO] photo_editor.pipeline.process_single_image:227 -   Done: 1000019606_edited.jpg (event, 0.2s)
2026-04-16 15:29:20 [INFO] photo_editor.pipeline.process_single_image:227 -   Done: 1000019606_edited.jpg (event, 0.2s)
2026-04-16 15:29:32 [DEBUG] photo_editor.loader._load_standard:160 - Loaded (OpenCV): C:\Users\Omar.Pacheco\OneDrive - Pariveda Solutions, Inc\Pictures\Japan\1Q5A0017.jpg  shape=(911, 1367, 3)
2026-04-16 15:29:32 [DEBUG] photo_editor.loader._load_standard:160 - Loaded (OpenCV): C:\Users\Omar.Pacheco\OneDrive - Pariveda Solutions, Inc\Pictures\Japan\1Q5A0017.jpg  shape=(911, 1367, 3)
2026-04-16 15:29:32 [DEBUG] photo_editor.classifier.classify_image:219 - Image features: {'brightness': 41.69, 'saturation': 66.63, 'colorfulness': np.float64(10.55), 'edge_density': 0.0062, 'aspect_ratio': 1.501, 'num_faces': 1, 'bg_variance': 15.29, 'width': 1367, 'height': 911}
2026-04-16 15:29:32 [DEBUG] photo_editor.classifier.classify_image:219 - Image features: {'brightness': 41.69, 'saturation': 66.63, 'colorfulness': np.float64(10.55), 'edge_density': 0.0062, 'aspect_ratio': 1.501, 'num_faces': 1, 'bg_variance': 15.29, 'width': 1367, 'height': 911}
2026-04-16 15:29:32 [INFO] photo_editor.classifier.classify_image:291 - Classification: night (confidence=67%, faces=1)
2026-04-16 15:29:32 [INFO] photo_editor.classifier.classify_image:291 - Classification: night (confidence=67%, faces=1)
2026-04-16 15:29:32 [DEBUG] photo_editor.loader._load_standard:160 - Loaded (OpenCV): C:\Users\Omar.Pacheco\OneDrive - Pariveda Solutions, Inc\Pictures\Japan\1Q5A0017.jpg  shape=(911, 1367, 3)
2026-04-16 15:29:32 [DEBUG] photo_editor.loader._load_standard:160 - Loaded (OpenCV): C:\Users\Omar.Pacheco\OneDrive - Pariveda Solutions, Inc\Pictures\Japan\1Q5A0017.jpg  shape=(911, 1367, 3)
2026-04-16 15:29:32 [INFO] photo_editor.pipeline.process_single_image:169 - Processing: 1Q5A0017.jpg
2026-04-16 15:29:32 [INFO] photo_editor.pipeline.process_single_image:169 - Processing: 1Q5A0017.jpg
2026-04-16 15:29:32 [DEBUG] photo_editor.loader._load_standard:160 - Loaded (OpenCV): C:\Users\Omar.Pacheco\OneDrive - Pariveda Solutions, Inc\Pictures\Japan\1Q5A0017.jpg  shape=(911, 1367, 3)
2026-04-16 15:29:32 [DEBUG] photo_editor.loader._load_standard:160 - Loaded (OpenCV): C:\Users\Omar.Pacheco\OneDrive - Pariveda Solutions, Inc\Pictures\Japan\1Q5A0017.jpg  shape=(911, 1367, 3)
2026-04-16 15:29:32 [DEBUG] photo_editor.classifier.classify_image:219 - Image features: {'brightness': 41.69, 'saturation': 66.63, 'colorfulness': np.float64(10.55), 'edge_density': 0.0062, 'aspect_ratio': 1.501, 'num_faces': 1, 'bg_variance': 15.27, 'width': 1367, 'height': 911}
2026-04-16 15:29:32 [DEBUG] photo_editor.classifier.classify_image:219 - Image features: {'brightness': 41.69, 'saturation': 66.63, 'colorfulness': np.float64(10.55), 'edge_density': 0.0062, 'aspect_ratio': 1.501, 'num_faces': 1, 'bg_variance': 15.27, 'width': 1367, 'height': 911}
2026-04-16 15:29:32 [INFO] photo_editor.classifier.classify_image:291 - Classification: night (confidence=67%, faces=1)
2026-04-16 15:29:32 [INFO] photo_editor.classifier.classify_image:291 - Classification: night (confidence=67%, faces=1)
2026-04-16 15:29:32 [INFO] photo_editor.profiles.get_profile:407 - Profile: style=auto, category=night, strength=medium (×0.7)
2026-04-16 15:29:32 [INFO] photo_editor.profiles.get_profile:407 - Profile: style=auto, category=night, strength=medium (×0.7)
2026-04-16 15:29:32 [DEBUG] photo_editor.pipeline.apply_profile:115 -   Applying: Auto Levels (auto_levels) params={'strength': 0.35, 'clip_percent': 1.5}
2026-04-16 15:29:32 [DEBUG] photo_editor.pipeline.apply_profile:115 -   Applying: Auto Levels (auto_levels) params={'strength': 0.35, 'clip_percent': 1.5}
2026-04-16 15:29:32 [DEBUG] photo_editor.pipeline.apply_profile:115 -   Applying: Exposure Correction (adjust_exposure) params={'strength': 0.35, 'target_brightness': 90}
2026-04-16 15:29:32 [DEBUG] photo_editor.pipeline.apply_profile:115 -   Applying: Exposure Correction (adjust_exposure) params={'strength': 0.35, 'target_brightness': 90}
2026-04-16 15:29:32 [DEBUG] photo_editor.pipeline.apply_profile:115 -   Applying: White Balance (adjust_white_balance) params={'strength': 0.24499999999999997}
2026-04-16 15:29:32 [DEBUG] photo_editor.pipeline.apply_profile:115 -   Applying: White Balance (adjust_white_balance) params={'strength': 0.24499999999999997}
2026-04-16 15:29:32 [DEBUG] photo_editor.pipeline.apply_profile:115 -   Applying: Highlight/Shadow Recovery (recover_highlights_shadows) params={'strength': 0.21}
2026-04-16 15:29:32 [DEBUG] photo_editor.pipeline.apply_profile:115 -   Applying: Highlight/Shadow Recovery (recover_highlights_shadows) params={'strength': 0.21}
2026-04-16 15:29:32 [DEBUG] photo_editor.pipeline.apply_profile:115 -   Applying: Contrast (adjust_contrast) params={'strength': 0.5599999999999999, 'clip_limit': 3.0}
2026-04-16 15:29:32 [DEBUG] photo_editor.pipeline.apply_profile:115 -   Applying: Contrast (adjust_contrast) params={'strength': 0.5599999999999999, 'clip_limit': 3.0}
2026-04-16 15:29:32 [DEBUG] photo_editor.pipeline.apply_profile:115 -   Applying: Tone Curve (apply_tone_curve) params={'strength': 0.42}
2026-04-16 15:29:32 [DEBUG] photo_editor.pipeline.apply_profile:115 -   Applying: Tone Curve (apply_tone_curve) params={'strength': 0.42}
2026-04-16 15:29:32 [DEBUG] photo_editor.pipeline.apply_profile:115 -   Applying: Vibrance (adjust_vibrance) params={'strength': 0.27999999999999997, 'amount': 25}
2026-04-16 15:29:32 [DEBUG] photo_editor.pipeline.apply_profile:115 -   Applying: Vibrance (adjust_vibrance) params={'strength': 0.27999999999999997, 'amount': 25}
2026-04-16 15:29:32 [DEBUG] photo_editor.pipeline.apply_profile:115 -   Applying: Noise Reduction (reduce_noise) params={'strength': 0.24499999999999997}
2026-04-16 15:29:32 [DEBUG] photo_editor.pipeline.apply_profile:115 -   Applying: Noise Reduction (reduce_noise) params={'strength': 0.24499999999999997}
2026-04-16 15:29:32 [WARNING] photo_editor.pipeline.apply_profile:118 -   Edit step 'Noise Reduction' failed: OpenCV(4.13.0) :-1: error: (-5:Bad argument) in function 'fastNlMeansDenoisingColored'
> Overload resolution failed:
>  - 'hForColorComponents' is an invalid keyword argument for fastNlMeansDenoisingColored()
>  - 'hForColorComponents' is an invalid keyword argument for fastNlMeansDenoisingColored()

2026-04-16 15:29:32 [WARNING] photo_editor.pipeline.apply_profile:118 -   Edit step 'Noise Reduction' failed: OpenCV(4.13.0) :-1: error: (-5:Bad argument) in function 'fastNlMeansDenoisingColored'
> Overload resolution failed:
>  - 'hForColorComponents' is an invalid keyword argument for fastNlMeansDenoisingColored()
>  - 'hForColorComponents' is an invalid keyword argument for fastNlMeansDenoisingColored()

2026-04-16 15:29:32 [DEBUG] photo_editor.pipeline.apply_profile:115 -   Applying: Sharpening (sharpen) params={'strength': 0.35, 'kernel_size': 3}
2026-04-16 15:29:32 [DEBUG] photo_editor.pipeline.apply_profile:115 -   Applying: Sharpening (sharpen) params={'strength': 0.35, 'kernel_size': 3}
2026-04-16 15:29:32 [DEBUG] photo_editor.pipeline.apply_profile:115 -   Applying: Straighten (auto_straighten) params={'strength': 0.35}
2026-04-16 15:29:32 [DEBUG] photo_editor.pipeline.apply_profile:115 -   Applying: Straighten (auto_straighten) params={'strength': 0.35}
2026-04-16 15:29:32 [DEBUG] photo_editor.edits.auto_straighten:449 - Auto-straighten: corrected -0.00° tilt
2026-04-16 15:29:32 [DEBUG] photo_editor.edits.auto_straighten:449 - Auto-straighten: corrected -0.00° tilt
2026-04-16 15:29:32 [DEBUG] photo_editor.pipeline.apply_profile:115 -   Applying: Vignette (apply_vignette) params={'strength': 0.27999999999999997}
2026-04-16 15:29:32 [DEBUG] photo_editor.pipeline.apply_profile:115 -   Applying: Vignette (apply_vignette) params={'strength': 0.27999999999999997}
2026-04-16 15:29:32 [DEBUG] photo_editor.output.save_image:194 - Saved: C:\Users\Omar.Pacheco\OneDrive - Pariveda Solutions, Inc\Pictures\Japan\Edited\1Q5A0017_edited.jpg (194 KB, 1367×911)
2026-04-16 15:29:32 [DEBUG] photo_editor.output.save_image:194 - Saved: C:\Users\Omar.Pacheco\OneDrive - Pariveda Solutions, Inc\Pictures\Japan\Edited\1Q5A0017_edited.jpg (194 KB, 1367×911)
2026-04-16 15:29:32 [DEBUG] photo_editor.metadata.copy_metadata:99 - Metadata copied: C:\Users\Omar.Pacheco\OneDrive - Pariveda Solutions, Inc\Pictures\Japan\1Q5A0017.jpg → C:\Users\Omar.Pacheco\OneDrive - Pariveda Solutions, Inc\Pictures\Japan\Edited\1Q5A0017_edited.jpg
2026-04-16 15:29:32 [DEBUG] photo_editor.metadata.copy_metadata:99 - Metadata copied: C:\Users\Omar.Pacheco\OneDrive - Pariveda Solutions, Inc\Pictures\Japan\1Q5A0017.jpg → C:\Users\Omar.Pacheco\OneDrive - Pariveda Solutions, Inc\Pictures\Japan\Edited\1Q5A0017_edited.jpg
2026-04-16 15:29:32 [INFO] photo_editor.pipeline.process_single_image:227 -   Done: 1Q5A0017_edited.jpg (night, 0.4s)
2026-04-16 15:29:32 [INFO] photo_editor.pipeline.process_single_image:227 -   Done: 1Q5A0017_edited.jpg (night, 0.4s)
2026-04-16 15:29:41 [DEBUG] photo_editor.loader._load_standard:160 - Loaded (OpenCV): C:\Users\Omar.Pacheco\OneDrive - Pariveda Solutions, Inc\Pictures\Japan\1Q5A0017.jpg  shape=(911, 1367, 3)
2026-04-16 15:29:41 [DEBUG] photo_editor.loader._load_standard:160 - Loaded (OpenCV): C:\Users\Omar.Pacheco\OneDrive - Pariveda Solutions, Inc\Pictures\Japan\1Q5A0017.jpg  shape=(911, 1367, 3)
2026-04-16 15:29:41 [INFO] photo_editor.pipeline.process_single_image:169 - Processing: 1Q5A0017.jpg
2026-04-16 15:29:41 [INFO] photo_editor.pipeline.process_single_image:169 - Processing: 1Q5A0017.jpg
2026-04-16 15:29:41 [DEBUG] photo_editor.loader._load_standard:160 - Loaded (OpenCV): C:\Users\Omar.Pacheco\OneDrive - Pariveda Solutions, Inc\Pictures\Japan\1Q5A0017.jpg  shape=(911, 1367, 3)
2026-04-16 15:29:41 [DEBUG] photo_editor.loader._load_standard:160 - Loaded (OpenCV): C:\Users\Omar.Pacheco\OneDrive - Pariveda Solutions, Inc\Pictures\Japan\1Q5A0017.jpg  shape=(911, 1367, 3)
2026-04-16 15:29:41 [DEBUG] photo_editor.classifier.classify_image:219 - Image features: {'brightness': 41.69, 'saturation': 66.63, 'colorfulness': np.float64(10.55), 'edge_density': 0.0062, 'aspect_ratio': 1.501, 'num_faces': 1, 'bg_variance': 15.27, 'width': 1367, 'height': 911}
2026-04-16 15:29:41 [DEBUG] photo_editor.classifier.classify_image:219 - Image features: {'brightness': 41.69, 'saturation': 66.63, 'colorfulness': np.float64(10.55), 'edge_density': 0.0062, 'aspect_ratio': 1.501, 'num_faces': 1, 'bg_variance': 15.27, 'width': 1367, 'height': 911}
2026-04-16 15:29:41 [INFO] photo_editor.classifier.classify_image:291 - Classification: night (confidence=67%, faces=1)
2026-04-16 15:29:41 [INFO] photo_editor.classifier.classify_image:291 - Classification: night (confidence=67%, faces=1)
2026-04-16 15:29:41 [INFO] photo_editor.profiles.get_profile:407 - Profile: style=natural, category=night, strength=medium (×0.7)
2026-04-16 15:29:41 [INFO] photo_editor.profiles.get_profile:407 - Profile: style=natural, category=night, strength=medium (×0.7)
2026-04-16 15:29:41 [DEBUG] photo_editor.pipeline.apply_profile:115 -   Applying: Auto Levels (auto_levels) params={'strength': 0.175, 'clip_percent': 0.5}
2026-04-16 15:29:41 [DEBUG] photo_editor.pipeline.apply_profile:115 -   Applying: Auto Levels (auto_levels) params={'strength': 0.175, 'clip_percent': 0.5}
2026-04-16 15:29:41 [DEBUG] photo_editor.pipeline.apply_profile:115 -   Applying: Exposure Correction (adjust_exposure) params={'strength': 0.24499999999999997, 'target_brightness': 100}
2026-04-16 15:29:41 [DEBUG] photo_editor.pipeline.apply_profile:115 -   Applying: Exposure Correction (adjust_exposure) params={'strength': 0.24499999999999997, 'target_brightness': 100}
2026-04-16 15:29:41 [DEBUG] photo_editor.pipeline.apply_profile:115 -   Applying: White Balance (adjust_white_balance) params={'strength': 0.21}
2026-04-16 15:29:41 [DEBUG] photo_editor.pipeline.apply_profile:115 -   Applying: White Balance (adjust_white_balance) params={'strength': 0.21}
2026-04-16 15:29:41 [DEBUG] photo_editor.pipeline.apply_profile:115 -   Applying: Highlight/Shadow Recovery (recover_highlights_shadows) params={'strength': 0.27999999999999997}
2026-04-16 15:29:41 [DEBUG] photo_editor.pipeline.apply_profile:115 -   Applying: Highlight/Shadow Recovery (recover_highlights_shadows) params={'strength': 0.27999999999999997}
2026-04-16 15:29:41 [DEBUG] photo_editor.pipeline.apply_profile:115 -   Applying: Contrast (adjust_contrast) params={'strength': 0.13999999999999999, 'clip_limit': 1.5}
2026-04-16 15:29:41 [DEBUG] photo_editor.pipeline.apply_profile:115 -   Applying: Contrast (adjust_contrast) params={'strength': 0.13999999999999999, 'clip_limit': 1.5}
2026-04-16 15:29:41 [DEBUG] photo_editor.pipeline.apply_profile:115 -   Applying: Tone Curve (apply_tone_curve) params={'strength': 0.105}
2026-04-16 15:29:41 [DEBUG] photo_editor.pipeline.apply_profile:115 -   Applying: Tone Curve (apply_tone_curve) params={'strength': 0.105}
2026-04-16 15:29:41 [DEBUG] photo_editor.pipeline.apply_profile:115 -   Applying: Vibrance (adjust_vibrance) params={'strength': 0.13999999999999999, 'amount': 15}
2026-04-16 15:29:41 [DEBUG] photo_editor.pipeline.apply_profile:115 -   Applying: Vibrance (adjust_vibrance) params={'strength': 0.13999999999999999, 'amount': 15}
2026-04-16 15:29:41 [DEBUG] photo_editor.pipeline.apply_profile:115 -   Applying: Noise Reduction (reduce_noise) params={'strength': 0.27999999999999997}
2026-04-16 15:29:41 [DEBUG] photo_editor.pipeline.apply_profile:115 -   Applying: Noise Reduction (reduce_noise) params={'strength': 0.27999999999999997}
2026-04-16 15:29:41 [WARNING] photo_editor.pipeline.apply_profile:118 -   Edit step 'Noise Reduction' failed: OpenCV(4.13.0) :-1: error: (-5:Bad argument) in function 'fastNlMeansDenoisingColored'
> Overload resolution failed:
>  - 'hForColorComponents' is an invalid keyword argument for fastNlMeansDenoisingColored()
>  - 'hForColorComponents' is an invalid keyword argument for fastNlMeansDenoisingColored()

2026-04-16 15:29:41 [WARNING] photo_editor.pipeline.apply_profile:118 -   Edit step 'Noise Reduction' failed: OpenCV(4.13.0) :-1: error: (-5:Bad argument) in function 'fastNlMeansDenoisingColored'
> Overload resolution failed:
>  - 'hForColorComponents' is an invalid keyword argument for fastNlMeansDenoisingColored()
>  - 'hForColorComponents' is an invalid keyword argument for fastNlMeansDenoisingColored()

2026-04-16 15:29:41 [DEBUG] photo_editor.pipeline.apply_profile:115 -   Applying: Sharpening (sharpen) params={'strength': 0.175, 'kernel_size': 3}
2026-04-16 15:29:41 [DEBUG] photo_editor.pipeline.apply_profile:115 -   Applying: Sharpening (sharpen) params={'strength': 0.175, 'kernel_size': 3}
2026-04-16 15:29:41 [DEBUG] photo_editor.pipeline.apply_profile:115 -   Applying: Straighten (auto_straighten) params={'strength': 0.35}
2026-04-16 15:29:41 [DEBUG] photo_editor.pipeline.apply_profile:115 -   Applying: Straighten (auto_straighten) params={'strength': 0.35}
2026-04-16 15:29:41 [DEBUG] photo_editor.edits.auto_straighten:449 - Auto-straighten: corrected -0.00° tilt
2026-04-16 15:29:41 [DEBUG] photo_editor.edits.auto_straighten:449 - Auto-straighten: corrected -0.00° tilt
2026-04-16 15:29:41 [DEBUG] photo_editor.output.save_image:194 - Saved: C:\Users\Omar.Pacheco\OneDrive - Pariveda Solutions, Inc\Pictures\Japan\Edited_Natural\1Q5A0017_natural.jpg (139 KB, 1367×911)
2026-04-16 15:29:41 [DEBUG] photo_editor.output.save_image:194 - Saved: C:\Users\Omar.Pacheco\OneDrive - Pariveda Solutions, Inc\Pictures\Japan\Edited_Natural\1Q5A0017_natural.jpg (139 KB, 1367×911)
2026-04-16 15:29:41 [DEBUG] photo_editor.metadata.copy_metadata:99 - Metadata copied: C:\Users\Omar.Pacheco\OneDrive - Pariveda Solutions, Inc\Pictures\Japan\1Q5A0017.jpg → C:\Users\Omar.Pacheco\OneDrive - Pariveda Solutions, Inc\Pictures\Japan\Edited_Natural\1Q5A0017_natural.jpg
2026-04-16 15:29:41 [DEBUG] photo_editor.metadata.copy_metadata:99 - Metadata copied: C:\Users\Omar.Pacheco\OneDrive - Pariveda Solutions, Inc\Pictures\Japan\1Q5A0017.jpg → C:\Users\Omar.Pacheco\OneDrive - Pariveda Solutions, Inc\Pictures\Japan\Edited_Natural\1Q5A0017_natural.jpg
2026-04-16 15:29:41 [INFO] photo_editor.pipeline.process_single_image:227 -   Done: 1Q5A0017_natural.jpg (night, 0.3s)
2026-04-16 15:29:41 [INFO] photo_editor.pipeline.process_single_image:227 -   Done: 1Q5A0017_natural.jpg (night, 0.3s)
2026-04-16 15:29:47 [DEBUG] photo_editor.loader._load_standard:160 - Loaded (OpenCV): C:\Users\Omar.Pacheco\OneDrive - Pariveda Solutions, Inc\Pictures\Japan\1Q5A0017.jpg  shape=(911, 1367, 3)
2026-04-16 15:29:47 [DEBUG] photo_editor.loader._load_standard:160 - Loaded (OpenCV): C:\Users\Omar.Pacheco\OneDrive - Pariveda Solutions, Inc\Pictures\Japan\1Q5A0017.jpg  shape=(911, 1367, 3)
2026-04-16 15:29:47 [INFO] photo_editor.pipeline.process_single_image:169 - Processing: 1Q5A0017.jpg
2026-04-16 15:29:47 [INFO] photo_editor.pipeline.process_single_image:169 - Processing: 1Q5A0017.jpg
2026-04-16 15:29:47 [DEBUG] photo_editor.loader._load_standard:160 - Loaded (OpenCV): C:\Users\Omar.Pacheco\OneDrive - Pariveda Solutions, Inc\Pictures\Japan\1Q5A0017.jpg  shape=(911, 1367, 3)
2026-04-16 15:29:47 [DEBUG] photo_editor.loader._load_standard:160 - Loaded (OpenCV): C:\Users\Omar.Pacheco\OneDrive - Pariveda Solutions, Inc\Pictures\Japan\1Q5A0017.jpg  shape=(911, 1367, 3)
2026-04-16 15:29:47 [DEBUG] photo_editor.classifier.classify_image:219 - Image features: {'brightness': 41.69, 'saturation': 66.63, 'colorfulness': np.float64(10.55), 'edge_density': 0.0062, 'aspect_ratio': 1.501, 'num_faces': 1, 'bg_variance': 15.27, 'width': 1367, 'height': 911}
2026-04-16 15:29:47 [DEBUG] photo_editor.classifier.classify_image:219 - Image features: {'brightness': 41.69, 'saturation': 66.63, 'colorfulness': np.float64(10.55), 'edge_density': 0.0062, 'aspect_ratio': 1.501, 'num_faces': 1, 'bg_variance': 15.27, 'width': 1367, 'height': 911}
2026-04-16 15:29:47 [INFO] photo_editor.classifier.classify_image:291 - Classification: night (confidence=67%, faces=1)
2026-04-16 15:29:47 [INFO] photo_editor.classifier.classify_image:291 - Classification: night (confidence=67%, faces=1)
2026-04-16 15:29:47 [INFO] photo_editor.profiles.get_profile:407 - Profile: style=natural, category=night, strength=light (×0.4)
2026-04-16 15:29:47 [INFO] photo_editor.profiles.get_profile:407 - Profile: style=natural, category=night, strength=light (×0.4)
2026-04-16 15:29:47 [DEBUG] photo_editor.pipeline.apply_profile:115 -   Applying: Auto Levels (auto_levels) params={'strength': 0.1, 'clip_percent': 0.5}
2026-04-16 15:29:47 [DEBUG] photo_editor.pipeline.apply_profile:115 -   Applying: Auto Levels (auto_levels) params={'strength': 0.1, 'clip_percent': 0.5}
2026-04-16 15:29:47 [DEBUG] photo_editor.pipeline.apply_profile:115 -   Applying: Exposure Correction (adjust_exposure) params={'strength': 0.13999999999999999, 'target_brightness': 100}
2026-04-16 15:29:47 [DEBUG] photo_editor.pipeline.apply_profile:115 -   Applying: Exposure Correction (adjust_exposure) params={'strength': 0.13999999999999999, 'target_brightness': 100}
2026-04-16 15:29:47 [DEBUG] photo_editor.pipeline.apply_profile:115 -   Applying: White Balance (adjust_white_balance) params={'strength': 0.12}
2026-04-16 15:29:47 [DEBUG] photo_editor.pipeline.apply_profile:115 -   Applying: White Balance (adjust_white_balance) params={'strength': 0.12}
2026-04-16 15:29:47 [DEBUG] photo_editor.pipeline.apply_profile:115 -   Applying: Highlight/Shadow Recovery (recover_highlights_shadows) params={'strength': 0.16000000000000003}
2026-04-16 15:29:47 [DEBUG] photo_editor.pipeline.apply_profile:115 -   Applying: Highlight/Shadow Recovery (recover_highlights_shadows) params={'strength': 0.16000000000000003}
2026-04-16 15:29:47 [DEBUG] photo_editor.pipeline.apply_profile:115 -   Applying: Contrast (adjust_contrast) params={'strength': 0.08000000000000002, 'clip_limit': 1.5}
2026-04-16 15:29:47 [DEBUG] photo_editor.pipeline.apply_profile:115 -   Applying: Contrast (adjust_contrast) params={'strength': 0.08000000000000002, 'clip_limit': 1.5}
2026-04-16 15:29:47 [DEBUG] photo_editor.pipeline.apply_profile:115 -   Applying: Tone Curve (apply_tone_curve) params={'strength': 0.06}
2026-04-16 15:29:47 [DEBUG] photo_editor.pipeline.apply_profile:115 -   Applying: Tone Curve (apply_tone_curve) params={'strength': 0.06}
2026-04-16 15:29:47 [DEBUG] photo_editor.pipeline.apply_profile:115 -   Applying: Vibrance (adjust_vibrance) params={'strength': 0.08000000000000002, 'amount': 15}
2026-04-16 15:29:47 [DEBUG] photo_editor.pipeline.apply_profile:115 -   Applying: Vibrance (adjust_vibrance) params={'strength': 0.08000000000000002, 'amount': 15}
2026-04-16 15:29:47 [DEBUG] photo_editor.pipeline.apply_profile:115 -   Applying: Noise Reduction (reduce_noise) params={'strength': 0.16000000000000003}
2026-04-16 15:29:47 [DEBUG] photo_editor.pipeline.apply_profile:115 -   Applying: Noise Reduction (reduce_noise) params={'strength': 0.16000000000000003}
2026-04-16 15:29:47 [WARNING] photo_editor.pipeline.apply_profile:118 -   Edit step 'Noise Reduction' failed: OpenCV(4.13.0) :-1: error: (-5:Bad argument) in function 'fastNlMeansDenoisingColored'
> Overload resolution failed:
>  - 'hForColorComponents' is an invalid keyword argument for fastNlMeansDenoisingColored()
>  - 'hForColorComponents' is an invalid keyword argument for fastNlMeansDenoisingColored()

2026-04-16 15:29:47 [WARNING] photo_editor.pipeline.apply_profile:118 -   Edit step 'Noise Reduction' failed: OpenCV(4.13.0) :-1: error: (-5:Bad argument) in function 'fastNlMeansDenoisingColored'
> Overload resolution failed:
>  - 'hForColorComponents' is an invalid keyword argument for fastNlMeansDenoisingColored()
>  - 'hForColorComponents' is an invalid keyword argument for fastNlMeansDenoisingColored()

2026-04-16 15:29:47 [DEBUG] photo_editor.pipeline.apply_profile:115 -   Applying: Sharpening (sharpen) params={'strength': 0.1, 'kernel_size': 3}
2026-04-16 15:29:47 [DEBUG] photo_editor.pipeline.apply_profile:115 -   Applying: Sharpening (sharpen) params={'strength': 0.1, 'kernel_size': 3}
2026-04-16 15:29:47 [DEBUG] photo_editor.pipeline.apply_profile:115 -   Applying: Straighten (auto_straighten) params={'strength': 0.2}
2026-04-16 15:29:47 [DEBUG] photo_editor.pipeline.apply_profile:115 -   Applying: Straighten (auto_straighten) params={'strength': 0.2}
2026-04-16 15:29:47 [DEBUG] photo_editor.edits.auto_straighten:449 - Auto-straighten: corrected -0.00° tilt
2026-04-16 15:29:47 [DEBUG] photo_editor.edits.auto_straighten:449 - Auto-straighten: corrected -0.00° tilt
2026-04-16 15:29:47 [DEBUG] photo_editor.output.save_image:194 - Saved: C:\Users\Omar.Pacheco\OneDrive - Pariveda Solutions, Inc\Pictures\Japan\Edited_Natural\1Q5A0017_natural.jpg (131 KB, 1367×911)
2026-04-16 15:29:47 [DEBUG] photo_editor.output.save_image:194 - Saved: C:\Users\Omar.Pacheco\OneDrive - Pariveda Solutions, Inc\Pictures\Japan\Edited_Natural\1Q5A0017_natural.jpg (131 KB, 1367×911)
2026-04-16 15:29:47 [DEBUG] photo_editor.metadata.copy_metadata:99 - Metadata copied: C:\Users\Omar.Pacheco\OneDrive - Pariveda Solutions, Inc\Pictures\Japan\1Q5A0017.jpg → C:\Users\Omar.Pacheco\OneDrive - Pariveda Solutions, Inc\Pictures\Japan\Edited_Natural\1Q5A0017_natural.jpg
2026-04-16 15:29:47 [DEBUG] photo_editor.metadata.copy_metadata:99 - Metadata copied: C:\Users\Omar.Pacheco\OneDrive - Pariveda Solutions, Inc\Pictures\Japan\1Q5A0017.jpg → C:\Users\Omar.Pacheco\OneDrive - Pariveda Solutions, Inc\Pictures\Japan\Edited_Natural\1Q5A0017_natural.jpg
2026-04-16 15:29:47 [INFO] photo_editor.pipeline.process_single_image:227 -   Done: 1Q5A0017_natural.jpg (night, 0.3s)
2026-04-16 15:29:47 [INFO] photo_editor.pipeline.process_single_image:227 -   Done: 1Q5A0017_natural.jpg (night, 0.3s)
2026-04-16 15:29:53 [DEBUG] photo_editor.loader._load_standard:160 - Loaded (OpenCV): C:\Users\Omar.Pacheco\OneDrive - Pariveda Solutions, Inc\Pictures\Japan\1Q5A0017.jpg  shape=(911, 1367, 3)
2026-04-16 15:29:53 [DEBUG] photo_editor.loader._load_standard:160 - Loaded (OpenCV): C:\Users\Omar.Pacheco\OneDrive - Pariveda Solutions, Inc\Pictures\Japan\1Q5A0017.jpg  shape=(911, 1367, 3)
2026-04-16 15:29:53 [INFO] photo_editor.pipeline.process_single_image:169 - Processing: 1Q5A0017.jpg
2026-04-16 15:29:53 [INFO] photo_editor.pipeline.process_single_image:169 - Processing: 1Q5A0017.jpg
2026-04-16 15:29:53 [DEBUG] photo_editor.loader._load_standard:160 - Loaded (OpenCV): C:\Users\Omar.Pacheco\OneDrive - Pariveda Solutions, Inc\Pictures\Japan\1Q5A0017.jpg  shape=(911, 1367, 3)
2026-04-16 15:29:53 [DEBUG] photo_editor.loader._load_standard:160 - Loaded (OpenCV): C:\Users\Omar.Pacheco\OneDrive - Pariveda Solutions, Inc\Pictures\Japan\1Q5A0017.jpg  shape=(911, 1367, 3)
2026-04-16 15:29:53 [INFO] photo_editor.profiles.get_profile:407 - Profile: style=natural, category=indoor, strength=light (×0.4)
2026-04-16 15:29:53 [INFO] photo_editor.profiles.get_profile:407 - Profile: style=natural, category=indoor, strength=light (×0.4)
2026-04-16 15:29:53 [DEBUG] photo_editor.pipeline.apply_profile:115 -   Applying: Auto Levels (auto_levels) params={'strength': 0.1, 'clip_percent': 0.5}
2026-04-16 15:29:53 [DEBUG] photo_editor.pipeline.apply_profile:115 -   Applying: Auto Levels (auto_levels) params={'strength': 0.1, 'clip_percent': 0.5}
2026-04-16 15:29:53 [DEBUG] photo_editor.pipeline.apply_profile:115 -   Applying: Exposure Correction (adjust_exposure) params={'strength': 0.13999999999999999, 'target_brightness': 128}
2026-04-16 15:29:53 [DEBUG] photo_editor.pipeline.apply_profile:115 -   Applying: Exposure Correction (adjust_exposure) params={'strength': 0.13999999999999999, 'target_brightness': 128}
2026-04-16 15:29:53 [DEBUG] photo_editor.pipeline.apply_profile:115 -   Applying: White Balance (adjust_white_balance) params={'strength': 0.12}
2026-04-16 15:29:53 [DEBUG] photo_editor.pipeline.apply_profile:115 -   Applying: White Balance (adjust_white_balance) params={'strength': 0.12}
2026-04-16 15:29:53 [DEBUG] photo_editor.pipeline.apply_profile:115 -   Applying: Highlight/Shadow Recovery (recover_highlights_shadows) params={'strength': 0.12}
2026-04-16 15:29:53 [DEBUG] photo_editor.pipeline.apply_profile:115 -   Applying: Highlight/Shadow Recovery (recover_highlights_shadows) params={'strength': 0.12}
2026-04-16 15:29:53 [DEBUG] photo_editor.pipeline.apply_profile:115 -   Applying: Contrast (adjust_contrast) params={'strength': 0.08000000000000002, 'clip_limit': 1.5}
2026-04-16 15:29:53 [DEBUG] photo_editor.pipeline.apply_profile:115 -   Applying: Contrast (adjust_contrast) params={'strength': 0.08000000000000002, 'clip_limit': 1.5}
2026-04-16 15:29:53 [DEBUG] photo_editor.pipeline.apply_profile:115 -   Applying: Tone Curve (apply_tone_curve) params={'strength': 0.06}
2026-04-16 15:29:53 [DEBUG] photo_editor.pipeline.apply_profile:115 -   Applying: Tone Curve (apply_tone_curve) params={'strength': 0.06}
2026-04-16 15:29:53 [DEBUG] photo_editor.pipeline.apply_profile:115 -   Applying: Vibrance (adjust_vibrance) params={'strength': 0.08000000000000002, 'amount': 15}
2026-04-16 15:29:53 [DEBUG] photo_editor.pipeline.apply_profile:115 -   Applying: Vibrance (adjust_vibrance) params={'strength': 0.08000000000000002, 'amount': 15}
2026-04-16 15:29:53 [DEBUG] photo_editor.pipeline.apply_profile:115 -   Applying: Noise Reduction (reduce_noise) params={'strength': 0.08000000000000002}
2026-04-16 15:29:53 [DEBUG] photo_editor.pipeline.apply_profile:115 -   Applying: Noise Reduction (reduce_noise) params={'strength': 0.08000000000000002}
2026-04-16 15:29:53 [WARNING] photo_editor.pipeline.apply_profile:118 -   Edit step 'Noise Reduction' failed: OpenCV(4.13.0) :-1: error: (-5:Bad argument) in function 'fastNlMeansDenoisingColored'
> Overload resolution failed:
>  - 'hForColorComponents' is an invalid keyword argument for fastNlMeansDenoisingColored()
>  - 'hForColorComponents' is an invalid keyword argument for fastNlMeansDenoisingColored()

2026-04-16 15:29:53 [WARNING] photo_editor.pipeline.apply_profile:118 -   Edit step 'Noise Reduction' failed: OpenCV(4.13.0) :-1: error: (-5:Bad argument) in function 'fastNlMeansDenoisingColored'
> Overload resolution failed:
>  - 'hForColorComponents' is an invalid keyword argument for fastNlMeansDenoisingColored()
>  - 'hForColorComponents' is an invalid keyword argument for fastNlMeansDenoisingColored()

2026-04-16 15:29:53 [DEBUG] photo_editor.pipeline.apply_profile:115 -   Applying: Sharpening (sharpen) params={'strength': 0.1, 'kernel_size': 3}
2026-04-16 15:29:53 [DEBUG] photo_editor.pipeline.apply_profile:115 -   Applying: Sharpening (sharpen) params={'strength': 0.1, 'kernel_size': 3}
2026-04-16 15:29:53 [DEBUG] photo_editor.pipeline.apply_profile:115 -   Applying: Straighten (auto_straighten) params={'strength': 0.2}
2026-04-16 15:29:53 [DEBUG] photo_editor.pipeline.apply_profile:115 -   Applying: Straighten (auto_straighten) params={'strength': 0.2}
2026-04-16 15:29:53 [DEBUG] photo_editor.edits.auto_straighten:449 - Auto-straighten: corrected -0.00° tilt
2026-04-16 15:29:53 [DEBUG] photo_editor.edits.auto_straighten:449 - Auto-straighten: corrected -0.00° tilt
2026-04-16 15:29:53 [DEBUG] photo_editor.output.save_image:194 - Saved: C:\Users\Omar.Pacheco\OneDrive - Pariveda Solutions, Inc\Pictures\Japan\Edited_Natural\1Q5A0017_natural.jpg (132 KB, 1367×911)
2026-04-16 15:29:53 [DEBUG] photo_editor.output.save_image:194 - Saved: C:\Users\Omar.Pacheco\OneDrive - Pariveda Solutions, Inc\Pictures\Japan\Edited_Natural\1Q5A0017_natural.jpg (132 KB, 1367×911)
2026-04-16 15:29:53 [DEBUG] photo_editor.metadata.copy_metadata:99 - Metadata copied: C:\Users\Omar.Pacheco\OneDrive - Pariveda Solutions, Inc\Pictures\Japan\1Q5A0017.jpg → C:\Users\Omar.Pacheco\OneDrive - Pariveda Solutions, Inc\Pictures\Japan\Edited_Natural\1Q5A0017_natural.jpg
2026-04-16 15:29:53 [DEBUG] photo_editor.metadata.copy_metadata:99 - Metadata copied: C:\Users\Omar.Pacheco\OneDrive - Pariveda Solutions, Inc\Pictures\Japan\1Q5A0017.jpg → C:\Users\Omar.Pacheco\OneDrive - Pariveda Solutions, Inc\Pictures\Japan\Edited_Natural\1Q5A0017_natural.jpg
2026-04-16 15:29:53 [INFO] photo_editor.pipeline.process_single_image:227 -   Done: 1Q5A0017_natural.jpg (indoor, 0.2s)
2026-04-16 15:29:53 [INFO] photo_editor.pipeline.process_single_image:227 -   Done: 1Q5A0017_natural.jpg (indoor, 0.2s)
2026-04-16 15:29:58 [DEBUG] photo_editor.loader._load_standard:160 - Loaded (OpenCV): C:\Users\Omar.Pacheco\OneDrive - Pariveda Solutions, Inc\Pictures\Japan\1Q5A0017.jpg  shape=(911, 1367, 3)
2026-04-16 15:29:58 [DEBUG] photo_editor.loader._load_standard:160 - Loaded (OpenCV): C:\Users\Omar.Pacheco\OneDrive - Pariveda Solutions, Inc\Pictures\Japan\1Q5A0017.jpg  shape=(911, 1367, 3)
2026-04-16 15:29:58 [INFO] photo_editor.pipeline.process_single_image:169 - Processing: 1Q5A0017.jpg
2026-04-16 15:29:58 [INFO] photo_editor.pipeline.process_single_image:169 - Processing: 1Q5A0017.jpg
2026-04-16 15:29:58 [DEBUG] photo_editor.loader._load_standard:160 - Loaded (OpenCV): C:\Users\Omar.Pacheco\OneDrive - Pariveda Solutions, Inc\Pictures\Japan\1Q5A0017.jpg  shape=(911, 1367, 3)
2026-04-16 15:29:58 [DEBUG] photo_editor.loader._load_standard:160 - Loaded (OpenCV): C:\Users\Omar.Pacheco\OneDrive - Pariveda Solutions, Inc\Pictures\Japan\1Q5A0017.jpg  shape=(911, 1367, 3)
2026-04-16 15:29:58 [INFO] photo_editor.profiles.get_profile:407 - Profile: style=natural, category=night, strength=light (×0.4)
2026-04-16 15:29:58 [INFO] photo_editor.profiles.get_profile:407 - Profile: style=natural, category=night, strength=light (×0.4)
2026-04-16 15:29:58 [DEBUG] photo_editor.pipeline.apply_profile:115 -   Applying: Auto Levels (auto_levels) params={'strength': 0.1, 'clip_percent': 0.5}
2026-04-16 15:29:58 [DEBUG] photo_editor.pipeline.apply_profile:115 -   Applying: Auto Levels (auto_levels) params={'strength': 0.1, 'clip_percent': 0.5}
2026-04-16 15:29:58 [DEBUG] photo_editor.pipeline.apply_profile:115 -   Applying: Exposure Correction (adjust_exposure) params={'strength': 0.13999999999999999, 'target_brightness': 100}
2026-04-16 15:29:58 [DEBUG] photo_editor.pipeline.apply_profile:115 -   Applying: Exposure Correction (adjust_exposure) params={'strength': 0.13999999999999999, 'target_brightness': 100}
2026-04-16 15:29:58 [DEBUG] photo_editor.pipeline.apply_profile:115 -   Applying: White Balance (adjust_white_balance) params={'strength': 0.12}
2026-04-16 15:29:58 [DEBUG] photo_editor.pipeline.apply_profile:115 -   Applying: White Balance (adjust_white_balance) params={'strength': 0.12}
2026-04-16 15:29:58 [DEBUG] photo_editor.pipeline.apply_profile:115 -   Applying: Highlight/Shadow Recovery (recover_highlights_shadows) params={'strength': 0.16000000000000003}
2026-04-16 15:29:58 [DEBUG] photo_editor.pipeline.apply_profile:115 -   Applying: Highlight/Shadow Recovery (recover_highlights_shadows) params={'strength': 0.16000000000000003}
2026-04-16 15:29:58 [DEBUG] photo_editor.pipeline.apply_profile:115 -   Applying: Contrast (adjust_contrast) params={'strength': 0.08000000000000002, 'clip_limit': 1.5}
2026-04-16 15:29:58 [DEBUG] photo_editor.pipeline.apply_profile:115 -   Applying: Contrast (adjust_contrast) params={'strength': 0.08000000000000002, 'clip_limit': 1.5}
2026-04-16 15:29:58 [DEBUG] photo_editor.pipeline.apply_profile:115 -   Applying: Tone Curve (apply_tone_curve) params={'strength': 0.06}
2026-04-16 15:29:58 [DEBUG] photo_editor.pipeline.apply_profile:115 -   Applying: Tone Curve (apply_tone_curve) params={'strength': 0.06}
2026-04-16 15:29:58 [DEBUG] photo_editor.pipeline.apply_profile:115 -   Applying: Vibrance (adjust_vibrance) params={'strength': 0.08000000000000002, 'amount': 15}
2026-04-16 15:29:58 [DEBUG] photo_editor.pipeline.apply_profile:115 -   Applying: Vibrance (adjust_vibrance) params={'strength': 0.08000000000000002, 'amount': 15}
2026-04-16 15:29:58 [DEBUG] photo_editor.pipeline.apply_profile:115 -   Applying: Noise Reduction (reduce_noise) params={'strength': 0.16000000000000003}
2026-04-16 15:29:58 [DEBUG] photo_editor.pipeline.apply_profile:115 -   Applying: Noise Reduction (reduce_noise) params={'strength': 0.16000000000000003}
2026-04-16 15:29:58 [WARNING] photo_editor.pipeline.apply_profile:118 -   Edit step 'Noise Reduction' failed: OpenCV(4.13.0) :-1: error: (-5:Bad argument) in function 'fastNlMeansDenoisingColored'
> Overload resolution failed:
>  - 'hForColorComponents' is an invalid keyword argument for fastNlMeansDenoisingColored()
>  - 'hForColorComponents' is an invalid keyword argument for fastNlMeansDenoisingColored()

2026-04-16 15:29:58 [WARNING] photo_editor.pipeline.apply_profile:118 -   Edit step 'Noise Reduction' failed: OpenCV(4.13.0) :-1: error: (-5:Bad argument) in function 'fastNlMeansDenoisingColored'
> Overload resolution failed:
>  - 'hForColorComponents' is an invalid keyword argument for fastNlMeansDenoisingColored()
>  - 'hForColorComponents' is an invalid keyword argument for fastNlMeansDenoisingColored()

2026-04-16 15:29:58 [DEBUG] photo_editor.pipeline.apply_profile:115 -   Applying: Sharpening (sharpen) params={'strength': 0.1, 'kernel_size': 3}
2026-04-16 15:29:58 [DEBUG] photo_editor.pipeline.apply_profile:115 -   Applying: Sharpening (sharpen) params={'strength': 0.1, 'kernel_size': 3}
2026-04-16 15:29:58 [DEBUG] photo_editor.pipeline.apply_profile:115 -   Applying: Straighten (auto_straighten) params={'strength': 0.2}
2026-04-16 15:29:58 [DEBUG] photo_editor.pipeline.apply_profile:115 -   Applying: Straighten (auto_straighten) params={'strength': 0.2}
2026-04-16 15:29:59 [DEBUG] photo_editor.edits.auto_straighten:449 - Auto-straighten: corrected -0.00° tilt
2026-04-16 15:29:59 [DEBUG] photo_editor.edits.auto_straighten:449 - Auto-straighten: corrected -0.00° tilt
2026-04-16 15:29:59 [DEBUG] photo_editor.output.save_image:194 - Saved: C:\Users\Omar.Pacheco\OneDrive - Pariveda Solutions, Inc\Pictures\Japan\Edited_Natural\1Q5A0017_natural.jpg (131 KB, 1367×911)
2026-04-16 15:29:59 [DEBUG] photo_editor.output.save_image:194 - Saved: C:\Users\Omar.Pacheco\OneDrive - Pariveda Solutions, Inc\Pictures\Japan\Edited_Natural\1Q5A0017_natural.jpg (131 KB, 1367×911)
2026-04-16 15:29:59 [DEBUG] photo_editor.metadata.copy_metadata:99 - Metadata copied: C:\Users\Omar.Pacheco\OneDrive - Pariveda Solutions, Inc\Pictures\Japan\1Q5A0017.jpg → C:\Users\Omar.Pacheco\OneDrive - Pariveda Solutions, Inc\Pictures\Japan\Edited_Natural\1Q5A0017_natural.jpg
2026-04-16 15:29:59 [DEBUG] photo_editor.metadata.copy_metadata:99 - Metadata copied: C:\Users\Omar.Pacheco\OneDrive - Pariveda Solutions, Inc\Pictures\Japan\1Q5A0017.jpg → C:\Users\Omar.Pacheco\OneDrive - Pariveda Solutions, Inc\Pictures\Japan\Edited_Natural\1Q5A0017_natural.jpg
2026-04-16 15:29:59 [INFO] photo_editor.pipeline.process_single_image:227 -   Done: 1Q5A0017_natural.jpg (night, 0.2s)
2026-04-16 15:29:59 [INFO] photo_editor.pipeline.process_single_image:227 -   Done: 1Q5A0017_natural.jpg (night, 0.2s)
2026-04-16 15:30:05 [DEBUG] photo_editor.loader._load_standard:160 - Loaded (OpenCV): C:\Users\Omar.Pacheco\OneDrive - Pariveda Solutions, Inc\Pictures\Japan\1Q5A0017.jpg  shape=(911, 1367, 3)
2026-04-16 15:30:05 [DEBUG] photo_editor.loader._load_standard:160 - Loaded (OpenCV): C:\Users\Omar.Pacheco\OneDrive - Pariveda Solutions, Inc\Pictures\Japan\1Q5A0017.jpg  shape=(911, 1367, 3)
2026-04-16 15:30:05 [INFO] photo_editor.pipeline.process_single_image:169 - Processing: 1Q5A0017.jpg
2026-04-16 15:30:05 [INFO] photo_editor.pipeline.process_single_image:169 - Processing: 1Q5A0017.jpg
2026-04-16 15:30:05 [DEBUG] photo_editor.loader._load_standard:160 - Loaded (OpenCV): C:\Users\Omar.Pacheco\OneDrive - Pariveda Solutions, Inc\Pictures\Japan\1Q5A0017.jpg  shape=(911, 1367, 3)
2026-04-16 15:30:05 [DEBUG] photo_editor.loader._load_standard:160 - Loaded (OpenCV): C:\Users\Omar.Pacheco\OneDrive - Pariveda Solutions, Inc\Pictures\Japan\1Q5A0017.jpg  shape=(911, 1367, 3)
2026-04-16 15:30:05 [INFO] photo_editor.profiles.get_profile:407 - Profile: style=natural, category=portrait, strength=light (×0.4)
2026-04-16 15:30:05 [INFO] photo_editor.profiles.get_profile:407 - Profile: style=natural, category=portrait, strength=light (×0.4)
2026-04-16 15:30:05 [DEBUG] photo_editor.pipeline.apply_profile:115 -   Applying: Auto Levels (auto_levels) params={'strength': 0.1, 'clip_percent': 0.5}
2026-04-16 15:30:05 [DEBUG] photo_editor.pipeline.apply_profile:115 -   Applying: Auto Levels (auto_levels) params={'strength': 0.1, 'clip_percent': 0.5}
2026-04-16 15:30:05 [DEBUG] photo_editor.pipeline.apply_profile:115 -   Applying: Exposure Correction (adjust_exposure) params={'strength': 0.13999999999999999, 'target_brightness': 128}
2026-04-16 15:30:05 [DEBUG] photo_editor.pipeline.apply_profile:115 -   Applying: Exposure Correction (adjust_exposure) params={'strength': 0.13999999999999999, 'target_brightness': 128}
2026-04-16 15:30:05 [DEBUG] photo_editor.pipeline.apply_profile:115 -   Applying: White Balance (adjust_white_balance) params={'strength': 0.12}
2026-04-16 15:30:05 [DEBUG] photo_editor.pipeline.apply_profile:115 -   Applying: White Balance (adjust_white_balance) params={'strength': 0.12}
2026-04-16 15:30:05 [DEBUG] photo_editor.pipeline.apply_profile:115 -   Applying: Highlight/Shadow Recovery (recover_highlights_shadows) params={'strength': 0.12}
2026-04-16 15:30:05 [DEBUG] photo_editor.pipeline.apply_profile:115 -   Applying: Highlight/Shadow Recovery (recover_highlights_shadows) params={'strength': 0.12}
2026-04-16 15:30:05 [DEBUG] photo_editor.pipeline.apply_profile:115 -   Applying: Contrast (adjust_contrast) params={'strength': 0.08000000000000002, 'clip_limit': 1.5}
2026-04-16 15:30:05 [DEBUG] photo_editor.pipeline.apply_profile:115 -   Applying: Contrast (adjust_contrast) params={'strength': 0.08000000000000002, 'clip_limit': 1.5}
2026-04-16 15:30:05 [DEBUG] photo_editor.pipeline.apply_profile:115 -   Applying: Tone Curve (apply_tone_curve) params={'strength': 0.06}
2026-04-16 15:30:05 [DEBUG] photo_editor.pipeline.apply_profile:115 -   Applying: Tone Curve (apply_tone_curve) params={'strength': 0.06}
2026-04-16 15:30:05 [DEBUG] photo_editor.pipeline.apply_profile:115 -   Applying: Vibrance (adjust_vibrance) params={'strength': 0.08000000000000002, 'amount': 15}
2026-04-16 15:30:05 [DEBUG] photo_editor.pipeline.apply_profile:115 -   Applying: Vibrance (adjust_vibrance) params={'strength': 0.08000000000000002, 'amount': 15}
2026-04-16 15:30:05 [DEBUG] photo_editor.pipeline.apply_profile:115 -   Applying: Noise Reduction (reduce_noise) params={'strength': 0.08000000000000002}
2026-04-16 15:30:05 [DEBUG] photo_editor.pipeline.apply_profile:115 -   Applying: Noise Reduction (reduce_noise) params={'strength': 0.08000000000000002}
2026-04-16 15:30:05 [WARNING] photo_editor.pipeline.apply_profile:118 -   Edit step 'Noise Reduction' failed: OpenCV(4.13.0) :-1: error: (-5:Bad argument) in function 'fastNlMeansDenoisingColored'
> Overload resolution failed:
>  - 'hForColorComponents' is an invalid keyword argument for fastNlMeansDenoisingColored()
>  - 'hForColorComponents' is an invalid keyword argument for fastNlMeansDenoisingColored()

2026-04-16 15:30:05 [WARNING] photo_editor.pipeline.apply_profile:118 -   Edit step 'Noise Reduction' failed: OpenCV(4.13.0) :-1: error: (-5:Bad argument) in function 'fastNlMeansDenoisingColored'
> Overload resolution failed:
>  - 'hForColorComponents' is an invalid keyword argument for fastNlMeansDenoisingColored()
>  - 'hForColorComponents' is an invalid keyword argument for fastNlMeansDenoisingColored()

2026-04-16 15:30:05 [DEBUG] photo_editor.pipeline.apply_profile:115 -   Applying: Sharpening (sharpen) params={'strength': 0.1, 'kernel_size': 3}
2026-04-16 15:30:05 [DEBUG] photo_editor.pipeline.apply_profile:115 -   Applying: Sharpening (sharpen) params={'strength': 0.1, 'kernel_size': 3}
2026-04-16 15:30:05 [DEBUG] photo_editor.pipeline.apply_profile:115 -   Applying: Straighten (auto_straighten) params={'strength': 0.2}
2026-04-16 15:30:05 [DEBUG] photo_editor.pipeline.apply_profile:115 -   Applying: Straighten (auto_straighten) params={'strength': 0.2}
2026-04-16 15:30:05 [DEBUG] photo_editor.edits.auto_straighten:449 - Auto-straighten: corrected -0.00° tilt
2026-04-16 15:30:05 [DEBUG] photo_editor.edits.auto_straighten:449 - Auto-straighten: corrected -0.00° tilt
2026-04-16 15:30:05 [DEBUG] photo_editor.pipeline.apply_profile:115 -   Applying: Skin Smoothing (smooth_skin) params={'strength': 0.06}
2026-04-16 15:30:05 [DEBUG] photo_editor.pipeline.apply_profile:115 -   Applying: Skin Smoothing (smooth_skin) params={'strength': 0.06}
2026-04-16 15:30:05 [DEBUG] photo_editor.output.save_image:194 - Saved: C:\Users\Omar.Pacheco\OneDrive - Pariveda Solutions, Inc\Pictures\Japan\Edited_Natural\1Q5A0017_natural.jpg (132 KB, 1367×911)
2026-04-16 15:30:05 [DEBUG] photo_editor.output.save_image:194 - Saved: C:\Users\Omar.Pacheco\OneDrive - Pariveda Solutions, Inc\Pictures\Japan\Edited_Natural\1Q5A0017_natural.jpg (132 KB, 1367×911)
2026-04-16 15:30:05 [DEBUG] photo_editor.metadata.copy_metadata:99 - Metadata copied: C:\Users\Omar.Pacheco\OneDrive - Pariveda Solutions, Inc\Pictures\Japan\1Q5A0017.jpg → C:\Users\Omar.Pacheco\OneDrive - Pariveda Solutions, Inc\Pictures\Japan\Edited_Natural\1Q5A0017_natural.jpg
2026-04-16 15:30:05 [DEBUG] photo_editor.metadata.copy_metadata:99 - Metadata copied: C:\Users\Omar.Pacheco\OneDrive - Pariveda Solutions, Inc\Pictures\Japan\1Q5A0017.jpg → C:\Users\Omar.Pacheco\OneDrive - Pariveda Solutions, Inc\Pictures\Japan\Edited_Natural\1Q5A0017_natural.jpg
2026-04-16 15:30:05 [INFO] photo_editor.pipeline.process_single_image:227 -   Done: 1Q5A0017_natural.jpg (portrait, 0.3s)
2026-04-16 15:30:05 [INFO] photo_editor.pipeline.process_single_image:227 -   Done: 1Q5A0017_natural.jpg (portrait, 0.3s)
2026-04-16 15:33:32 [DEBUG] photo_editor.loader._load_standard:160 - Loaded (OpenCV): C:\Users\Omar.Pacheco\OneDrive - Pariveda Solutions, Inc\Pictures\Japan\1000019592.jpg  shape=(911, 1210, 3)
2026-04-16 15:33:32 [DEBUG] photo_editor.loader._load_standard:160 - Loaded (OpenCV): C:\Users\Omar.Pacheco\OneDrive - Pariveda Solutions, Inc\Pictures\Japan\1000019592.jpg  shape=(911, 1210, 3)
2026-04-16 15:33:32 [DEBUG] photo_editor.classifier.classify_image:219 - Image features: {'brightness': 153.24, 'saturation': 189.6, 'colorfulness': np.float64(97.49), 'edge_density': 0.0918, 'aspect_ratio': 1.328, 'num_faces': 0, 'bg_variance': 35.14, 'width': 1210, 'height': 911}
2026-04-16 15:33:32 [DEBUG] photo_editor.classifier.classify_image:219 - Image features: {'brightness': 153.24, 'saturation': 189.6, 'colorfulness': np.float64(97.49), 'edge_density': 0.0918, 'aspect_ratio': 1.328, 'num_faces': 0, 'bg_variance': 35.14, 'width': 1210, 'height': 911}
2026-04-16 15:33:32 [INFO] photo_editor.classifier.classify_image:291 - Classification: landscape (confidence=85%, faces=0)
2026-04-16 15:33:32 [INFO] photo_editor.classifier.classify_image:291 - Classification: landscape (confidence=85%, faces=0)
2026-04-16 15:33:32 [DEBUG] photo_editor.loader._load_standard:160 - Loaded (OpenCV): C:\Users\Omar.Pacheco\OneDrive - Pariveda Solutions, Inc\Pictures\Japan\1000019592.jpg  shape=(911, 1210, 3)
2026-04-16 15:33:32 [DEBUG] photo_editor.loader._load_standard:160 - Loaded (OpenCV): C:\Users\Omar.Pacheco\OneDrive - Pariveda Solutions, Inc\Pictures\Japan\1000019592.jpg  shape=(911, 1210, 3)
2026-04-16 15:33:32 [INFO] photo_editor.pipeline.process_single_image:169 - Processing: 1000019592.jpg
2026-04-16 15:33:32 [INFO] photo_editor.pipeline.process_single_image:169 - Processing: 1000019592.jpg
2026-04-16 15:33:32 [DEBUG] photo_editor.loader._load_standard:160 - Loaded (OpenCV): C:\Users\Omar.Pacheco\OneDrive - Pariveda Solutions, Inc\Pictures\Japan\1000019592.jpg  shape=(911, 1210, 3)
2026-04-16 15:33:32 [DEBUG] photo_editor.loader._load_standard:160 - Loaded (OpenCV): C:\Users\Omar.Pacheco\OneDrive - Pariveda Solutions, Inc\Pictures\Japan\1000019592.jpg  shape=(911, 1210, 3)
2026-04-16 15:33:32 [INFO] photo_editor.profiles.get_profile:407 - Profile: style=auto, category=product, strength=medium (×0.7)
2026-04-16 15:33:32 [INFO] photo_editor.profiles.get_profile:407 - Profile: style=auto, category=product, strength=medium (×0.7)
2026-04-16 15:33:32 [DEBUG] photo_editor.pipeline.apply_profile:115 -   Applying: Auto Levels (auto_levels) params={'strength': 0.175, 'clip_percent': 0.5}
2026-04-16 15:33:32 [DEBUG] photo_editor.pipeline.apply_profile:115 -   Applying: Auto Levels (auto_levels) params={'strength': 0.175, 'clip_percent': 0.5}
2026-04-16 15:33:32 [DEBUG] photo_editor.pipeline.apply_profile:115 -   Applying: Exposure Correction (adjust_exposure) params={'strength': 0.24499999999999997, 'target_brightness': 140}
2026-04-16 15:33:32 [DEBUG] photo_editor.pipeline.apply_profile:115 -   Applying: Exposure Correction (adjust_exposure) params={'strength': 0.24499999999999997, 'target_brightness': 140}
2026-04-16 15:33:32 [DEBUG] photo_editor.pipeline.apply_profile:115 -   Applying: White Balance (adjust_white_balance) params={'strength': 0.21}
2026-04-16 15:33:32 [DEBUG] photo_editor.pipeline.apply_profile:115 -   Applying: White Balance (adjust_white_balance) params={'strength': 0.21}
2026-04-16 15:33:32 [DEBUG] photo_editor.pipeline.apply_profile:115 -   Applying: Highlight/Shadow Recovery (recover_highlights_shadows) params={'strength': 0.21}
2026-04-16 15:33:32 [DEBUG] photo_editor.pipeline.apply_profile:115 -   Applying: Highlight/Shadow Recovery (recover_highlights_shadows) params={'strength': 0.21}
2026-04-16 15:33:32 [DEBUG] photo_editor.pipeline.apply_profile:115 -   Applying: Contrast (adjust_contrast) params={'strength': 0.13999999999999999, 'clip_limit': 1.5}
2026-04-16 15:33:32 [DEBUG] photo_editor.pipeline.apply_profile:115 -   Applying: Contrast (adjust_contrast) params={'strength': 0.13999999999999999, 'clip_limit': 1.5}
2026-04-16 15:33:32 [DEBUG] photo_editor.pipeline.apply_profile:115 -   Applying: Tone Curve (apply_tone_curve) params={'strength': 0.105}
2026-04-16 15:33:32 [DEBUG] photo_editor.pipeline.apply_profile:115 -   Applying: Tone Curve (apply_tone_curve) params={'strength': 0.105}
2026-04-16 15:33:32 [DEBUG] photo_editor.pipeline.apply_profile:115 -   Applying: Vibrance (adjust_vibrance) params={'strength': 0.13999999999999999, 'amount': 15}
2026-04-16 15:33:32 [DEBUG] photo_editor.pipeline.apply_profile:115 -   Applying: Vibrance (adjust_vibrance) params={'strength': 0.13999999999999999, 'amount': 15}
2026-04-16 15:33:32 [DEBUG] photo_editor.pipeline.apply_profile:115 -   Applying: Noise Reduction (reduce_noise) params={'strength': 0.13999999999999999}
2026-04-16 15:33:32 [DEBUG] photo_editor.pipeline.apply_profile:115 -   Applying: Noise Reduction (reduce_noise) params={'strength': 0.13999999999999999}
2026-04-16 15:33:32 [WARNING] photo_editor.pipeline.apply_profile:118 -   Edit step 'Noise Reduction' failed: OpenCV(4.13.0) :-1: error: (-5:Bad argument) in function 'fastNlMeansDenoisingColored'
> Overload resolution failed:
>  - 'hForColorComponents' is an invalid keyword argument for fastNlMeansDenoisingColored()
>  - 'hForColorComponents' is an invalid keyword argument for fastNlMeansDenoisingColored()

2026-04-16 15:33:32 [WARNING] photo_editor.pipeline.apply_profile:118 -   Edit step 'Noise Reduction' failed: OpenCV(4.13.0) :-1: error: (-5:Bad argument) in function 'fastNlMeansDenoisingColored'
> Overload resolution failed:
>  - 'hForColorComponents' is an invalid keyword argument for fastNlMeansDenoisingColored()
>  - 'hForColorComponents' is an invalid keyword argument for fastNlMeansDenoisingColored()

2026-04-16 15:33:32 [DEBUG] photo_editor.pipeline.apply_profile:115 -   Applying: Sharpening (sharpen) params={'strength': 0.315, 'kernel_size': 3}
2026-04-16 15:33:32 [DEBUG] photo_editor.pipeline.apply_profile:115 -   Applying: Sharpening (sharpen) params={'strength': 0.315, 'kernel_size': 3}
2026-04-16 15:33:32 [DEBUG] photo_editor.pipeline.apply_profile:115 -   Applying: Straighten (auto_straighten) params={'strength': 0.35}
2026-04-16 15:33:32 [DEBUG] photo_editor.pipeline.apply_profile:115 -   Applying: Straighten (auto_straighten) params={'strength': 0.35}
2026-04-16 15:33:32 [DEBUG] photo_editor.edits.auto_straighten:449 - Auto-straighten: corrected -0.33° tilt
2026-04-16 15:33:32 [DEBUG] photo_editor.edits.auto_straighten:449 - Auto-straighten: corrected -0.33° tilt
2026-04-16 15:33:32 [DEBUG] photo_editor.output.save_image:194 - Saved: C:\Users\Omar.Pacheco\OneDrive - Pariveda Solutions, Inc\Pictures\Japan\Edited\1000019592_edited.jpg (411 KB, 1210×911)
2026-04-16 15:33:32 [DEBUG] photo_editor.output.save_image:194 - Saved: C:\Users\Omar.Pacheco\OneDrive - Pariveda Solutions, Inc\Pictures\Japan\Edited\1000019592_edited.jpg (411 KB, 1210×911)
2026-04-16 15:33:32 [DEBUG] photo_editor.metadata.copy_metadata:99 - Metadata copied: C:\Users\Omar.Pacheco\OneDrive - Pariveda Solutions, Inc\Pictures\Japan\1000019592.jpg → C:\Users\Omar.Pacheco\OneDrive - Pariveda Solutions, Inc\Pictures\Japan\Edited\1000019592_edited.jpg
2026-04-16 15:33:32 [DEBUG] photo_editor.metadata.copy_metadata:99 - Metadata copied: C:\Users\Omar.Pacheco\OneDrive - Pariveda Solutions, Inc\Pictures\Japan\1000019592.jpg → C:\Users\Omar.Pacheco\OneDrive - Pariveda Solutions, Inc\Pictures\Japan\Edited\1000019592_edited.jpg
2026-04-16 15:33:32 [INFO] photo_editor.pipeline.process_single_image:227 -   Done: 1000019592_edited.jpg (product, 0.3s)
2026-04-16 15:33:32 [INFO] photo_editor.pipeline.process_single_image:227 -   Done: 1000019592_edited.jpg (product, 0.3s)
2026-04-16 15:33:43 [DEBUG] photo_editor.loader._load_standard:160 - Loaded (OpenCV): C:\Users\Omar.Pacheco\OneDrive - Pariveda Solutions, Inc\Pictures\Japan\1Q5A0055.jpg  shape=(911, 1367, 3)
2026-04-16 15:33:43 [DEBUG] photo_editor.loader._load_standard:160 - Loaded (OpenCV): C:\Users\Omar.Pacheco\OneDrive - Pariveda Solutions, Inc\Pictures\Japan\1Q5A0055.jpg  shape=(911, 1367, 3)
2026-04-16 15:33:43 [DEBUG] photo_editor.classifier.classify_image:219 - Image features: {'brightness': 150.04, 'saturation': 118.58, 'colorfulness': np.float64(58.16), 'edge_density': 0.0172, 'aspect_ratio': 1.501, 'num_faces': 1, 'bg_variance': 21.56, 'width': 1367, 'height': 911}
2026-04-16 15:33:43 [DEBUG] photo_editor.classifier.classify_image:219 - Image features: {'brightness': 150.04, 'saturation': 118.58, 'colorfulness': np.float64(58.16), 'edge_density': 0.0172, 'aspect_ratio': 1.501, 'num_faces': 1, 'bg_variance': 21.56, 'width': 1367, 'height': 911}
2026-04-16 15:33:43 [INFO] photo_editor.classifier.classify_image:291 - Classification: portrait (confidence=77%, faces=1)
2026-04-16 15:33:43 [INFO] photo_editor.classifier.classify_image:291 - Classification: portrait (confidence=77%, faces=1)
2026-04-16 15:33:43 [DEBUG] photo_editor.loader._load_standard:160 - Loaded (OpenCV): C:\Users\Omar.Pacheco\OneDrive - Pariveda Solutions, Inc\Pictures\Japan\1Q5A0055.jpg  shape=(911, 1367, 3)
2026-04-16 15:33:43 [DEBUG] photo_editor.loader._load_standard:160 - Loaded (OpenCV): C:\Users\Omar.Pacheco\OneDrive - Pariveda Solutions, Inc\Pictures\Japan\1Q5A0055.jpg  shape=(911, 1367, 3)
2026-04-16 15:33:43 [INFO] photo_editor.pipeline.process_single_image:169 - Processing: 1Q5A0055.jpg
2026-04-16 15:33:43 [INFO] photo_editor.pipeline.process_single_image:169 - Processing: 1Q5A0055.jpg
2026-04-16 15:33:43 [DEBUG] photo_editor.loader._load_standard:160 - Loaded (OpenCV): C:\Users\Omar.Pacheco\OneDrive - Pariveda Solutions, Inc\Pictures\Japan\1Q5A0055.jpg  shape=(911, 1367, 3)
2026-04-16 15:33:43 [DEBUG] photo_editor.loader._load_standard:160 - Loaded (OpenCV): C:\Users\Omar.Pacheco\OneDrive - Pariveda Solutions, Inc\Pictures\Japan\1Q5A0055.jpg  shape=(911, 1367, 3)
2026-04-16 15:33:43 [DEBUG] photo_editor.classifier.classify_image:219 - Image features: {'brightness': 150.04, 'saturation': 118.58, 'colorfulness': np.float64(58.16), 'edge_density': 0.0172, 'aspect_ratio': 1.501, 'num_faces': 1, 'bg_variance': 21.45, 'width': 1367, 'height': 911}
2026-04-16 15:33:43 [DEBUG] photo_editor.classifier.classify_image:219 - Image features: {'brightness': 150.04, 'saturation': 118.58, 'colorfulness': np.float64(58.16), 'edge_density': 0.0172, 'aspect_ratio': 1.501, 'num_faces': 1, 'bg_variance': 21.45, 'width': 1367, 'height': 911}
2026-04-16 15:33:43 [INFO] photo_editor.classifier.classify_image:291 - Classification: portrait (confidence=77%, faces=1)
2026-04-16 15:33:43 [INFO] photo_editor.classifier.classify_image:291 - Classification: portrait (confidence=77%, faces=1)
2026-04-16 15:33:43 [INFO] photo_editor.profiles.get_profile:407 - Profile: style=auto, category=portrait, strength=medium (×0.7)
2026-04-16 15:33:43 [INFO] photo_editor.profiles.get_profile:407 - Profile: style=auto, category=portrait, strength=medium (×0.7)
2026-04-16 15:33:43 [DEBUG] photo_editor.pipeline.apply_profile:115 -   Applying: Auto Levels (auto_levels) params={'strength': 0.21, 'clip_percent': 0.5}
2026-04-16 15:33:43 [DEBUG] photo_editor.pipeline.apply_profile:115 -   Applying: Auto Levels (auto_levels) params={'strength': 0.21, 'clip_percent': 0.5}
2026-04-16 15:33:43 [DEBUG] photo_editor.pipeline.apply_profile:115 -   Applying: Exposure Correction (adjust_exposure) params={'strength': 0.315, 'target_brightness': 135}
2026-04-16 15:33:43 [DEBUG] photo_editor.pipeline.apply_profile:115 -   Applying: Exposure Correction (adjust_exposure) params={'strength': 0.315, 'target_brightness': 135}
2026-04-16 15:33:43 [DEBUG] photo_editor.pipeline.apply_profile:115 -   Applying: White Balance (adjust_white_balance) params={'strength': 0.27999999999999997}
2026-04-16 15:33:43 [DEBUG] photo_editor.pipeline.apply_profile:115 -   Applying: White Balance (adjust_white_balance) params={'strength': 0.27999999999999997}
2026-04-16 15:33:43 [DEBUG] photo_editor.pipeline.apply_profile:115 -   Applying: Highlight/Shadow Recovery (recover_highlights_shadows) params={'strength': 0.35}
2026-04-16 15:33:43 [DEBUG] photo_editor.pipeline.apply_profile:115 -   Applying: Highlight/Shadow Recovery (recover_highlights_shadows) params={'strength': 0.35}
2026-04-16 15:33:43 [DEBUG] photo_editor.pipeline.apply_profile:115 -   Applying: Contrast (adjust_contrast) params={'strength': 0.21, 'clip_limit': 1.8}
2026-04-16 15:33:43 [DEBUG] photo_editor.pipeline.apply_profile:115 -   Applying: Contrast (adjust_contrast) params={'strength': 0.21, 'clip_limit': 1.8}
2026-04-16 15:33:43 [DEBUG] photo_editor.pipeline.apply_profile:115 -   Applying: Tone Curve (apply_tone_curve) params={'strength': 0.175}
2026-04-16 15:33:43 [DEBUG] photo_editor.pipeline.apply_profile:115 -   Applying: Tone Curve (apply_tone_curve) params={'strength': 0.175}
2026-04-16 15:33:43 [DEBUG] photo_editor.pipeline.apply_profile:115 -   Applying: Vibrance (adjust_vibrance) params={'strength': 0.21, 'amount': 20}
2026-04-16 15:33:43 [DEBUG] photo_editor.pipeline.apply_profile:115 -   Applying: Vibrance (adjust_vibrance) params={'strength': 0.21, 'amount': 20}
2026-04-16 15:33:43 [DEBUG] photo_editor.pipeline.apply_profile:115 -   Applying: Colour Temperature (adjust_temperature) params={'strength': 0.06999999999999999}
2026-04-16 15:33:43 [DEBUG] photo_editor.pipeline.apply_profile:115 -   Applying: Colour Temperature (adjust_temperature) params={'strength': 0.06999999999999999}
2026-04-16 15:33:43 [DEBUG] photo_editor.pipeline.apply_profile:115 -   Applying: Noise Reduction (reduce_noise) params={'strength': 0.24499999999999997}
2026-04-16 15:33:43 [DEBUG] photo_editor.pipeline.apply_profile:115 -   Applying: Noise Reduction (reduce_noise) params={'strength': 0.24499999999999997}
2026-04-16 15:33:43 [WARNING] photo_editor.pipeline.apply_profile:118 -   Edit step 'Noise Reduction' failed: OpenCV(4.13.0) :-1: error: (-5:Bad argument) in function 'fastNlMeansDenoisingColored'
> Overload resolution failed:
>  - 'hForColorComponents' is an invalid keyword argument for fastNlMeansDenoisingColored()
>  - 'hForColorComponents' is an invalid keyword argument for fastNlMeansDenoisingColored()

2026-04-16 15:33:43 [WARNING] photo_editor.pipeline.apply_profile:118 -   Edit step 'Noise Reduction' failed: OpenCV(4.13.0) :-1: error: (-5:Bad argument) in function 'fastNlMeansDenoisingColored'
> Overload resolution failed:
>  - 'hForColorComponents' is an invalid keyword argument for fastNlMeansDenoisingColored()
>  - 'hForColorComponents' is an invalid keyword argument for fastNlMeansDenoisingColored()

2026-04-16 15:33:43 [DEBUG] photo_editor.pipeline.apply_profile:115 -   Applying: Sharpening (sharpen) params={'strength': 0.21, 'kernel_size': 3}
2026-04-16 15:33:43 [DEBUG] photo_editor.pipeline.apply_profile:115 -   Applying: Sharpening (sharpen) params={'strength': 0.21, 'kernel_size': 3}
2026-04-16 15:33:43 [DEBUG] photo_editor.pipeline.apply_profile:115 -   Applying: Straighten (auto_straighten) params={'strength': 0.35}
2026-04-16 15:33:43 [DEBUG] photo_editor.pipeline.apply_profile:115 -   Applying: Straighten (auto_straighten) params={'strength': 0.35}
2026-04-16 15:33:43 [DEBUG] photo_editor.edits.auto_straighten:449 - Auto-straighten: corrected -0.21° tilt
2026-04-16 15:33:43 [DEBUG] photo_editor.edits.auto_straighten:449 - Auto-straighten: corrected -0.21° tilt
2026-04-16 15:33:43 [DEBUG] photo_editor.pipeline.apply_profile:115 -   Applying: Skin Smoothing (smooth_skin) params={'strength': 0.21}
2026-04-16 15:33:43 [DEBUG] photo_editor.pipeline.apply_profile:115 -   Applying: Skin Smoothing (smooth_skin) params={'strength': 0.21}
2026-04-16 15:33:43 [DEBUG] photo_editor.pipeline.apply_profile:115 -   Applying: Vignette (apply_vignette) params={'strength': 0.175}
2026-04-16 15:33:43 [DEBUG] photo_editor.pipeline.apply_profile:115 -   Applying: Vignette (apply_vignette) params={'strength': 0.175}
2026-04-16 15:33:43 [DEBUG] photo_editor.output.save_image:194 - Saved: C:\Users\Omar.Pacheco\OneDrive - Pariveda Solutions, Inc\Pictures\Japan\Edited\1Q5A0055_edited.jpg (229 KB, 1367×911)
2026-04-16 15:33:43 [DEBUG] photo_editor.output.save_image:194 - Saved: C:\Users\Omar.Pacheco\OneDrive - Pariveda Solutions, Inc\Pictures\Japan\Edited\1Q5A0055_edited.jpg (229 KB, 1367×911)
2026-04-16 15:33:43 [DEBUG] photo_editor.metadata.copy_metadata:99 - Metadata copied: C:\Users\Omar.Pacheco\OneDrive - Pariveda Solutions, Inc\Pictures\Japan\1Q5A0055.jpg → C:\Users\Omar.Pacheco\OneDrive - Pariveda Solutions, Inc\Pictures\Japan\Edited\1Q5A0055_edited.jpg
2026-04-16 15:33:43 [DEBUG] photo_editor.metadata.copy_metadata:99 - Metadata copied: C:\Users\Omar.Pacheco\OneDrive - Pariveda Solutions, Inc\Pictures\Japan\1Q5A0055.jpg → C:\Users\Omar.Pacheco\OneDrive - Pariveda Solutions, Inc\Pictures\Japan\Edited\1Q5A0055_edited.jpg
2026-04-16 15:33:43 [INFO] photo_editor.pipeline.process_single_image:227 -   Done: 1Q5A0055_edited.jpg (portrait, 0.5s)
2026-04-16 15:33:43 [INFO] photo_editor.pipeline.process_single_image:227 -   Done: 1Q5A0055_edited.jpg (portrait, 0.5s)
2026-04-16 15:33:47 [DEBUG] photo_editor.loader._load_standard:160 - Loaded (OpenCV): C:\Users\Omar.Pacheco\OneDrive - Pariveda Solutions, Inc\Pictures\Japan\1Q5A0055.jpg  shape=(911, 1367, 3)
2026-04-16 15:33:47 [DEBUG] photo_editor.loader._load_standard:160 - Loaded (OpenCV): C:\Users\Omar.Pacheco\OneDrive - Pariveda Solutions, Inc\Pictures\Japan\1Q5A0055.jpg  shape=(911, 1367, 3)
2026-04-16 15:33:47 [INFO] photo_editor.pipeline.process_single_image:169 - Processing: 1Q5A0055.jpg
2026-04-16 15:33:47 [INFO] photo_editor.pipeline.process_single_image:169 - Processing: 1Q5A0055.jpg
2026-04-16 15:33:47 [DEBUG] photo_editor.loader._load_standard:160 - Loaded (OpenCV): C:\Users\Omar.Pacheco\OneDrive - Pariveda Solutions, Inc\Pictures\Japan\1Q5A0055.jpg  shape=(911, 1367, 3)
2026-04-16 15:33:47 [DEBUG] photo_editor.loader._load_standard:160 - Loaded (OpenCV): C:\Users\Omar.Pacheco\OneDrive - Pariveda Solutions, Inc\Pictures\Japan\1Q5A0055.jpg  shape=(911, 1367, 3)
2026-04-16 15:33:47 [DEBUG] photo_editor.classifier.classify_image:219 - Image features: {'brightness': 150.04, 'saturation': 118.58, 'colorfulness': np.float64(58.16), 'edge_density': 0.0172, 'aspect_ratio': 1.501, 'num_faces': 1, 'bg_variance': 21.45, 'width': 1367, 'height': 911}
2026-04-16 15:33:47 [DEBUG] photo_editor.classifier.classify_image:219 - Image features: {'brightness': 150.04, 'saturation': 118.58, 'colorfulness': np.float64(58.16), 'edge_density': 0.0172, 'aspect_ratio': 1.501, 'num_faces': 1, 'bg_variance': 21.45, 'width': 1367, 'height': 911}
2026-04-16 15:33:47 [INFO] photo_editor.classifier.classify_image:291 - Classification: portrait (confidence=77%, faces=1)
2026-04-16 15:33:47 [INFO] photo_editor.classifier.classify_image:291 - Classification: portrait (confidence=77%, faces=1)
2026-04-16 15:33:47 [INFO] photo_editor.profiles.get_profile:407 - Profile: style=auto, category=portrait, strength=strong (×1.0)
2026-04-16 15:33:47 [INFO] photo_editor.profiles.get_profile:407 - Profile: style=auto, category=portrait, strength=strong (×1.0)
2026-04-16 15:33:47 [DEBUG] photo_editor.pipeline.apply_profile:115 -   Applying: Auto Levels (auto_levels) params={'strength': 0.3, 'clip_percent': 0.5}
2026-04-16 15:33:47 [DEBUG] photo_editor.pipeline.apply_profile:115 -   Applying: Auto Levels (auto_levels) params={'strength': 0.3, 'clip_percent': 0.5}
2026-04-16 15:33:47 [DEBUG] photo_editor.pipeline.apply_profile:115 -   Applying: Exposure Correction (adjust_exposure) params={'strength': 0.45, 'target_brightness': 135}
2026-04-16 15:33:47 [DEBUG] photo_editor.pipeline.apply_profile:115 -   Applying: Exposure Correction (adjust_exposure) params={'strength': 0.45, 'target_brightness': 135}
2026-04-16 15:33:47 [DEBUG] photo_editor.pipeline.apply_profile:115 -   Applying: White Balance (adjust_white_balance) params={'strength': 0.4}
2026-04-16 15:33:47 [DEBUG] photo_editor.pipeline.apply_profile:115 -   Applying: White Balance (adjust_white_balance) params={'strength': 0.4}
2026-04-16 15:33:47 [DEBUG] photo_editor.pipeline.apply_profile:115 -   Applying: Highlight/Shadow Recovery (recover_highlights_shadows) params={'strength': 0.5}
2026-04-16 15:33:47 [DEBUG] photo_editor.pipeline.apply_profile:115 -   Applying: Highlight/Shadow Recovery (recover_highlights_shadows) params={'strength': 0.5}
2026-04-16 15:33:47 [DEBUG] photo_editor.pipeline.apply_profile:115 -   Applying: Contrast (adjust_contrast) params={'strength': 0.3, 'clip_limit': 1.8}
2026-04-16 15:33:47 [DEBUG] photo_editor.pipeline.apply_profile:115 -   Applying: Contrast (adjust_contrast) params={'strength': 0.3, 'clip_limit': 1.8}
2026-04-16 15:33:47 [DEBUG] photo_editor.pipeline.apply_profile:115 -   Applying: Tone Curve (apply_tone_curve) params={'strength': 0.25}
2026-04-16 15:33:47 [DEBUG] photo_editor.pipeline.apply_profile:115 -   Applying: Tone Curve (apply_tone_curve) params={'strength': 0.25}
2026-04-16 15:33:47 [DEBUG] photo_editor.pipeline.apply_profile:115 -   Applying: Vibrance (adjust_vibrance) params={'strength': 0.3, 'amount': 20}
2026-04-16 15:33:47 [DEBUG] photo_editor.pipeline.apply_profile:115 -   Applying: Vibrance (adjust_vibrance) params={'strength': 0.3, 'amount': 20}
2026-04-16 15:33:47 [DEBUG] photo_editor.pipeline.apply_profile:115 -   Applying: Colour Temperature (adjust_temperature) params={'strength': 0.1}
2026-04-16 15:33:47 [DEBUG] photo_editor.pipeline.apply_profile:115 -   Applying: Colour Temperature (adjust_temperature) params={'strength': 0.1}
2026-04-16 15:33:47 [DEBUG] photo_editor.pipeline.apply_profile:115 -   Applying: Noise Reduction (reduce_noise) params={'strength': 0.35}
2026-04-16 15:33:47 [DEBUG] photo_editor.pipeline.apply_profile:115 -   Applying: Noise Reduction (reduce_noise) params={'strength': 0.35}
2026-04-16 15:33:47 [WARNING] photo_editor.pipeline.apply_profile:118 -   Edit step 'Noise Reduction' failed: OpenCV(4.13.0) :-1: error: (-5:Bad argument) in function 'fastNlMeansDenoisingColored'
> Overload resolution failed:
>  - 'hForColorComponents' is an invalid keyword argument for fastNlMeansDenoisingColored()
>  - 'hForColorComponents' is an invalid keyword argument for fastNlMeansDenoisingColored()

2026-04-16 15:33:47 [WARNING] photo_editor.pipeline.apply_profile:118 -   Edit step 'Noise Reduction' failed: OpenCV(4.13.0) :-1: error: (-5:Bad argument) in function 'fastNlMeansDenoisingColored'
> Overload resolution failed:
>  - 'hForColorComponents' is an invalid keyword argument for fastNlMeansDenoisingColored()
>  - 'hForColorComponents' is an invalid keyword argument for fastNlMeansDenoisingColored()

2026-04-16 15:33:47 [DEBUG] photo_editor.pipeline.apply_profile:115 -   Applying: Sharpening (sharpen) params={'strength': 0.3, 'kernel_size': 3}
2026-04-16 15:33:47 [DEBUG] photo_editor.pipeline.apply_profile:115 -   Applying: Sharpening (sharpen) params={'strength': 0.3, 'kernel_size': 3}
2026-04-16 15:33:47 [DEBUG] photo_editor.pipeline.apply_profile:115 -   Applying: Straighten (auto_straighten) params={'strength': 0.5}
2026-04-16 15:33:47 [DEBUG] photo_editor.pipeline.apply_profile:115 -   Applying: Straighten (auto_straighten) params={'strength': 0.5}
2026-04-16 15:33:47 [DEBUG] photo_editor.edits.auto_straighten:449 - Auto-straighten: corrected 0.98° tilt
2026-04-16 15:33:47 [DEBUG] photo_editor.edits.auto_straighten:449 - Auto-straighten: corrected 0.98° tilt
2026-04-16 15:33:47 [DEBUG] photo_editor.pipeline.apply_profile:115 -   Applying: Skin Smoothing (smooth_skin) params={'strength': 0.3}
2026-04-16 15:33:47 [DEBUG] photo_editor.pipeline.apply_profile:115 -   Applying: Skin Smoothing (smooth_skin) params={'strength': 0.3}
2026-04-16 15:33:48 [DEBUG] photo_editor.pipeline.apply_profile:115 -   Applying: Vignette (apply_vignette) params={'strength': 0.25}
2026-04-16 15:33:48 [DEBUG] photo_editor.pipeline.apply_profile:115 -   Applying: Vignette (apply_vignette) params={'strength': 0.25}
2026-04-16 15:33:48 [DEBUG] photo_editor.output.save_image:194 - Saved: C:\Users\Omar.Pacheco\OneDrive - Pariveda Solutions, Inc\Pictures\Japan\Edited\1Q5A0055_edited.jpg (238 KB, 1367×911)
2026-04-16 15:33:48 [DEBUG] photo_editor.output.save_image:194 - Saved: C:\Users\Omar.Pacheco\OneDrive - Pariveda Solutions, Inc\Pictures\Japan\Edited\1Q5A0055_edited.jpg (238 KB, 1367×911)
2026-04-16 15:33:48 [DEBUG] photo_editor.metadata.copy_metadata:99 - Metadata copied: C:\Users\Omar.Pacheco\OneDrive - Pariveda Solutions, Inc\Pictures\Japan\1Q5A0055.jpg → C:\Users\Omar.Pacheco\OneDrive - Pariveda Solutions, Inc\Pictures\Japan\Edited\1Q5A0055_edited.jpg
2026-04-16 15:33:48 [DEBUG] photo_editor.metadata.copy_metadata:99 - Metadata copied: C:\Users\Omar.Pacheco\OneDrive - Pariveda Solutions, Inc\Pictures\Japan\1Q5A0055.jpg → C:\Users\Omar.Pacheco\OneDrive - Pariveda Solutions, Inc\Pictures\Japan\Edited\1Q5A0055_edited.jpg
2026-04-16 15:33:48 [INFO] photo_editor.pipeline.process_single_image:227 -   Done: 1Q5A0055_edited.jpg (portrait, 0.5s)
2026-04-16 15:33:48 [INFO] photo_editor.pipeline.process_single_image:227 -   Done: 1Q5A0055_edited.jpg (portrait, 0.5s)
2026-04-16 15:33:53 [DEBUG] photo_editor.loader._load_standard:160 - Loaded (OpenCV): C:\Users\Omar.Pacheco\OneDrive - Pariveda Solutions, Inc\Pictures\Japan\1Q5A0055.jpg  shape=(911, 1367, 3)
2026-04-16 15:33:53 [DEBUG] photo_editor.loader._load_standard:160 - Loaded (OpenCV): C:\Users\Omar.Pacheco\OneDrive - Pariveda Solutions, Inc\Pictures\Japan\1Q5A0055.jpg  shape=(911, 1367, 3)
2026-04-16 15:33:53 [INFO] photo_editor.pipeline.process_single_image:169 - Processing: 1Q5A0055.jpg
2026-04-16 15:33:53 [INFO] photo_editor.pipeline.process_single_image:169 - Processing: 1Q5A0055.jpg
2026-04-16 15:33:53 [DEBUG] photo_editor.loader._load_standard:160 - Loaded (OpenCV): C:\Users\Omar.Pacheco\OneDrive - Pariveda Solutions, Inc\Pictures\Japan\1Q5A0055.jpg  shape=(911, 1367, 3)
2026-04-16 15:33:53 [DEBUG] photo_editor.loader._load_standard:160 - Loaded (OpenCV): C:\Users\Omar.Pacheco\OneDrive - Pariveda Solutions, Inc\Pictures\Japan\1Q5A0055.jpg  shape=(911, 1367, 3)
2026-04-16 15:33:53 [DEBUG] photo_editor.classifier.classify_image:219 - Image features: {'brightness': 150.04, 'saturation': 118.58, 'colorfulness': np.float64(58.16), 'edge_density': 0.0172, 'aspect_ratio': 1.501, 'num_faces': 1, 'bg_variance': 21.45, 'width': 1367, 'height': 911}
2026-04-16 15:33:53 [DEBUG] photo_editor.classifier.classify_image:219 - Image features: {'brightness': 150.04, 'saturation': 118.58, 'colorfulness': np.float64(58.16), 'edge_density': 0.0172, 'aspect_ratio': 1.501, 'num_faces': 1, 'bg_variance': 21.45, 'width': 1367, 'height': 911}
2026-04-16 15:33:53 [INFO] photo_editor.classifier.classify_image:291 - Classification: portrait (confidence=77%, faces=1)
2026-04-16 15:33:53 [INFO] photo_editor.classifier.classify_image:291 - Classification: portrait (confidence=77%, faces=1)
2026-04-16 15:33:53 [INFO] photo_editor.profiles.get_profile:407 - Profile: style=portrait, category=portrait, strength=strong (×1.0)
2026-04-16 15:33:53 [INFO] photo_editor.profiles.get_profile:407 - Profile: style=portrait, category=portrait, strength=strong (×1.0)
2026-04-16 15:33:53 [DEBUG] photo_editor.pipeline.apply_profile:115 -   Applying: Auto Levels (auto_levels) params={'strength': 0.3, 'clip_percent': 0.5}
2026-04-16 15:33:53 [DEBUG] photo_editor.pipeline.apply_profile:115 -   Applying: Auto Levels (auto_levels) params={'strength': 0.3, 'clip_percent': 0.5}
2026-04-16 15:33:53 [DEBUG] photo_editor.pipeline.apply_profile:115 -   Applying: Exposure Correction (adjust_exposure) params={'strength': 0.45, 'target_brightness': 135}
2026-04-16 15:33:53 [DEBUG] photo_editor.pipeline.apply_profile:115 -   Applying: Exposure Correction (adjust_exposure) params={'strength': 0.45, 'target_brightness': 135}
2026-04-16 15:33:53 [DEBUG] photo_editor.pipeline.apply_profile:115 -   Applying: White Balance (adjust_white_balance) params={'strength': 0.4}
2026-04-16 15:33:53 [DEBUG] photo_editor.pipeline.apply_profile:115 -   Applying: White Balance (adjust_white_balance) params={'strength': 0.4}
2026-04-16 15:33:53 [DEBUG] photo_editor.pipeline.apply_profile:115 -   Applying: Highlight/Shadow Recovery (recover_highlights_shadows) params={'strength': 0.5}
2026-04-16 15:33:53 [DEBUG] photo_editor.pipeline.apply_profile:115 -   Applying: Highlight/Shadow Recovery (recover_highlights_shadows) params={'strength': 0.5}
2026-04-16 15:33:53 [DEBUG] photo_editor.pipeline.apply_profile:115 -   Applying: Contrast (adjust_contrast) params={'strength': 0.3, 'clip_limit': 1.8}
2026-04-16 15:33:53 [DEBUG] photo_editor.pipeline.apply_profile:115 -   Applying: Contrast (adjust_contrast) params={'strength': 0.3, 'clip_limit': 1.8}
2026-04-16 15:33:53 [DEBUG] photo_editor.pipeline.apply_profile:115 -   Applying: Tone Curve (apply_tone_curve) params={'strength': 0.25}
2026-04-16 15:33:53 [DEBUG] photo_editor.pipeline.apply_profile:115 -   Applying: Tone Curve (apply_tone_curve) params={'strength': 0.25}
2026-04-16 15:33:53 [DEBUG] photo_editor.pipeline.apply_profile:115 -   Applying: Vibrance (adjust_vibrance) params={'strength': 0.3, 'amount': 20}
2026-04-16 15:33:53 [DEBUG] photo_editor.pipeline.apply_profile:115 -   Applying: Vibrance (adjust_vibrance) params={'strength': 0.3, 'amount': 20}
2026-04-16 15:33:53 [DEBUG] photo_editor.pipeline.apply_profile:115 -   Applying: Colour Temperature (adjust_temperature) params={'strength': 0.1}
2026-04-16 15:33:53 [DEBUG] photo_editor.pipeline.apply_profile:115 -   Applying: Colour Temperature (adjust_temperature) params={'strength': 0.1}
2026-04-16 15:33:53 [DEBUG] photo_editor.pipeline.apply_profile:115 -   Applying: Noise Reduction (reduce_noise) params={'strength': 0.35}
2026-04-16 15:33:53 [DEBUG] photo_editor.pipeline.apply_profile:115 -   Applying: Noise Reduction (reduce_noise) params={'strength': 0.35}
2026-04-16 15:33:53 [WARNING] photo_editor.pipeline.apply_profile:118 -   Edit step 'Noise Reduction' failed: OpenCV(4.13.0) :-1: error: (-5:Bad argument) in function 'fastNlMeansDenoisingColored'
> Overload resolution failed:
>  - 'hForColorComponents' is an invalid keyword argument for fastNlMeansDenoisingColored()
>  - 'hForColorComponents' is an invalid keyword argument for fastNlMeansDenoisingColored()

2026-04-16 15:33:53 [WARNING] photo_editor.pipeline.apply_profile:118 -   Edit step 'Noise Reduction' failed: OpenCV(4.13.0) :-1: error: (-5:Bad argument) in function 'fastNlMeansDenoisingColored'
> Overload resolution failed:
>  - 'hForColorComponents' is an invalid keyword argument for fastNlMeansDenoisingColored()
>  - 'hForColorComponents' is an invalid keyword argument for fastNlMeansDenoisingColored()

2026-04-16 15:33:53 [DEBUG] photo_editor.pipeline.apply_profile:115 -   Applying: Sharpening (sharpen) params={'strength': 0.3, 'kernel_size': 3}
2026-04-16 15:33:53 [DEBUG] photo_editor.pipeline.apply_profile:115 -   Applying: Sharpening (sharpen) params={'strength': 0.3, 'kernel_size': 3}
2026-04-16 15:33:53 [DEBUG] photo_editor.pipeline.apply_profile:115 -   Applying: Straighten (auto_straighten) params={'strength': 0.5}
2026-04-16 15:33:53 [DEBUG] photo_editor.pipeline.apply_profile:115 -   Applying: Straighten (auto_straighten) params={'strength': 0.5}
2026-04-16 15:33:53 [DEBUG] photo_editor.edits.auto_straighten:449 - Auto-straighten: corrected 0.98° tilt
2026-04-16 15:33:53 [DEBUG] photo_editor.edits.auto_straighten:449 - Auto-straighten: corrected 0.98° tilt
2026-04-16 15:33:53 [DEBUG] photo_editor.pipeline.apply_profile:115 -   Applying: Skin Smoothing (smooth_skin) params={'strength': 0.3}
2026-04-16 15:33:53 [DEBUG] photo_editor.pipeline.apply_profile:115 -   Applying: Skin Smoothing (smooth_skin) params={'strength': 0.3}
2026-04-16 15:33:53 [DEBUG] photo_editor.pipeline.apply_profile:115 -   Applying: Vignette (apply_vignette) params={'strength': 0.25}
2026-04-16 15:33:53 [DEBUG] photo_editor.pipeline.apply_profile:115 -   Applying: Vignette (apply_vignette) params={'strength': 0.25}
2026-04-16 15:33:53 [DEBUG] photo_editor.output.save_image:194 - Saved: C:\Users\Omar.Pacheco\OneDrive - Pariveda Solutions, Inc\Pictures\Japan\Edited_Portrait\1Q5A0055_portrait.jpg (238 KB, 1367×911)
2026-04-16 15:33:53 [DEBUG] photo_editor.output.save_image:194 - Saved: C:\Users\Omar.Pacheco\OneDrive - Pariveda Solutions, Inc\Pictures\Japan\Edited_Portrait\1Q5A0055_portrait.jpg (238 KB, 1367×911)
2026-04-16 15:33:53 [DEBUG] photo_editor.metadata.copy_metadata:99 - Metadata copied: C:\Users\Omar.Pacheco\OneDrive - Pariveda Solutions, Inc\Pictures\Japan\1Q5A0055.jpg → C:\Users\Omar.Pacheco\OneDrive - Pariveda Solutions, Inc\Pictures\Japan\Edited_Portrait\1Q5A0055_portrait.jpg
2026-04-16 15:33:53 [DEBUG] photo_editor.metadata.copy_metadata:99 - Metadata copied: C:\Users\Omar.Pacheco\OneDrive - Pariveda Solutions, Inc\Pictures\Japan\1Q5A0055.jpg → C:\Users\Omar.Pacheco\OneDrive - Pariveda Solutions, Inc\Pictures\Japan\Edited_Portrait\1Q5A0055_portrait.jpg
2026-04-16 15:33:53 [INFO] photo_editor.pipeline.process_single_image:227 -   Done: 1Q5A0055_portrait.jpg (portrait, 0.5s)
2026-04-16 15:33:53 [INFO] photo_editor.pipeline.process_single_image:227 -   Done: 1Q5A0055_portrait.jpg (portrait, 0.5s)
2026-04-16 15:33:56 [DEBUG] photo_editor.loader._load_standard:160 - Loaded (OpenCV): C:\Users\Omar.Pacheco\OneDrive - Pariveda Solutions, Inc\Pictures\Japan\1Q5A0055.jpg  shape=(911, 1367, 3)
2026-04-16 15:33:56 [DEBUG] photo_editor.loader._load_standard:160 - Loaded (OpenCV): C:\Users\Omar.Pacheco\OneDrive - Pariveda Solutions, Inc\Pictures\Japan\1Q5A0055.jpg  shape=(911, 1367, 3)
2026-04-16 15:33:56 [INFO] photo_editor.pipeline.process_single_image:169 - Processing: 1Q5A0055.jpg
2026-04-16 15:33:56 [INFO] photo_editor.pipeline.process_single_image:169 - Processing: 1Q5A0055.jpg
2026-04-16 15:33:56 [DEBUG] photo_editor.loader._load_standard:160 - Loaded (OpenCV): C:\Users\Omar.Pacheco\OneDrive - Pariveda Solutions, Inc\Pictures\Japan\1Q5A0055.jpg  shape=(911, 1367, 3)
2026-04-16 15:33:56 [DEBUG] photo_editor.loader._load_standard:160 - Loaded (OpenCV): C:\Users\Omar.Pacheco\OneDrive - Pariveda Solutions, Inc\Pictures\Japan\1Q5A0055.jpg  shape=(911, 1367, 3)
2026-04-16 15:33:56 [DEBUG] photo_editor.classifier.classify_image:219 - Image features: {'brightness': 150.04, 'saturation': 118.58, 'colorfulness': np.float64(58.16), 'edge_density': 0.0172, 'aspect_ratio': 1.501, 'num_faces': 1, 'bg_variance': 21.45, 'width': 1367, 'height': 911}
2026-04-16 15:33:56 [DEBUG] photo_editor.classifier.classify_image:219 - Image features: {'brightness': 150.04, 'saturation': 118.58, 'colorfulness': np.float64(58.16), 'edge_density': 0.0172, 'aspect_ratio': 1.501, 'num_faces': 1, 'bg_variance': 21.45, 'width': 1367, 'height': 911}
2026-04-16 15:33:56 [INFO] photo_editor.classifier.classify_image:291 - Classification: portrait (confidence=77%, faces=1)
2026-04-16 15:33:56 [INFO] photo_editor.classifier.classify_image:291 - Classification: portrait (confidence=77%, faces=1)
2026-04-16 15:33:56 [INFO] photo_editor.profiles.get_profile:407 - Profile: style=high_contrast, category=portrait, strength=strong (×1.0)
2026-04-16 15:33:56 [INFO] photo_editor.profiles.get_profile:407 - Profile: style=high_contrast, category=portrait, strength=strong (×1.0)
2026-04-16 15:33:56 [DEBUG] photo_editor.pipeline.apply_profile:115 -   Applying: Auto Levels (auto_levels) params={'strength': 0.5, 'clip_percent': 1.5}
2026-04-16 15:33:56 [DEBUG] photo_editor.pipeline.apply_profile:115 -   Applying: Auto Levels (auto_levels) params={'strength': 0.5, 'clip_percent': 1.5}
2026-04-16 15:33:56 [DEBUG] photo_editor.pipeline.apply_profile:115 -   Applying: Exposure Correction (adjust_exposure) params={'strength': 0.5, 'target_brightness': 128}
2026-04-16 15:33:56 [DEBUG] photo_editor.pipeline.apply_profile:115 -   Applying: Exposure Correction (adjust_exposure) params={'strength': 0.5, 'target_brightness': 128}
2026-04-16 15:33:56 [DEBUG] photo_editor.pipeline.apply_profile:115 -   Applying: White Balance (adjust_white_balance) params={'strength': 0.35}
2026-04-16 15:33:56 [DEBUG] photo_editor.pipeline.apply_profile:115 -   Applying: White Balance (adjust_white_balance) params={'strength': 0.35}
2026-04-16 15:33:56 [DEBUG] photo_editor.pipeline.apply_profile:115 -   Applying: Highlight/Shadow Recovery (recover_highlights_shadows) params={'strength': 0.3}
2026-04-16 15:33:56 [DEBUG] photo_editor.pipeline.apply_profile:115 -   Applying: Highlight/Shadow Recovery (recover_highlights_shadows) params={'strength': 0.3}
2026-04-16 15:33:56 [DEBUG] photo_editor.pipeline.apply_profile:115 -   Applying: Contrast (adjust_contrast) params={'strength': 0.7, 'clip_limit': 3.0}
2026-04-16 15:33:56 [DEBUG] photo_editor.pipeline.apply_profile:115 -   Applying: Contrast (adjust_contrast) params={'strength': 0.7, 'clip_limit': 3.0}
2026-04-16 15:33:56 [DEBUG] photo_editor.pipeline.apply_profile:115 -   Applying: Tone Curve (apply_tone_curve) params={'strength': 0.6}
2026-04-16 15:33:56 [DEBUG] photo_editor.pipeline.apply_profile:115 -   Applying: Tone Curve (apply_tone_curve) params={'strength': 0.6}
2026-04-16 15:33:56 [DEBUG] photo_editor.pipeline.apply_profile:115 -   Applying: Vibrance (adjust_vibrance) params={'strength': 0.4, 'amount': 25}
2026-04-16 15:33:56 [DEBUG] photo_editor.pipeline.apply_profile:115 -   Applying: Vibrance (adjust_vibrance) params={'strength': 0.4, 'amount': 25}
2026-04-16 15:33:56 [DEBUG] photo_editor.pipeline.apply_profile:115 -   Applying: Noise Reduction (reduce_noise) params={'strength': 0.2}
2026-04-16 15:33:56 [DEBUG] photo_editor.pipeline.apply_profile:115 -   Applying: Noise Reduction (reduce_noise) params={'strength': 0.2}
2026-04-16 15:33:56 [WARNING] photo_editor.pipeline.apply_profile:118 -   Edit step 'Noise Reduction' failed: OpenCV(4.13.0) :-1: error: (-5:Bad argument) in function 'fastNlMeansDenoisingColored'
> Overload resolution failed:
>  - 'hForColorComponents' is an invalid keyword argument for fastNlMeansDenoisingColored()
>  - 'hForColorComponents' is an invalid keyword argument for fastNlMeansDenoisingColored()

2026-04-16 15:33:56 [WARNING] photo_editor.pipeline.apply_profile:118 -   Edit step 'Noise Reduction' failed: OpenCV(4.13.0) :-1: error: (-5:Bad argument) in function 'fastNlMeansDenoisingColored'
> Overload resolution failed:
>  - 'hForColorComponents' is an invalid keyword argument for fastNlMeansDenoisingColored()
>  - 'hForColorComponents' is an invalid keyword argument for fastNlMeansDenoisingColored()

2026-04-16 15:33:56 [DEBUG] photo_editor.pipeline.apply_profile:115 -   Applying: Sharpening (sharpen) params={'strength': 0.5, 'kernel_size': 3}
2026-04-16 15:33:56 [DEBUG] photo_editor.pipeline.apply_profile:115 -   Applying: Sharpening (sharpen) params={'strength': 0.5, 'kernel_size': 3}
2026-04-16 15:33:56 [DEBUG] photo_editor.pipeline.apply_profile:115 -   Applying: Straighten (auto_straighten) params={'strength': 0.5}
2026-04-16 15:33:56 [DEBUG] photo_editor.pipeline.apply_profile:115 -   Applying: Straighten (auto_straighten) params={'strength': 0.5}
2026-04-16 15:33:56 [DEBUG] photo_editor.edits.auto_straighten:449 - Auto-straighten: corrected -0.00° tilt
2026-04-16 15:33:56 [DEBUG] photo_editor.edits.auto_straighten:449 - Auto-straighten: corrected -0.00° tilt
2026-04-16 15:33:56 [DEBUG] photo_editor.pipeline.apply_profile:115 -   Applying: Skin Smoothing (smooth_skin) params={'strength': 0.15}
2026-04-16 15:33:56 [DEBUG] photo_editor.pipeline.apply_profile:115 -   Applying: Skin Smoothing (smooth_skin) params={'strength': 0.15}
2026-04-16 15:33:56 [DEBUG] photo_editor.pipeline.apply_profile:115 -   Applying: Vignette (apply_vignette) params={'strength': 0.5}
2026-04-16 15:33:56 [DEBUG] photo_editor.pipeline.apply_profile:115 -   Applying: Vignette (apply_vignette) params={'strength': 0.5}
2026-04-16 15:33:56 [DEBUG] photo_editor.output.save_image:194 - Saved: C:\Users\Omar.Pacheco\OneDrive - Pariveda Solutions, Inc\Pictures\Japan\Edited_HighContrast\1Q5A0055_highcontrast.jpg (270 KB, 1367×911)
2026-04-16 15:33:56 [DEBUG] photo_editor.output.save_image:194 - Saved: C:\Users\Omar.Pacheco\OneDrive - Pariveda Solutions, Inc\Pictures\Japan\Edited_HighContrast\1Q5A0055_highcontrast.jpg (270 KB, 1367×911)
2026-04-16 15:33:56 [DEBUG] photo_editor.metadata.copy_metadata:99 - Metadata copied: C:\Users\Omar.Pacheco\OneDrive - Pariveda Solutions, Inc\Pictures\Japan\1Q5A0055.jpg → C:\Users\Omar.Pacheco\OneDrive - Pariveda Solutions, Inc\Pictures\Japan\Edited_HighContrast\1Q5A0055_highcontrast.jpg
2026-04-16 15:33:56 [DEBUG] photo_editor.metadata.copy_metadata:99 - Metadata copied: C:\Users\Omar.Pacheco\OneDrive - Pariveda Solutions, Inc\Pictures\Japan\1Q5A0055.jpg → C:\Users\Omar.Pacheco\OneDrive - Pariveda Solutions, Inc\Pictures\Japan\Edited_HighContrast\1Q5A0055_highcontrast.jpg
2026-04-16 15:33:56 [INFO] photo_editor.pipeline.process_single_image:227 -   Done: 1Q5A0055_highcontrast.jpg (portrait, 0.5s)
2026-04-16 15:33:56 [INFO] photo_editor.pipeline.process_single_image:227 -   Done: 1Q5A0055_highcontrast.jpg (portrait, 0.5s)
2026-04-16 15:33:59 [DEBUG] photo_editor.loader._load_standard:160 - Loaded (OpenCV): C:\Users\Omar.Pacheco\OneDrive - Pariveda Solutions, Inc\Pictures\Japan\1Q5A0055.jpg  shape=(911, 1367, 3)
2026-04-16 15:33:59 [DEBUG] photo_editor.loader._load_standard:160 - Loaded (OpenCV): C:\Users\Omar.Pacheco\OneDrive - Pariveda Solutions, Inc\Pictures\Japan\1Q5A0055.jpg  shape=(911, 1367, 3)
2026-04-16 15:33:59 [INFO] photo_editor.pipeline.process_single_image:169 - Processing: 1Q5A0055.jpg
2026-04-16 15:33:59 [INFO] photo_editor.pipeline.process_single_image:169 - Processing: 1Q5A0055.jpg
2026-04-16 15:33:59 [DEBUG] photo_editor.loader._load_standard:160 - Loaded (OpenCV): C:\Users\Omar.Pacheco\OneDrive - Pariveda Solutions, Inc\Pictures\Japan\1Q5A0055.jpg  shape=(911, 1367, 3)
2026-04-16 15:33:59 [DEBUG] photo_editor.loader._load_standard:160 - Loaded (OpenCV): C:\Users\Omar.Pacheco\OneDrive - Pariveda Solutions, Inc\Pictures\Japan\1Q5A0055.jpg  shape=(911, 1367, 3)
2026-04-16 15:33:59 [DEBUG] photo_editor.classifier.classify_image:219 - Image features: {'brightness': 150.04, 'saturation': 118.58, 'colorfulness': np.float64(58.16), 'edge_density': 0.0172, 'aspect_ratio': 1.501, 'num_faces': 1, 'bg_variance': 21.45, 'width': 1367, 'height': 911}
2026-04-16 15:33:59 [DEBUG] photo_editor.classifier.classify_image:219 - Image features: {'brightness': 150.04, 'saturation': 118.58, 'colorfulness': np.float64(58.16), 'edge_density': 0.0172, 'aspect_ratio': 1.501, 'num_faces': 1, 'bg_variance': 21.45, 'width': 1367, 'height': 911}
2026-04-16 15:33:59 [INFO] photo_editor.classifier.classify_image:291 - Classification: portrait (confidence=77%, faces=1)
2026-04-16 15:33:59 [INFO] photo_editor.classifier.classify_image:291 - Classification: portrait (confidence=77%, faces=1)
2026-04-16 15:33:59 [INFO] photo_editor.profiles.get_profile:407 - Profile: style=natural, category=portrait, strength=strong (×1.0)
2026-04-16 15:33:59 [INFO] photo_editor.profiles.get_profile:407 - Profile: style=natural, category=portrait, strength=strong (×1.0)
2026-04-16 15:33:59 [DEBUG] photo_editor.pipeline.apply_profile:115 -   Applying: Auto Levels (auto_levels) params={'strength': 0.25, 'clip_percent': 0.5}
2026-04-16 15:33:59 [DEBUG] photo_editor.pipeline.apply_profile:115 -   Applying: Auto Levels (auto_levels) params={'strength': 0.25, 'clip_percent': 0.5}
2026-04-16 15:33:59 [DEBUG] photo_editor.pipeline.apply_profile:115 -   Applying: Exposure Correction (adjust_exposure) params={'strength': 0.35, 'target_brightness': 128}
2026-04-16 15:33:59 [DEBUG] photo_editor.pipeline.apply_profile:115 -   Applying: Exposure Correction (adjust_exposure) params={'strength': 0.35, 'target_brightness': 128}
2026-04-16 15:33:59 [DEBUG] photo_editor.pipeline.apply_profile:115 -   Applying: White Balance (adjust_white_balance) params={'strength': 0.3}
2026-04-16 15:33:59 [DEBUG] photo_editor.pipeline.apply_profile:115 -   Applying: White Balance (adjust_white_balance) params={'strength': 0.3}
2026-04-16 15:33:59 [DEBUG] photo_editor.pipeline.apply_profile:115 -   Applying: Highlight/Shadow Recovery (recover_highlights_shadows) params={'strength': 0.3}
2026-04-16 15:33:59 [DEBUG] photo_editor.pipeline.apply_profile:115 -   Applying: Highlight/Shadow Recovery (recover_highlights_shadows) params={'strength': 0.3}
2026-04-16 15:33:59 [DEBUG] photo_editor.pipeline.apply_profile:115 -   Applying: Contrast (adjust_contrast) params={'strength': 0.2, 'clip_limit': 1.5}
2026-04-16 15:33:59 [DEBUG] photo_editor.pipeline.apply_profile:115 -   Applying: Contrast (adjust_contrast) params={'strength': 0.2, 'clip_limit': 1.5}
2026-04-16 15:33:59 [DEBUG] photo_editor.pipeline.apply_profile:115 -   Applying: Tone Curve (apply_tone_curve) params={'strength': 0.15}
2026-04-16 15:33:59 [DEBUG] photo_editor.pipeline.apply_profile:115 -   Applying: Tone Curve (apply_tone_curve) params={'strength': 0.15}
2026-04-16 15:33:59 [DEBUG] photo_editor.pipeline.apply_profile:115 -   Applying: Vibrance (adjust_vibrance) params={'strength': 0.2, 'amount': 15}
2026-04-16 15:33:59 [DEBUG] photo_editor.pipeline.apply_profile:115 -   Applying: Vibrance (adjust_vibrance) params={'strength': 0.2, 'amount': 15}
2026-04-16 15:33:59 [DEBUG] photo_editor.pipeline.apply_profile:115 -   Applying: Noise Reduction (reduce_noise) params={'strength': 0.2}
2026-04-16 15:33:59 [DEBUG] photo_editor.pipeline.apply_profile:115 -   Applying: Noise Reduction (reduce_noise) params={'strength': 0.2}
2026-04-16 15:33:59 [WARNING] photo_editor.pipeline.apply_profile:118 -   Edit step 'Noise Reduction' failed: OpenCV(4.13.0) :-1: error: (-5:Bad argument) in function 'fastNlMeansDenoisingColored'
> Overload resolution failed:
>  - 'hForColorComponents' is an invalid keyword argument for fastNlMeansDenoisingColored()
>  - 'hForColorComponents' is an invalid keyword argument for fastNlMeansDenoisingColored()

2026-04-16 15:33:59 [WARNING] photo_editor.pipeline.apply_profile:118 -   Edit step 'Noise Reduction' failed: OpenCV(4.13.0) :-1: error: (-5:Bad argument) in function 'fastNlMeansDenoisingColored'
> Overload resolution failed:
>  - 'hForColorComponents' is an invalid keyword argument for fastNlMeansDenoisingColored()
>  - 'hForColorComponents' is an invalid keyword argument for fastNlMeansDenoisingColored()

2026-04-16 15:33:59 [DEBUG] photo_editor.pipeline.apply_profile:115 -   Applying: Sharpening (sharpen) params={'strength': 0.25, 'kernel_size': 3}
2026-04-16 15:33:59 [DEBUG] photo_editor.pipeline.apply_profile:115 -   Applying: Sharpening (sharpen) params={'strength': 0.25, 'kernel_size': 3}
2026-04-16 15:33:59 [DEBUG] photo_editor.pipeline.apply_profile:115 -   Applying: Straighten (auto_straighten) params={'strength': 0.5}
2026-04-16 15:33:59 [DEBUG] photo_editor.pipeline.apply_profile:115 -   Applying: Straighten (auto_straighten) params={'strength': 0.5}
2026-04-16 15:33:59 [DEBUG] photo_editor.edits.auto_straighten:449 - Auto-straighten: corrected -2.25° tilt
2026-04-16 15:33:59 [DEBUG] photo_editor.edits.auto_straighten:449 - Auto-straighten: corrected -2.25° tilt
2026-04-16 15:33:59 [DEBUG] photo_editor.pipeline.apply_profile:115 -   Applying: Skin Smoothing (smooth_skin) params={'strength': 0.15}
2026-04-16 15:33:59 [DEBUG] photo_editor.pipeline.apply_profile:115 -   Applying: Skin Smoothing (smooth_skin) params={'strength': 0.15}
2026-04-16 15:33:59 [DEBUG] photo_editor.output.save_image:194 - Saved: C:\Users\Omar.Pacheco\OneDrive - Pariveda Solutions, Inc\Pictures\Japan\Edited_Natural\1Q5A0055_natural.jpg (239 KB, 1367×911)
2026-04-16 15:33:59 [DEBUG] photo_editor.output.save_image:194 - Saved: C:\Users\Omar.Pacheco\OneDrive - Pariveda Solutions, Inc\Pictures\Japan\Edited_Natural\1Q5A0055_natural.jpg (239 KB, 1367×911)
2026-04-16 15:33:59 [DEBUG] photo_editor.metadata.copy_metadata:99 - Metadata copied: C:\Users\Omar.Pacheco\OneDrive - Pariveda Solutions, Inc\Pictures\Japan\1Q5A0055.jpg → C:\Users\Omar.Pacheco\OneDrive - Pariveda Solutions, Inc\Pictures\Japan\Edited_Natural\1Q5A0055_natural.jpg
2026-04-16 15:33:59 [DEBUG] photo_editor.metadata.copy_metadata:99 - Metadata copied: C:\Users\Omar.Pacheco\OneDrive - Pariveda Solutions, Inc\Pictures\Japan\1Q5A0055.jpg → C:\Users\Omar.Pacheco\OneDrive - Pariveda Solutions, Inc\Pictures\Japan\Edited_Natural\1Q5A0055_natural.jpg
2026-04-16 15:33:59 [INFO] photo_editor.pipeline.process_single_image:227 -   Done: 1Q5A0055_natural.jpg (portrait, 0.4s)
2026-04-16 15:33:59 [INFO] photo_editor.pipeline.process_single_image:227 -   Done: 1Q5A0055_natural.jpg (portrait, 0.4s)
2026-04-16 15:34:03 [DEBUG] photo_editor.loader._load_standard:160 - Loaded (OpenCV): C:\Users\Omar.Pacheco\OneDrive - Pariveda Solutions, Inc\Pictures\Japan\1Q5A0055.jpg  shape=(911, 1367, 3)
2026-04-16 15:34:03 [DEBUG] photo_editor.loader._load_standard:160 - Loaded (OpenCV): C:\Users\Omar.Pacheco\OneDrive - Pariveda Solutions, Inc\Pictures\Japan\1Q5A0055.jpg  shape=(911, 1367, 3)
2026-04-16 15:34:03 [INFO] photo_editor.pipeline.process_single_image:169 - Processing: 1Q5A0055.jpg
2026-04-16 15:34:03 [INFO] photo_editor.pipeline.process_single_image:169 - Processing: 1Q5A0055.jpg
2026-04-16 15:34:03 [DEBUG] photo_editor.loader._load_standard:160 - Loaded (OpenCV): C:\Users\Omar.Pacheco\OneDrive - Pariveda Solutions, Inc\Pictures\Japan\1Q5A0055.jpg  shape=(911, 1367, 3)
2026-04-16 15:34:03 [DEBUG] photo_editor.loader._load_standard:160 - Loaded (OpenCV): C:\Users\Omar.Pacheco\OneDrive - Pariveda Solutions, Inc\Pictures\Japan\1Q5A0055.jpg  shape=(911, 1367, 3)
2026-04-16 15:34:03 [INFO] photo_editor.profiles.get_profile:407 - Profile: style=natural, category=indoor, strength=strong (×1.0)
2026-04-16 15:34:03 [INFO] photo_editor.profiles.get_profile:407 - Profile: style=natural, category=indoor, strength=strong (×1.0)
2026-04-16 15:34:03 [DEBUG] photo_editor.pipeline.apply_profile:115 -   Applying: Auto Levels (auto_levels) params={'strength': 0.25, 'clip_percent': 0.5}
2026-04-16 15:34:03 [DEBUG] photo_editor.pipeline.apply_profile:115 -   Applying: Auto Levels (auto_levels) params={'strength': 0.25, 'clip_percent': 0.5}
2026-04-16 15:34:03 [DEBUG] photo_editor.pipeline.apply_profile:115 -   Applying: Exposure Correction (adjust_exposure) params={'strength': 0.35, 'target_brightness': 128}
2026-04-16 15:34:03 [DEBUG] photo_editor.pipeline.apply_profile:115 -   Applying: Exposure Correction (adjust_exposure) params={'strength': 0.35, 'target_brightness': 128}
2026-04-16 15:34:03 [DEBUG] photo_editor.pipeline.apply_profile:115 -   Applying: White Balance (adjust_white_balance) params={'strength': 0.3}
2026-04-16 15:34:03 [DEBUG] photo_editor.pipeline.apply_profile:115 -   Applying: White Balance (adjust_white_balance) params={'strength': 0.3}
2026-04-16 15:34:03 [DEBUG] photo_editor.pipeline.apply_profile:115 -   Applying: Highlight/Shadow Recovery (recover_highlights_shadows) params={'strength': 0.3}
2026-04-16 15:34:03 [DEBUG] photo_editor.pipeline.apply_profile:115 -   Applying: Highlight/Shadow Recovery (recover_highlights_shadows) params={'strength': 0.3}
2026-04-16 15:34:03 [DEBUG] photo_editor.pipeline.apply_profile:115 -   Applying: Contrast (adjust_contrast) params={'strength': 0.2, 'clip_limit': 1.5}
2026-04-16 15:34:03 [DEBUG] photo_editor.pipeline.apply_profile:115 -   Applying: Contrast (adjust_contrast) params={'strength': 0.2, 'clip_limit': 1.5}
2026-04-16 15:34:03 [DEBUG] photo_editor.pipeline.apply_profile:115 -   Applying: Tone Curve (apply_tone_curve) params={'strength': 0.15}
2026-04-16 15:34:03 [DEBUG] photo_editor.pipeline.apply_profile:115 -   Applying: Tone Curve (apply_tone_curve) params={'strength': 0.15}
2026-04-16 15:34:03 [DEBUG] photo_editor.pipeline.apply_profile:115 -   Applying: Vibrance (adjust_vibrance) params={'strength': 0.2, 'amount': 15}
2026-04-16 15:34:03 [DEBUG] photo_editor.pipeline.apply_profile:115 -   Applying: Vibrance (adjust_vibrance) params={'strength': 0.2, 'amount': 15}
2026-04-16 15:34:04 [DEBUG] photo_editor.pipeline.apply_profile:115 -   Applying: Noise Reduction (reduce_noise) params={'strength': 0.2}
2026-04-16 15:34:04 [DEBUG] photo_editor.pipeline.apply_profile:115 -   Applying: Noise Reduction (reduce_noise) params={'strength': 0.2}
2026-04-16 15:34:04 [WARNING] photo_editor.pipeline.apply_profile:118 -   Edit step 'Noise Reduction' failed: OpenCV(4.13.0) :-1: error: (-5:Bad argument) in function 'fastNlMeansDenoisingColored'
> Overload resolution failed:
>  - 'hForColorComponents' is an invalid keyword argument for fastNlMeansDenoisingColored()
>  - 'hForColorComponents' is an invalid keyword argument for fastNlMeansDenoisingColored()

2026-04-16 15:34:04 [WARNING] photo_editor.pipeline.apply_profile:118 -   Edit step 'Noise Reduction' failed: OpenCV(4.13.0) :-1: error: (-5:Bad argument) in function 'fastNlMeansDenoisingColored'
> Overload resolution failed:
>  - 'hForColorComponents' is an invalid keyword argument for fastNlMeansDenoisingColored()
>  - 'hForColorComponents' is an invalid keyword argument for fastNlMeansDenoisingColored()

2026-04-16 15:34:04 [DEBUG] photo_editor.pipeline.apply_profile:115 -   Applying: Sharpening (sharpen) params={'strength': 0.25, 'kernel_size': 3}
2026-04-16 15:34:04 [DEBUG] photo_editor.pipeline.apply_profile:115 -   Applying: Sharpening (sharpen) params={'strength': 0.25, 'kernel_size': 3}
2026-04-16 15:34:04 [DEBUG] photo_editor.pipeline.apply_profile:115 -   Applying: Straighten (auto_straighten) params={'strength': 0.5}
2026-04-16 15:34:04 [DEBUG] photo_editor.pipeline.apply_profile:115 -   Applying: Straighten (auto_straighten) params={'strength': 0.5}
2026-04-16 15:34:04 [DEBUG] photo_editor.edits.auto_straighten:449 - Auto-straighten: corrected -2.25° tilt
2026-04-16 15:34:04 [DEBUG] photo_editor.edits.auto_straighten:449 - Auto-straighten: corrected -2.25° tilt
2026-04-16 15:34:04 [DEBUG] photo_editor.output.save_image:194 - Saved: C:\Users\Omar.Pacheco\OneDrive - Pariveda Solutions, Inc\Pictures\Japan\Edited_Natural\1Q5A0055_natural.jpg (251 KB, 1367×911)
2026-04-16 15:34:04 [DEBUG] photo_editor.output.save_image:194 - Saved: C:\Users\Omar.Pacheco\OneDrive - Pariveda Solutions, Inc\Pictures\Japan\Edited_Natural\1Q5A0055_natural.jpg (251 KB, 1367×911)
2026-04-16 15:34:04 [DEBUG] photo_editor.metadata.copy_metadata:99 - Metadata copied: C:\Users\Omar.Pacheco\OneDrive - Pariveda Solutions, Inc\Pictures\Japan\1Q5A0055.jpg → C:\Users\Omar.Pacheco\OneDrive - Pariveda Solutions, Inc\Pictures\Japan\Edited_Natural\1Q5A0055_natural.jpg
2026-04-16 15:34:04 [DEBUG] photo_editor.metadata.copy_metadata:99 - Metadata copied: C:\Users\Omar.Pacheco\OneDrive - Pariveda Solutions, Inc\Pictures\Japan\1Q5A0055.jpg → C:\Users\Omar.Pacheco\OneDrive - Pariveda Solutions, Inc\Pictures\Japan\Edited_Natural\1Q5A0055_natural.jpg
2026-04-16 15:34:04 [INFO] photo_editor.pipeline.process_single_image:227 -   Done: 1Q5A0055_natural.jpg (indoor, 0.3s)
2026-04-16 15:34:04 [INFO] photo_editor.pipeline.process_single_image:227 -   Done: 1Q5A0055_natural.jpg (indoor, 0.3s)
2026-04-16 15:34:10 [DEBUG] photo_editor.loader._load_standard:160 - Loaded (OpenCV): C:\Users\Omar.Pacheco\OneDrive - Pariveda Solutions, Inc\Pictures\Japan\1Q5A0055.jpg  shape=(911, 1367, 3)
2026-04-16 15:34:10 [DEBUG] photo_editor.loader._load_standard:160 - Loaded (OpenCV): C:\Users\Omar.Pacheco\OneDrive - Pariveda Solutions, Inc\Pictures\Japan\1Q5A0055.jpg  shape=(911, 1367, 3)
2026-04-16 15:34:10 [INFO] photo_editor.pipeline.process_single_image:169 - Processing: 1Q5A0055.jpg
2026-04-16 15:34:10 [INFO] photo_editor.pipeline.process_single_image:169 - Processing: 1Q5A0055.jpg
2026-04-16 15:34:10 [DEBUG] photo_editor.loader._load_standard:160 - Loaded (OpenCV): C:\Users\Omar.Pacheco\OneDrive - Pariveda Solutions, Inc\Pictures\Japan\1Q5A0055.jpg  shape=(911, 1367, 3)
2026-04-16 15:34:10 [DEBUG] photo_editor.loader._load_standard:160 - Loaded (OpenCV): C:\Users\Omar.Pacheco\OneDrive - Pariveda Solutions, Inc\Pictures\Japan\1Q5A0055.jpg  shape=(911, 1367, 3)
2026-04-16 15:34:10 [INFO] photo_editor.profiles.get_profile:407 - Profile: style=natural, category=landscape, strength=strong (×1.0)
2026-04-16 15:34:10 [INFO] photo_editor.profiles.get_profile:407 - Profile: style=natural, category=landscape, strength=strong (×1.0)
2026-04-16 15:34:10 [DEBUG] photo_editor.pipeline.apply_profile:115 -   Applying: Auto Levels (auto_levels) params={'strength': 0.25, 'clip_percent': 0.5}
2026-04-16 15:34:10 [DEBUG] photo_editor.pipeline.apply_profile:115 -   Applying: Auto Levels (auto_levels) params={'strength': 0.25, 'clip_percent': 0.5}
2026-04-16 15:34:10 [DEBUG] photo_editor.pipeline.apply_profile:115 -   Applying: Exposure Correction (adjust_exposure) params={'strength': 0.35, 'target_brightness': 128}
2026-04-16 15:34:10 [DEBUG] photo_editor.pipeline.apply_profile:115 -   Applying: Exposure Correction (adjust_exposure) params={'strength': 0.35, 'target_brightness': 128}
2026-04-16 15:34:10 [DEBUG] photo_editor.pipeline.apply_profile:115 -   Applying: White Balance (adjust_white_balance) params={'strength': 0.3}
2026-04-16 15:34:10 [DEBUG] photo_editor.pipeline.apply_profile:115 -   Applying: White Balance (adjust_white_balance) params={'strength': 0.3}
2026-04-16 15:34:10 [DEBUG] photo_editor.pipeline.apply_profile:115 -   Applying: Highlight/Shadow Recovery (recover_highlights_shadows) params={'strength': 0.3}
2026-04-16 15:34:10 [DEBUG] photo_editor.pipeline.apply_profile:115 -   Applying: Highlight/Shadow Recovery (recover_highlights_shadows) params={'strength': 0.3}
2026-04-16 15:34:10 [DEBUG] photo_editor.pipeline.apply_profile:115 -   Applying: Contrast (adjust_contrast) params={'strength': 0.2, 'clip_limit': 1.5}
2026-04-16 15:34:10 [DEBUG] photo_editor.pipeline.apply_profile:115 -   Applying: Contrast (adjust_contrast) params={'strength': 0.2, 'clip_limit': 1.5}
2026-04-16 15:34:10 [DEBUG] photo_editor.pipeline.apply_profile:115 -   Applying: Tone Curve (apply_tone_curve) params={'strength': 0.15}
2026-04-16 15:34:10 [DEBUG] photo_editor.pipeline.apply_profile:115 -   Applying: Tone Curve (apply_tone_curve) params={'strength': 0.15}
2026-04-16 15:34:10 [DEBUG] photo_editor.pipeline.apply_profile:115 -   Applying: Vibrance (adjust_vibrance) params={'strength': 0.3, 'amount': 15}
2026-04-16 15:34:10 [DEBUG] photo_editor.pipeline.apply_profile:115 -   Applying: Vibrance (adjust_vibrance) params={'strength': 0.3, 'amount': 15}
2026-04-16 15:34:10 [DEBUG] photo_editor.pipeline.apply_profile:115 -   Applying: Dehaze (dehaze) params={'strength': 0.2}
2026-04-16 15:34:10 [DEBUG] photo_editor.pipeline.apply_profile:115 -   Applying: Dehaze (dehaze) params={'strength': 0.2}
2026-04-16 15:34:10 [DEBUG] photo_editor.pipeline.apply_profile:115 -   Applying: Noise Reduction (reduce_noise) params={'strength': 0.2}
2026-04-16 15:34:10 [DEBUG] photo_editor.pipeline.apply_profile:115 -   Applying: Noise Reduction (reduce_noise) params={'strength': 0.2}
2026-04-16 15:34:10 [WARNING] photo_editor.pipeline.apply_profile:118 -   Edit step 'Noise Reduction' failed: OpenCV(4.13.0) :-1: error: (-5:Bad argument) in function 'fastNlMeansDenoisingColored'
> Overload resolution failed:
>  - 'hForColorComponents' is an invalid keyword argument for fastNlMeansDenoisingColored()
>  - 'hForColorComponents' is an invalid keyword argument for fastNlMeansDenoisingColored()

2026-04-16 15:34:10 [WARNING] photo_editor.pipeline.apply_profile:118 -   Edit step 'Noise Reduction' failed: OpenCV(4.13.0) :-1: error: (-5:Bad argument) in function 'fastNlMeansDenoisingColored'
> Overload resolution failed:
>  - 'hForColorComponents' is an invalid keyword argument for fastNlMeansDenoisingColored()
>  - 'hForColorComponents' is an invalid keyword argument for fastNlMeansDenoisingColored()

2026-04-16 15:34:10 [DEBUG] photo_editor.pipeline.apply_profile:115 -   Applying: Sharpening (sharpen) params={'strength': 0.25, 'kernel_size': 3}
2026-04-16 15:34:10 [DEBUG] photo_editor.pipeline.apply_profile:115 -   Applying: Sharpening (sharpen) params={'strength': 0.25, 'kernel_size': 3}
2026-04-16 15:34:10 [DEBUG] photo_editor.pipeline.apply_profile:115 -   Applying: Straighten (auto_straighten) params={'strength': 0.5}
2026-04-16 15:34:10 [DEBUG] photo_editor.pipeline.apply_profile:115 -   Applying: Straighten (auto_straighten) params={'strength': 0.5}
2026-04-16 15:34:10 [DEBUG] photo_editor.edits.auto_straighten:449 - Auto-straighten: corrected -1.02° tilt
2026-04-16 15:34:10 [DEBUG] photo_editor.edits.auto_straighten:449 - Auto-straighten: corrected -1.02° tilt
2026-04-16 15:34:10 [DEBUG] photo_editor.output.save_image:194 - Saved: C:\Users\Omar.Pacheco\OneDrive - Pariveda Solutions, Inc\Pictures\Japan\Edited_Natural\1Q5A0055_natural.jpg (253 KB, 1367×911)
2026-04-16 15:34:10 [DEBUG] photo_editor.output.save_image:194 - Saved: C:\Users\Omar.Pacheco\OneDrive - Pariveda Solutions, Inc\Pictures\Japan\Edited_Natural\1Q5A0055_natural.jpg (253 KB, 1367×911)
2026-04-16 15:34:10 [DEBUG] photo_editor.metadata.copy_metadata:99 - Metadata copied: C:\Users\Omar.Pacheco\OneDrive - Pariveda Solutions, Inc\Pictures\Japan\1Q5A0055.jpg → C:\Users\Omar.Pacheco\OneDrive - Pariveda Solutions, Inc\Pictures\Japan\Edited_Natural\1Q5A0055_natural.jpg
2026-04-16 15:34:10 [DEBUG] photo_editor.metadata.copy_metadata:99 - Metadata copied: C:\Users\Omar.Pacheco\OneDrive - Pariveda Solutions, Inc\Pictures\Japan\1Q5A0055.jpg → C:\Users\Omar.Pacheco\OneDrive - Pariveda Solutions, Inc\Pictures\Japan\Edited_Natural\1Q5A0055_natural.jpg
2026-04-16 15:34:10 [INFO] photo_editor.pipeline.process_single_image:227 -   Done: 1Q5A0055_natural.jpg (landscape, 0.4s)
2026-04-16 15:34:10 [INFO] photo_editor.pipeline.process_single_image:227 -   Done: 1Q5A0055_natural.jpg (landscape, 0.4s)
2026-04-16 15:34:14 [DEBUG] photo_editor.loader._load_standard:160 - Loaded (OpenCV): C:\Users\Omar.Pacheco\OneDrive - Pariveda Solutions, Inc\Pictures\Japan\1Q5A0055.jpg  shape=(911, 1367, 3)
2026-04-16 15:34:14 [DEBUG] photo_editor.loader._load_standard:160 - Loaded (OpenCV): C:\Users\Omar.Pacheco\OneDrive - Pariveda Solutions, Inc\Pictures\Japan\1Q5A0055.jpg  shape=(911, 1367, 3)
2026-04-16 15:34:14 [INFO] photo_editor.pipeline.process_single_image:169 - Processing: 1Q5A0055.jpg
2026-04-16 15:34:14 [INFO] photo_editor.pipeline.process_single_image:169 - Processing: 1Q5A0055.jpg
2026-04-16 15:34:14 [DEBUG] photo_editor.loader._load_standard:160 - Loaded (OpenCV): C:\Users\Omar.Pacheco\OneDrive - Pariveda Solutions, Inc\Pictures\Japan\1Q5A0055.jpg  shape=(911, 1367, 3)
2026-04-16 15:34:14 [DEBUG] photo_editor.loader._load_standard:160 - Loaded (OpenCV): C:\Users\Omar.Pacheco\OneDrive - Pariveda Solutions, Inc\Pictures\Japan\1Q5A0055.jpg  shape=(911, 1367, 3)
2026-04-16 15:34:14 [INFO] photo_editor.profiles.get_profile:407 - Profile: style=natural, category=night, strength=strong (×1.0)
2026-04-16 15:34:14 [INFO] photo_editor.profiles.get_profile:407 - Profile: style=natural, category=night, strength=strong (×1.0)
2026-04-16 15:34:14 [DEBUG] photo_editor.pipeline.apply_profile:115 -   Applying: Auto Levels (auto_levels) params={'strength': 0.25, 'clip_percent': 0.5}
2026-04-16 15:34:14 [DEBUG] photo_editor.pipeline.apply_profile:115 -   Applying: Auto Levels (auto_levels) params={'strength': 0.25, 'clip_percent': 0.5}
2026-04-16 15:34:14 [DEBUG] photo_editor.pipeline.apply_profile:115 -   Applying: Exposure Correction (adjust_exposure) params={'strength': 0.35, 'target_brightness': 100}
2026-04-16 15:34:14 [DEBUG] photo_editor.pipeline.apply_profile:115 -   Applying: Exposure Correction (adjust_exposure) params={'strength': 0.35, 'target_brightness': 100}
2026-04-16 15:34:14 [DEBUG] photo_editor.pipeline.apply_profile:115 -   Applying: White Balance (adjust_white_balance) params={'strength': 0.3}
2026-04-16 15:34:14 [DEBUG] photo_editor.pipeline.apply_profile:115 -   Applying: White Balance (adjust_white_balance) params={'strength': 0.3}
2026-04-16 15:34:14 [DEBUG] photo_editor.pipeline.apply_profile:115 -   Applying: Highlight/Shadow Recovery (recover_highlights_shadows) params={'strength': 0.4}
2026-04-16 15:34:14 [DEBUG] photo_editor.pipeline.apply_profile:115 -   Applying: Highlight/Shadow Recovery (recover_highlights_shadows) params={'strength': 0.4}
2026-04-16 15:34:14 [DEBUG] photo_editor.pipeline.apply_profile:115 -   Applying: Contrast (adjust_contrast) params={'strength': 0.2, 'clip_limit': 1.5}
2026-04-16 15:34:14 [DEBUG] photo_editor.pipeline.apply_profile:115 -   Applying: Contrast (adjust_contrast) params={'strength': 0.2, 'clip_limit': 1.5}
2026-04-16 15:34:14 [DEBUG] photo_editor.pipeline.apply_profile:115 -   Applying: Tone Curve (apply_tone_curve) params={'strength': 0.15}
2026-04-16 15:34:14 [DEBUG] photo_editor.pipeline.apply_profile:115 -   Applying: Tone Curve (apply_tone_curve) params={'strength': 0.15}
2026-04-16 15:34:14 [DEBUG] photo_editor.pipeline.apply_profile:115 -   Applying: Vibrance (adjust_vibrance) params={'strength': 0.2, 'amount': 15}
2026-04-16 15:34:14 [DEBUG] photo_editor.pipeline.apply_profile:115 -   Applying: Vibrance (adjust_vibrance) params={'strength': 0.2, 'amount': 15}
2026-04-16 15:34:14 [DEBUG] photo_editor.pipeline.apply_profile:115 -   Applying: Noise Reduction (reduce_noise) params={'strength': 0.4}
2026-04-16 15:34:14 [DEBUG] photo_editor.pipeline.apply_profile:115 -   Applying: Noise Reduction (reduce_noise) params={'strength': 0.4}
2026-04-16 15:34:14 [WARNING] photo_editor.pipeline.apply_profile:118 -   Edit step 'Noise Reduction' failed: OpenCV(4.13.0) :-1: error: (-5:Bad argument) in function 'fastNlMeansDenoisingColored'
> Overload resolution failed:
>  - 'hForColorComponents' is an invalid keyword argument for fastNlMeansDenoisingColored()
>  - 'hForColorComponents' is an invalid keyword argument for fastNlMeansDenoisingColored()

2026-04-16 15:34:14 [WARNING] photo_editor.pipeline.apply_profile:118 -   Edit step 'Noise Reduction' failed: OpenCV(4.13.0) :-1: error: (-5:Bad argument) in function 'fastNlMeansDenoisingColored'
> Overload resolution failed:
>  - 'hForColorComponents' is an invalid keyword argument for fastNlMeansDenoisingColored()
>  - 'hForColorComponents' is an invalid keyword argument for fastNlMeansDenoisingColored()

2026-04-16 15:34:14 [DEBUG] photo_editor.pipeline.apply_profile:115 -   Applying: Sharpening (sharpen) params={'strength': 0.25, 'kernel_size': 3}
2026-04-16 15:34:14 [DEBUG] photo_editor.pipeline.apply_profile:115 -   Applying: Sharpening (sharpen) params={'strength': 0.25, 'kernel_size': 3}
2026-04-16 15:34:14 [DEBUG] photo_editor.pipeline.apply_profile:115 -   Applying: Straighten (auto_straighten) params={'strength': 0.5}
2026-04-16 15:34:14 [DEBUG] photo_editor.pipeline.apply_profile:115 -   Applying: Straighten (auto_straighten) params={'strength': 0.5}
2026-04-16 15:34:14 [DEBUG] photo_editor.edits.auto_straighten:449 - Auto-straighten: corrected -2.04° tilt
2026-04-16 15:34:14 [DEBUG] photo_editor.edits.auto_straighten:449 - Auto-straighten: corrected -2.04° tilt
2026-04-16 15:34:14 [DEBUG] photo_editor.output.save_image:194 - Saved: C:\Users\Omar.Pacheco\OneDrive - Pariveda Solutions, Inc\Pictures\Japan\Edited_Natural\1Q5A0055_natural.jpg (250 KB, 1367×911)
2026-04-16 15:34:14 [DEBUG] photo_editor.output.save_image:194 - Saved: C:\Users\Omar.Pacheco\OneDrive - Pariveda Solutions, Inc\Pictures\Japan\Edited_Natural\1Q5A0055_natural.jpg (250 KB, 1367×911)
2026-04-16 15:34:14 [DEBUG] photo_editor.metadata.copy_metadata:99 - Metadata copied: C:\Users\Omar.Pacheco\OneDrive - Pariveda Solutions, Inc\Pictures\Japan\1Q5A0055.jpg → C:\Users\Omar.Pacheco\OneDrive - Pariveda Solutions, Inc\Pictures\Japan\Edited_Natural\1Q5A0055_natural.jpg
2026-04-16 15:34:14 [DEBUG] photo_editor.metadata.copy_metadata:99 - Metadata copied: C:\Users\Omar.Pacheco\OneDrive - Pariveda Solutions, Inc\Pictures\Japan\1Q5A0055.jpg → C:\Users\Omar.Pacheco\OneDrive - Pariveda Solutions, Inc\Pictures\Japan\Edited_Natural\1Q5A0055_natural.jpg
2026-04-16 15:34:14 [INFO] photo_editor.pipeline.process_single_image:227 -   Done: 1Q5A0055_natural.jpg (night, 0.2s)
2026-04-16 15:34:14 [INFO] photo_editor.pipeline.process_single_image:227 -   Done: 1Q5A0055_natural.jpg (night, 0.2s)
2026-04-16 15:34:19 [DEBUG] photo_editor.loader._load_standard:160 - Loaded (OpenCV): C:\Users\Omar.Pacheco\OneDrive - Pariveda Solutions, Inc\Pictures\Japan\1Q5A0055.jpg  shape=(911, 1367, 3)
2026-04-16 15:34:19 [DEBUG] photo_editor.loader._load_standard:160 - Loaded (OpenCV): C:\Users\Omar.Pacheco\OneDrive - Pariveda Solutions, Inc\Pictures\Japan\1Q5A0055.jpg  shape=(911, 1367, 3)
2026-04-16 15:34:19 [INFO] photo_editor.pipeline.process_single_image:169 - Processing: 1Q5A0055.jpg
2026-04-16 15:34:19 [INFO] photo_editor.pipeline.process_single_image:169 - Processing: 1Q5A0055.jpg
2026-04-16 15:34:19 [DEBUG] photo_editor.loader._load_standard:160 - Loaded (OpenCV): C:\Users\Omar.Pacheco\OneDrive - Pariveda Solutions, Inc\Pictures\Japan\1Q5A0055.jpg  shape=(911, 1367, 3)
2026-04-16 15:34:19 [DEBUG] photo_editor.loader._load_standard:160 - Loaded (OpenCV): C:\Users\Omar.Pacheco\OneDrive - Pariveda Solutions, Inc\Pictures\Japan\1Q5A0055.jpg  shape=(911, 1367, 3)
2026-04-16 15:34:19 [DEBUG] photo_editor.classifier.classify_image:219 - Image features: {'brightness': 150.04, 'saturation': 118.58, 'colorfulness': np.float64(58.16), 'edge_density': 0.0172, 'aspect_ratio': 1.501, 'num_faces': 1, 'bg_variance': 21.45, 'width': 1367, 'height': 911}
2026-04-16 15:34:19 [DEBUG] photo_editor.classifier.classify_image:219 - Image features: {'brightness': 150.04, 'saturation': 118.58, 'colorfulness': np.float64(58.16), 'edge_density': 0.0172, 'aspect_ratio': 1.501, 'num_faces': 1, 'bg_variance': 21.45, 'width': 1367, 'height': 911}
2026-04-16 15:34:19 [INFO] photo_editor.classifier.classify_image:291 - Classification: portrait (confidence=77%, faces=1)
2026-04-16 15:34:19 [INFO] photo_editor.classifier.classify_image:291 - Classification: portrait (confidence=77%, faces=1)
2026-04-16 15:34:19 [INFO] photo_editor.profiles.get_profile:407 - Profile: style=natural, category=portrait, strength=strong (×1.0)
2026-04-16 15:34:19 [INFO] photo_editor.profiles.get_profile:407 - Profile: style=natural, category=portrait, strength=strong (×1.0)
2026-04-16 15:34:19 [DEBUG] photo_editor.pipeline.apply_profile:115 -   Applying: Auto Levels (auto_levels) params={'strength': 0.25, 'clip_percent': 0.5}
2026-04-16 15:34:19 [DEBUG] photo_editor.pipeline.apply_profile:115 -   Applying: Auto Levels (auto_levels) params={'strength': 0.25, 'clip_percent': 0.5}
2026-04-16 15:34:19 [DEBUG] photo_editor.pipeline.apply_profile:115 -   Applying: Exposure Correction (adjust_exposure) params={'strength': 0.35, 'target_brightness': 128}
2026-04-16 15:34:19 [DEBUG] photo_editor.pipeline.apply_profile:115 -   Applying: Exposure Correction (adjust_exposure) params={'strength': 0.35, 'target_brightness': 128}
2026-04-16 15:34:19 [DEBUG] photo_editor.pipeline.apply_profile:115 -   Applying: White Balance (adjust_white_balance) params={'strength': 0.3}
2026-04-16 15:34:19 [DEBUG] photo_editor.pipeline.apply_profile:115 -   Applying: White Balance (adjust_white_balance) params={'strength': 0.3}
2026-04-16 15:34:19 [DEBUG] photo_editor.pipeline.apply_profile:115 -   Applying: Highlight/Shadow Recovery (recover_highlights_shadows) params={'strength': 0.3}
2026-04-16 15:34:19 [DEBUG] photo_editor.pipeline.apply_profile:115 -   Applying: Highlight/Shadow Recovery (recover_highlights_shadows) params={'strength': 0.3}
2026-04-16 15:34:19 [DEBUG] photo_editor.pipeline.apply_profile:115 -   Applying: Contrast (adjust_contrast) params={'strength': 0.2, 'clip_limit': 1.5}
2026-04-16 15:34:19 [DEBUG] photo_editor.pipeline.apply_profile:115 -   Applying: Contrast (adjust_contrast) params={'strength': 0.2, 'clip_limit': 1.5}
2026-04-16 15:34:19 [DEBUG] photo_editor.pipeline.apply_profile:115 -   Applying: Tone Curve (apply_tone_curve) params={'strength': 0.15}
2026-04-16 15:34:19 [DEBUG] photo_editor.pipeline.apply_profile:115 -   Applying: Tone Curve (apply_tone_curve) params={'strength': 0.15}
2026-04-16 15:34:19 [DEBUG] photo_editor.pipeline.apply_profile:115 -   Applying: Vibrance (adjust_vibrance) params={'strength': 0.2, 'amount': 15}
2026-04-16 15:34:19 [DEBUG] photo_editor.pipeline.apply_profile:115 -   Applying: Vibrance (adjust_vibrance) params={'strength': 0.2, 'amount': 15}
2026-04-16 15:34:19 [DEBUG] photo_editor.pipeline.apply_profile:115 -   Applying: Noise Reduction (reduce_noise) params={'strength': 0.2}
2026-04-16 15:34:19 [DEBUG] photo_editor.pipeline.apply_profile:115 -   Applying: Noise Reduction (reduce_noise) params={'strength': 0.2}
2026-04-16 15:34:19 [WARNING] photo_editor.pipeline.apply_profile:118 -   Edit step 'Noise Reduction' failed: OpenCV(4.13.0) :-1: error: (-5:Bad argument) in function 'fastNlMeansDenoisingColored'
> Overload resolution failed:
>  - 'hForColorComponents' is an invalid keyword argument for fastNlMeansDenoisingColored()
>  - 'hForColorComponents' is an invalid keyword argument for fastNlMeansDenoisingColored()

2026-04-16 15:34:19 [WARNING] photo_editor.pipeline.apply_profile:118 -   Edit step 'Noise Reduction' failed: OpenCV(4.13.0) :-1: error: (-5:Bad argument) in function 'fastNlMeansDenoisingColored'
> Overload resolution failed:
>  - 'hForColorComponents' is an invalid keyword argument for fastNlMeansDenoisingColored()
>  - 'hForColorComponents' is an invalid keyword argument for fastNlMeansDenoisingColored()

2026-04-16 15:34:19 [DEBUG] photo_editor.pipeline.apply_profile:115 -   Applying: Sharpening (sharpen) params={'strength': 0.25, 'kernel_size': 3}
2026-04-16 15:34:19 [DEBUG] photo_editor.pipeline.apply_profile:115 -   Applying: Sharpening (sharpen) params={'strength': 0.25, 'kernel_size': 3}
2026-04-16 15:34:19 [DEBUG] photo_editor.pipeline.apply_profile:115 -   Applying: Straighten (auto_straighten) params={'strength': 0.5}
2026-04-16 15:34:19 [DEBUG] photo_editor.pipeline.apply_profile:115 -   Applying: Straighten (auto_straighten) params={'strength': 0.5}
2026-04-16 15:34:19 [DEBUG] photo_editor.edits.auto_straighten:449 - Auto-straighten: corrected -2.25° tilt
2026-04-16 15:34:19 [DEBUG] photo_editor.edits.auto_straighten:449 - Auto-straighten: corrected -2.25° tilt
2026-04-16 15:34:19 [DEBUG] photo_editor.pipeline.apply_profile:115 -   Applying: Skin Smoothing (smooth_skin) params={'strength': 0.15}
2026-04-16 15:34:19 [DEBUG] photo_editor.pipeline.apply_profile:115 -   Applying: Skin Smoothing (smooth_skin) params={'strength': 0.15}
2026-04-16 15:34:19 [DEBUG] photo_editor.output.save_image:194 - Saved: C:\Users\Omar.Pacheco\OneDrive - Pariveda Solutions, Inc\Pictures\Japan\Edited_Natural\1Q5A0055_natural.jpg (239 KB, 1367×911)
2026-04-16 15:34:19 [DEBUG] photo_editor.output.save_image:194 - Saved: C:\Users\Omar.Pacheco\OneDrive - Pariveda Solutions, Inc\Pictures\Japan\Edited_Natural\1Q5A0055_natural.jpg (239 KB, 1367×911)
2026-04-16 15:34:19 [DEBUG] photo_editor.metadata.copy_metadata:99 - Metadata copied: C:\Users\Omar.Pacheco\OneDrive - Pariveda Solutions, Inc\Pictures\Japan\1Q5A0055.jpg → C:\Users\Omar.Pacheco\OneDrive - Pariveda Solutions, Inc\Pictures\Japan\Edited_Natural\1Q5A0055_natural.jpg
2026-04-16 15:34:19 [DEBUG] photo_editor.metadata.copy_metadata:99 - Metadata copied: C:\Users\Omar.Pacheco\OneDrive - Pariveda Solutions, Inc\Pictures\Japan\1Q5A0055.jpg → C:\Users\Omar.Pacheco\OneDrive - Pariveda Solutions, Inc\Pictures\Japan\Edited_Natural\1Q5A0055_natural.jpg
2026-04-16 15:34:19 [INFO] photo_editor.pipeline.process_single_image:227 -   Done: 1Q5A0055_natural.jpg (portrait, 0.4s)
2026-04-16 15:34:19 [INFO] photo_editor.pipeline.process_single_image:227 -   Done: 1Q5A0055_natural.jpg (portrait, 0.4s)
2026-04-16 15:34:23 [DEBUG] photo_editor.loader._load_standard:160 - Loaded (OpenCV): C:\Users\Omar.Pacheco\OneDrive - Pariveda Solutions, Inc\Pictures\Japan\1Q5A0055.jpg  shape=(911, 1367, 3)
2026-04-16 15:34:23 [DEBUG] photo_editor.loader._load_standard:160 - Loaded (OpenCV): C:\Users\Omar.Pacheco\OneDrive - Pariveda Solutions, Inc\Pictures\Japan\1Q5A0055.jpg  shape=(911, 1367, 3)
2026-04-16 15:34:23 [INFO] photo_editor.pipeline.process_single_image:169 - Processing: 1Q5A0055.jpg
2026-04-16 15:34:23 [INFO] photo_editor.pipeline.process_single_image:169 - Processing: 1Q5A0055.jpg
2026-04-16 15:34:23 [DEBUG] photo_editor.loader._load_standard:160 - Loaded (OpenCV): C:\Users\Omar.Pacheco\OneDrive - Pariveda Solutions, Inc\Pictures\Japan\1Q5A0055.jpg  shape=(911, 1367, 3)
2026-04-16 15:34:23 [DEBUG] photo_editor.loader._load_standard:160 - Loaded (OpenCV): C:\Users\Omar.Pacheco\OneDrive - Pariveda Solutions, Inc\Pictures\Japan\1Q5A0055.jpg  shape=(911, 1367, 3)
2026-04-16 15:34:23 [DEBUG] photo_editor.classifier.classify_image:219 - Image features: {'brightness': 150.04, 'saturation': 118.58, 'colorfulness': np.float64(58.16), 'edge_density': 0.0172, 'aspect_ratio': 1.501, 'num_faces': 1, 'bg_variance': 21.45, 'width': 1367, 'height': 911}
2026-04-16 15:34:23 [DEBUG] photo_editor.classifier.classify_image:219 - Image features: {'brightness': 150.04, 'saturation': 118.58, 'colorfulness': np.float64(58.16), 'edge_density': 0.0172, 'aspect_ratio': 1.501, 'num_faces': 1, 'bg_variance': 21.45, 'width': 1367, 'height': 911}
2026-04-16 15:34:23 [INFO] photo_editor.classifier.classify_image:291 - Classification: portrait (confidence=77%, faces=1)
2026-04-16 15:34:23 [INFO] photo_editor.classifier.classify_image:291 - Classification: portrait (confidence=77%, faces=1)
2026-04-16 15:34:23 [INFO] photo_editor.profiles.get_profile:407 - Profile: style=natural, category=portrait, strength=strong (×1.0)
2026-04-16 15:34:23 [INFO] photo_editor.profiles.get_profile:407 - Profile: style=natural, category=portrait, strength=strong (×1.0)
2026-04-16 15:34:23 [DEBUG] photo_editor.pipeline.apply_profile:115 -   Applying: Auto Levels (auto_levels) params={'strength': 0.25, 'clip_percent': 0.5}
2026-04-16 15:34:23 [DEBUG] photo_editor.pipeline.apply_profile:115 -   Applying: Auto Levels (auto_levels) params={'strength': 0.25, 'clip_percent': 0.5}
2026-04-16 15:34:23 [DEBUG] photo_editor.pipeline.apply_profile:115 -   Applying: Exposure Correction (adjust_exposure) params={'strength': 0.35, 'target_brightness': 128}
2026-04-16 15:34:23 [DEBUG] photo_editor.pipeline.apply_profile:115 -   Applying: Exposure Correction (adjust_exposure) params={'strength': 0.35, 'target_brightness': 128}
2026-04-16 15:34:23 [DEBUG] photo_editor.pipeline.apply_profile:115 -   Applying: White Balance (adjust_white_balance) params={'strength': 0.3}
2026-04-16 15:34:23 [DEBUG] photo_editor.pipeline.apply_profile:115 -   Applying: White Balance (adjust_white_balance) params={'strength': 0.3}
2026-04-16 15:34:23 [DEBUG] photo_editor.pipeline.apply_profile:115 -   Applying: Highlight/Shadow Recovery (recover_highlights_shadows) params={'strength': 0.3}
2026-04-16 15:34:23 [DEBUG] photo_editor.pipeline.apply_profile:115 -   Applying: Highlight/Shadow Recovery (recover_highlights_shadows) params={'strength': 0.3}
2026-04-16 15:34:23 [DEBUG] photo_editor.pipeline.apply_profile:115 -   Applying: Contrast (adjust_contrast) params={'strength': 0.2, 'clip_limit': 1.5}
2026-04-16 15:34:23 [DEBUG] photo_editor.pipeline.apply_profile:115 -   Applying: Contrast (adjust_contrast) params={'strength': 0.2, 'clip_limit': 1.5}
2026-04-16 15:34:23 [DEBUG] photo_editor.pipeline.apply_profile:103 -   Skipping disabled edit: Tone Curve
2026-04-16 15:34:23 [DEBUG] photo_editor.pipeline.apply_profile:103 -   Skipping disabled edit: Tone Curve
2026-04-16 15:34:23 [DEBUG] photo_editor.pipeline.apply_profile:115 -   Applying: Vibrance (adjust_vibrance) params={'strength': 0.2, 'amount': 15}
2026-04-16 15:34:23 [DEBUG] photo_editor.pipeline.apply_profile:115 -   Applying: Vibrance (adjust_vibrance) params={'strength': 0.2, 'amount': 15}
2026-04-16 15:34:23 [DEBUG] photo_editor.pipeline.apply_profile:115 -   Applying: Noise Reduction (reduce_noise) params={'strength': 0.2}
2026-04-16 15:34:23 [DEBUG] photo_editor.pipeline.apply_profile:115 -   Applying: Noise Reduction (reduce_noise) params={'strength': 0.2}
2026-04-16 15:34:23 [WARNING] photo_editor.pipeline.apply_profile:118 -   Edit step 'Noise Reduction' failed: OpenCV(4.13.0) :-1: error: (-5:Bad argument) in function 'fastNlMeansDenoisingColored'
> Overload resolution failed:
>  - 'hForColorComponents' is an invalid keyword argument for fastNlMeansDenoisingColored()
>  - 'hForColorComponents' is an invalid keyword argument for fastNlMeansDenoisingColored()

2026-04-16 15:34:23 [WARNING] photo_editor.pipeline.apply_profile:118 -   Edit step 'Noise Reduction' failed: OpenCV(4.13.0) :-1: error: (-5:Bad argument) in function 'fastNlMeansDenoisingColored'
> Overload resolution failed:
>  - 'hForColorComponents' is an invalid keyword argument for fastNlMeansDenoisingColored()
>  - 'hForColorComponents' is an invalid keyword argument for fastNlMeansDenoisingColored()

2026-04-16 15:34:23 [DEBUG] photo_editor.pipeline.apply_profile:115 -   Applying: Sharpening (sharpen) params={'strength': 0.25, 'kernel_size': 3}
2026-04-16 15:34:23 [DEBUG] photo_editor.pipeline.apply_profile:115 -   Applying: Sharpening (sharpen) params={'strength': 0.25, 'kernel_size': 3}
2026-04-16 15:34:23 [DEBUG] photo_editor.pipeline.apply_profile:115 -   Applying: Straighten (auto_straighten) params={'strength': 0.5}
2026-04-16 15:34:23 [DEBUG] photo_editor.pipeline.apply_profile:115 -   Applying: Straighten (auto_straighten) params={'strength': 0.5}
2026-04-16 15:34:23 [DEBUG] photo_editor.edits.auto_straighten:449 - Auto-straighten: corrected -0.69° tilt
2026-04-16 15:34:23 [DEBUG] photo_editor.edits.auto_straighten:449 - Auto-straighten: corrected -0.69° tilt
2026-04-16 15:34:23 [DEBUG] photo_editor.pipeline.apply_profile:115 -   Applying: Skin Smoothing (smooth_skin) params={'strength': 0.15}
2026-04-16 15:34:23 [DEBUG] photo_editor.pipeline.apply_profile:115 -   Applying: Skin Smoothing (smooth_skin) params={'strength': 0.15}
2026-04-16 15:34:23 [DEBUG] photo_editor.output.save_image:194 - Saved: C:\Users\Omar.Pacheco\OneDrive - Pariveda Solutions, Inc\Pictures\Japan\Edited_Natural\1Q5A0055_natural.jpg (233 KB, 1367×911)
2026-04-16 15:34:23 [DEBUG] photo_editor.output.save_image:194 - Saved: C:\Users\Omar.Pacheco\OneDrive - Pariveda Solutions, Inc\Pictures\Japan\Edited_Natural\1Q5A0055_natural.jpg (233 KB, 1367×911)
2026-04-16 15:34:23 [DEBUG] photo_editor.metadata.copy_metadata:99 - Metadata copied: C:\Users\Omar.Pacheco\OneDrive - Pariveda Solutions, Inc\Pictures\Japan\1Q5A0055.jpg → C:\Users\Omar.Pacheco\OneDrive - Pariveda Solutions, Inc\Pictures\Japan\Edited_Natural\1Q5A0055_natural.jpg
2026-04-16 15:34:23 [DEBUG] photo_editor.metadata.copy_metadata:99 - Metadata copied: C:\Users\Omar.Pacheco\OneDrive - Pariveda Solutions, Inc\Pictures\Japan\1Q5A0055.jpg → C:\Users\Omar.Pacheco\OneDrive - Pariveda Solutions, Inc\Pictures\Japan\Edited_Natural\1Q5A0055_natural.jpg
2026-04-16 15:34:23 [INFO] photo_editor.pipeline.process_single_image:227 -   Done: 1Q5A0055_natural.jpg (portrait, 0.4s)
2026-04-16 15:34:23 [INFO] photo_editor.pipeline.process_single_image:227 -   Done: 1Q5A0055_natural.jpg (portrait, 0.4s)
2026-04-16 15:34:24 [DEBUG] photo_editor.loader._load_standard:160 - Loaded (OpenCV): C:\Users\Omar.Pacheco\OneDrive - Pariveda Solutions, Inc\Pictures\Japan\1Q5A0055.jpg  shape=(911, 1367, 3)
2026-04-16 15:34:24 [DEBUG] photo_editor.loader._load_standard:160 - Loaded (OpenCV): C:\Users\Omar.Pacheco\OneDrive - Pariveda Solutions, Inc\Pictures\Japan\1Q5A0055.jpg  shape=(911, 1367, 3)
2026-04-16 15:34:24 [INFO] photo_editor.pipeline.process_single_image:169 - Processing: 1Q5A0055.jpg
2026-04-16 15:34:24 [INFO] photo_editor.pipeline.process_single_image:169 - Processing: 1Q5A0055.jpg
2026-04-16 15:34:24 [DEBUG] photo_editor.loader._load_standard:160 - Loaded (OpenCV): C:\Users\Omar.Pacheco\OneDrive - Pariveda Solutions, Inc\Pictures\Japan\1Q5A0055.jpg  shape=(911, 1367, 3)
2026-04-16 15:34:24 [DEBUG] photo_editor.loader._load_standard:160 - Loaded (OpenCV): C:\Users\Omar.Pacheco\OneDrive - Pariveda Solutions, Inc\Pictures\Japan\1Q5A0055.jpg  shape=(911, 1367, 3)
2026-04-16 15:34:24 [DEBUG] photo_editor.classifier.classify_image:219 - Image features: {'brightness': 150.04, 'saturation': 118.58, 'colorfulness': np.float64(58.16), 'edge_density': 0.0172, 'aspect_ratio': 1.501, 'num_faces': 1, 'bg_variance': 21.45, 'width': 1367, 'height': 911}
2026-04-16 15:34:24 [DEBUG] photo_editor.classifier.classify_image:219 - Image features: {'brightness': 150.04, 'saturation': 118.58, 'colorfulness': np.float64(58.16), 'edge_density': 0.0172, 'aspect_ratio': 1.501, 'num_faces': 1, 'bg_variance': 21.45, 'width': 1367, 'height': 911}
2026-04-16 15:34:24 [INFO] photo_editor.classifier.classify_image:291 - Classification: portrait (confidence=77%, faces=1)
2026-04-16 15:34:24 [INFO] photo_editor.classifier.classify_image:291 - Classification: portrait (confidence=77%, faces=1)
2026-04-16 15:34:24 [INFO] photo_editor.profiles.get_profile:407 - Profile: style=natural, category=portrait, strength=strong (×1.0)
2026-04-16 15:34:24 [INFO] photo_editor.profiles.get_profile:407 - Profile: style=natural, category=portrait, strength=strong (×1.0)
2026-04-16 15:34:24 [DEBUG] photo_editor.pipeline.apply_profile:115 -   Applying: Auto Levels (auto_levels) params={'strength': 0.25, 'clip_percent': 0.5}
2026-04-16 15:34:24 [DEBUG] photo_editor.pipeline.apply_profile:115 -   Applying: Auto Levels (auto_levels) params={'strength': 0.25, 'clip_percent': 0.5}
2026-04-16 15:34:25 [DEBUG] photo_editor.pipeline.apply_profile:115 -   Applying: Exposure Correction (adjust_exposure) params={'strength': 0.35, 'target_brightness': 128}
2026-04-16 15:34:25 [DEBUG] photo_editor.pipeline.apply_profile:115 -   Applying: Exposure Correction (adjust_exposure) params={'strength': 0.35, 'target_brightness': 128}
2026-04-16 15:34:25 [DEBUG] photo_editor.pipeline.apply_profile:115 -   Applying: White Balance (adjust_white_balance) params={'strength': 0.3}
2026-04-16 15:34:25 [DEBUG] photo_editor.pipeline.apply_profile:115 -   Applying: White Balance (adjust_white_balance) params={'strength': 0.3}
2026-04-16 15:34:25 [DEBUG] photo_editor.pipeline.apply_profile:115 -   Applying: Highlight/Shadow Recovery (recover_highlights_shadows) params={'strength': 0.3}
2026-04-16 15:34:25 [DEBUG] photo_editor.pipeline.apply_profile:115 -   Applying: Highlight/Shadow Recovery (recover_highlights_shadows) params={'strength': 0.3}
2026-04-16 15:34:25 [DEBUG] photo_editor.pipeline.apply_profile:115 -   Applying: Contrast (adjust_contrast) params={'strength': 0.2, 'clip_limit': 1.5}
2026-04-16 15:34:25 [DEBUG] photo_editor.pipeline.apply_profile:115 -   Applying: Contrast (adjust_contrast) params={'strength': 0.2, 'clip_limit': 1.5}
2026-04-16 15:34:25 [DEBUG] photo_editor.pipeline.apply_profile:115 -   Applying: Tone Curve (apply_tone_curve) params={'strength': 0.15}
2026-04-16 15:34:25 [DEBUG] photo_editor.pipeline.apply_profile:115 -   Applying: Tone Curve (apply_tone_curve) params={'strength': 0.15}
2026-04-16 15:34:25 [DEBUG] photo_editor.pipeline.apply_profile:115 -   Applying: Vibrance (adjust_vibrance) params={'strength': 0.2, 'amount': 15}
2026-04-16 15:34:25 [DEBUG] photo_editor.pipeline.apply_profile:115 -   Applying: Vibrance (adjust_vibrance) params={'strength': 0.2, 'amount': 15}
2026-04-16 15:34:25 [DEBUG] photo_editor.pipeline.apply_profile:115 -   Applying: Noise Reduction (reduce_noise) params={'strength': 0.2}
2026-04-16 15:34:25 [DEBUG] photo_editor.pipeline.apply_profile:115 -   Applying: Noise Reduction (reduce_noise) params={'strength': 0.2}
2026-04-16 15:34:25 [WARNING] photo_editor.pipeline.apply_profile:118 -   Edit step 'Noise Reduction' failed: OpenCV(4.13.0) :-1: error: (-5:Bad argument) in function 'fastNlMeansDenoisingColored'
> Overload resolution failed:
>  - 'hForColorComponents' is an invalid keyword argument for fastNlMeansDenoisingColored()
>  - 'hForColorComponents' is an invalid keyword argument for fastNlMeansDenoisingColored()

2026-04-16 15:34:25 [WARNING] photo_editor.pipeline.apply_profile:118 -   Edit step 'Noise Reduction' failed: OpenCV(4.13.0) :-1: error: (-5:Bad argument) in function 'fastNlMeansDenoisingColored'
> Overload resolution failed:
>  - 'hForColorComponents' is an invalid keyword argument for fastNlMeansDenoisingColored()
>  - 'hForColorComponents' is an invalid keyword argument for fastNlMeansDenoisingColored()

2026-04-16 15:34:25 [DEBUG] photo_editor.pipeline.apply_profile:115 -   Applying: Sharpening (sharpen) params={'strength': 0.25, 'kernel_size': 3}
2026-04-16 15:34:25 [DEBUG] photo_editor.pipeline.apply_profile:115 -   Applying: Sharpening (sharpen) params={'strength': 0.25, 'kernel_size': 3}
2026-04-16 15:34:25 [DEBUG] photo_editor.pipeline.apply_profile:115 -   Applying: Straighten (auto_straighten) params={'strength': 0.5}
2026-04-16 15:34:25 [DEBUG] photo_editor.pipeline.apply_profile:115 -   Applying: Straighten (auto_straighten) params={'strength': 0.5}
2026-04-16 15:34:25 [DEBUG] photo_editor.edits.auto_straighten:449 - Auto-straighten: corrected -2.25° tilt
2026-04-16 15:34:25 [DEBUG] photo_editor.edits.auto_straighten:449 - Auto-straighten: corrected -2.25° tilt
2026-04-16 15:34:25 [DEBUG] photo_editor.pipeline.apply_profile:115 -   Applying: Skin Smoothing (smooth_skin) params={'strength': 0.15}
2026-04-16 15:34:25 [DEBUG] photo_editor.pipeline.apply_profile:115 -   Applying: Skin Smoothing (smooth_skin) params={'strength': 0.15}
2026-04-16 15:34:25 [DEBUG] photo_editor.output.save_image:194 - Saved: C:\Users\Omar.Pacheco\OneDrive - Pariveda Solutions, Inc\Pictures\Japan\Edited_Natural\1Q5A0055_natural.jpg (239 KB, 1367×911)
2026-04-16 15:34:25 [DEBUG] photo_editor.output.save_image:194 - Saved: C:\Users\Omar.Pacheco\OneDrive - Pariveda Solutions, Inc\Pictures\Japan\Edited_Natural\1Q5A0055_natural.jpg (239 KB, 1367×911)
2026-04-16 15:34:25 [DEBUG] photo_editor.metadata.copy_metadata:99 - Metadata copied: C:\Users\Omar.Pacheco\OneDrive - Pariveda Solutions, Inc\Pictures\Japan\1Q5A0055.jpg → C:\Users\Omar.Pacheco\OneDrive - Pariveda Solutions, Inc\Pictures\Japan\Edited_Natural\1Q5A0055_natural.jpg
2026-04-16 15:34:25 [DEBUG] photo_editor.metadata.copy_metadata:99 - Metadata copied: C:\Users\Omar.Pacheco\OneDrive - Pariveda Solutions, Inc\Pictures\Japan\1Q5A0055.jpg → C:\Users\Omar.Pacheco\OneDrive - Pariveda Solutions, Inc\Pictures\Japan\Edited_Natural\1Q5A0055_natural.jpg
2026-04-16 15:34:25 [INFO] photo_editor.pipeline.process_single_image:227 -   Done: 1Q5A0055_natural.jpg (portrait, 0.4s)
2026-04-16 15:34:25 [INFO] photo_editor.pipeline.process_single_image:227 -   Done: 1Q5A0055_natural.jpg (portrait, 0.4s)
2026-04-16 15:34:26 [DEBUG] photo_editor.loader._load_standard:160 - Loaded (OpenCV): C:\Users\Omar.Pacheco\OneDrive - Pariveda Solutions, Inc\Pictures\Japan\1Q5A0055.jpg  shape=(911, 1367, 3)
2026-04-16 15:34:26 [DEBUG] photo_editor.loader._load_standard:160 - Loaded (OpenCV): C:\Users\Omar.Pacheco\OneDrive - Pariveda Solutions, Inc\Pictures\Japan\1Q5A0055.jpg  shape=(911, 1367, 3)
2026-04-16 15:34:26 [INFO] photo_editor.pipeline.process_single_image:169 - Processing: 1Q5A0055.jpg
2026-04-16 15:34:26 [INFO] photo_editor.pipeline.process_single_image:169 - Processing: 1Q5A0055.jpg
2026-04-16 15:34:26 [DEBUG] photo_editor.loader._load_standard:160 - Loaded (OpenCV): C:\Users\Omar.Pacheco\OneDrive - Pariveda Solutions, Inc\Pictures\Japan\1Q5A0055.jpg  shape=(911, 1367, 3)
2026-04-16 15:34:26 [DEBUG] photo_editor.loader._load_standard:160 - Loaded (OpenCV): C:\Users\Omar.Pacheco\OneDrive - Pariveda Solutions, Inc\Pictures\Japan\1Q5A0055.jpg  shape=(911, 1367, 3)
2026-04-16 15:34:26 [DEBUG] photo_editor.classifier.classify_image:219 - Image features: {'brightness': 150.04, 'saturation': 118.58, 'colorfulness': np.float64(58.16), 'edge_density': 0.0172, 'aspect_ratio': 1.501, 'num_faces': 1, 'bg_variance': 21.45, 'width': 1367, 'height': 911}
2026-04-16 15:34:26 [DEBUG] photo_editor.classifier.classify_image:219 - Image features: {'brightness': 150.04, 'saturation': 118.58, 'colorfulness': np.float64(58.16), 'edge_density': 0.0172, 'aspect_ratio': 1.501, 'num_faces': 1, 'bg_variance': 21.45, 'width': 1367, 'height': 911}
2026-04-16 15:34:26 [INFO] photo_editor.classifier.classify_image:291 - Classification: portrait (confidence=77%, faces=1)
2026-04-16 15:34:26 [INFO] photo_editor.classifier.classify_image:291 - Classification: portrait (confidence=77%, faces=1)
2026-04-16 15:34:26 [INFO] photo_editor.profiles.get_profile:407 - Profile: style=natural, category=portrait, strength=strong (×1.0)
2026-04-16 15:34:26 [INFO] photo_editor.profiles.get_profile:407 - Profile: style=natural, category=portrait, strength=strong (×1.0)
2026-04-16 15:34:26 [DEBUG] photo_editor.pipeline.apply_profile:115 -   Applying: Auto Levels (auto_levels) params={'strength': 0.25, 'clip_percent': 0.5}
2026-04-16 15:34:26 [DEBUG] photo_editor.pipeline.apply_profile:115 -   Applying: Auto Levels (auto_levels) params={'strength': 0.25, 'clip_percent': 0.5}
2026-04-16 15:34:26 [DEBUG] photo_editor.pipeline.apply_profile:115 -   Applying: Exposure Correction (adjust_exposure) params={'strength': 0.35, 'target_brightness': 128}
2026-04-16 15:34:26 [DEBUG] photo_editor.pipeline.apply_profile:115 -   Applying: Exposure Correction (adjust_exposure) params={'strength': 0.35, 'target_brightness': 128}
2026-04-16 15:34:26 [DEBUG] photo_editor.pipeline.apply_profile:115 -   Applying: White Balance (adjust_white_balance) params={'strength': 0.3}
2026-04-16 15:34:26 [DEBUG] photo_editor.pipeline.apply_profile:115 -   Applying: White Balance (adjust_white_balance) params={'strength': 0.3}
2026-04-16 15:34:26 [DEBUG] photo_editor.pipeline.apply_profile:115 -   Applying: Highlight/Shadow Recovery (recover_highlights_shadows) params={'strength': 0.3}
2026-04-16 15:34:26 [DEBUG] photo_editor.pipeline.apply_profile:115 -   Applying: Highlight/Shadow Recovery (recover_highlights_shadows) params={'strength': 0.3}
2026-04-16 15:34:26 [DEBUG] photo_editor.pipeline.apply_profile:103 -   Skipping disabled edit: Contrast
2026-04-16 15:34:26 [DEBUG] photo_editor.pipeline.apply_profile:103 -   Skipping disabled edit: Contrast
2026-04-16 15:34:26 [DEBUG] photo_editor.pipeline.apply_profile:115 -   Applying: Tone Curve (apply_tone_curve) params={'strength': 0.15}
2026-04-16 15:34:26 [DEBUG] photo_editor.pipeline.apply_profile:115 -   Applying: Tone Curve (apply_tone_curve) params={'strength': 0.15}
2026-04-16 15:34:26 [DEBUG] photo_editor.pipeline.apply_profile:115 -   Applying: Vibrance (adjust_vibrance) params={'strength': 0.2, 'amount': 15}
2026-04-16 15:34:26 [DEBUG] photo_editor.pipeline.apply_profile:115 -   Applying: Vibrance (adjust_vibrance) params={'strength': 0.2, 'amount': 15}
2026-04-16 15:34:26 [DEBUG] photo_editor.pipeline.apply_profile:115 -   Applying: Noise Reduction (reduce_noise) params={'strength': 0.2}
2026-04-16 15:34:26 [DEBUG] photo_editor.pipeline.apply_profile:115 -   Applying: Noise Reduction (reduce_noise) params={'strength': 0.2}
2026-04-16 15:34:26 [WARNING] photo_editor.pipeline.apply_profile:118 -   Edit step 'Noise Reduction' failed: OpenCV(4.13.0) :-1: error: (-5:Bad argument) in function 'fastNlMeansDenoisingColored'
> Overload resolution failed:
>  - 'hForColorComponents' is an invalid keyword argument for fastNlMeansDenoisingColored()
>  - 'hForColorComponents' is an invalid keyword argument for fastNlMeansDenoisingColored()

2026-04-16 15:34:26 [WARNING] photo_editor.pipeline.apply_profile:118 -   Edit step 'Noise Reduction' failed: OpenCV(4.13.0) :-1: error: (-5:Bad argument) in function 'fastNlMeansDenoisingColored'
> Overload resolution failed:
>  - 'hForColorComponents' is an invalid keyword argument for fastNlMeansDenoisingColored()
>  - 'hForColorComponents' is an invalid keyword argument for fastNlMeansDenoisingColored()

2026-04-16 15:34:26 [DEBUG] photo_editor.pipeline.apply_profile:115 -   Applying: Sharpening (sharpen) params={'strength': 0.25, 'kernel_size': 3}
2026-04-16 15:34:26 [DEBUG] photo_editor.pipeline.apply_profile:115 -   Applying: Sharpening (sharpen) params={'strength': 0.25, 'kernel_size': 3}
2026-04-16 15:34:26 [DEBUG] photo_editor.pipeline.apply_profile:115 -   Applying: Straighten (auto_straighten) params={'strength': 0.5}
2026-04-16 15:34:26 [DEBUG] photo_editor.pipeline.apply_profile:115 -   Applying: Straighten (auto_straighten) params={'strength': 0.5}
2026-04-16 15:34:26 [DEBUG] photo_editor.edits.auto_straighten:449 - Auto-straighten: corrected -0.57° tilt
2026-04-16 15:34:26 [DEBUG] photo_editor.edits.auto_straighten:449 - Auto-straighten: corrected -0.57° tilt
2026-04-16 15:34:26 [DEBUG] photo_editor.pipeline.apply_profile:115 -   Applying: Skin Smoothing (smooth_skin) params={'strength': 0.15}
2026-04-16 15:34:26 [DEBUG] photo_editor.pipeline.apply_profile:115 -   Applying: Skin Smoothing (smooth_skin) params={'strength': 0.15}
2026-04-16 15:34:26 [DEBUG] photo_editor.output.save_image:194 - Saved: C:\Users\Omar.Pacheco\OneDrive - Pariveda Solutions, Inc\Pictures\Japan\Edited_Natural\1Q5A0055_natural.jpg (229 KB, 1367×911)
2026-04-16 15:34:26 [DEBUG] photo_editor.output.save_image:194 - Saved: C:\Users\Omar.Pacheco\OneDrive - Pariveda Solutions, Inc\Pictures\Japan\Edited_Natural\1Q5A0055_natural.jpg (229 KB, 1367×911)
2026-04-16 15:34:26 [DEBUG] photo_editor.metadata.copy_metadata:99 - Metadata copied: C:\Users\Omar.Pacheco\OneDrive - Pariveda Solutions, Inc\Pictures\Japan\1Q5A0055.jpg → C:\Users\Omar.Pacheco\OneDrive - Pariveda Solutions, Inc\Pictures\Japan\Edited_Natural\1Q5A0055_natural.jpg
2026-04-16 15:34:26 [DEBUG] photo_editor.metadata.copy_metadata:99 - Metadata copied: C:\Users\Omar.Pacheco\OneDrive - Pariveda Solutions, Inc\Pictures\Japan\1Q5A0055.jpg → C:\Users\Omar.Pacheco\OneDrive - Pariveda Solutions, Inc\Pictures\Japan\Edited_Natural\1Q5A0055_natural.jpg
2026-04-16 15:34:26 [INFO] photo_editor.pipeline.process_single_image:227 -   Done: 1Q5A0055_natural.jpg (portrait, 0.4s)
2026-04-16 15:34:26 [INFO] photo_editor.pipeline.process_single_image:227 -   Done: 1Q5A0055_natural.jpg (portrait, 0.4s)
2026-04-16 15:34:28 [DEBUG] photo_editor.loader._load_standard:160 - Loaded (OpenCV): C:\Users\Omar.Pacheco\OneDrive - Pariveda Solutions, Inc\Pictures\Japan\1Q5A0055.jpg  shape=(911, 1367, 3)
2026-04-16 15:34:28 [DEBUG] photo_editor.loader._load_standard:160 - Loaded (OpenCV): C:\Users\Omar.Pacheco\OneDrive - Pariveda Solutions, Inc\Pictures\Japan\1Q5A0055.jpg  shape=(911, 1367, 3)
2026-04-16 15:34:28 [INFO] photo_editor.pipeline.process_single_image:169 - Processing: 1Q5A0055.jpg
2026-04-16 15:34:28 [INFO] photo_editor.pipeline.process_single_image:169 - Processing: 1Q5A0055.jpg
2026-04-16 15:34:28 [DEBUG] photo_editor.loader._load_standard:160 - Loaded (OpenCV): C:\Users\Omar.Pacheco\OneDrive - Pariveda Solutions, Inc\Pictures\Japan\1Q5A0055.jpg  shape=(911, 1367, 3)
2026-04-16 15:34:28 [DEBUG] photo_editor.loader._load_standard:160 - Loaded (OpenCV): C:\Users\Omar.Pacheco\OneDrive - Pariveda Solutions, Inc\Pictures\Japan\1Q5A0055.jpg  shape=(911, 1367, 3)
2026-04-16 15:34:28 [DEBUG] photo_editor.classifier.classify_image:219 - Image features: {'brightness': 150.04, 'saturation': 118.58, 'colorfulness': np.float64(58.16), 'edge_density': 0.0172, 'aspect_ratio': 1.501, 'num_faces': 1, 'bg_variance': 21.45, 'width': 1367, 'height': 911}
2026-04-16 15:34:28 [DEBUG] photo_editor.classifier.classify_image:219 - Image features: {'brightness': 150.04, 'saturation': 118.58, 'colorfulness': np.float64(58.16), 'edge_density': 0.0172, 'aspect_ratio': 1.501, 'num_faces': 1, 'bg_variance': 21.45, 'width': 1367, 'height': 911}
2026-04-16 15:34:28 [INFO] photo_editor.classifier.classify_image:291 - Classification: portrait (confidence=77%, faces=1)
2026-04-16 15:34:28 [INFO] photo_editor.classifier.classify_image:291 - Classification: portrait (confidence=77%, faces=1)
2026-04-16 15:34:28 [INFO] photo_editor.profiles.get_profile:407 - Profile: style=natural, category=portrait, strength=strong (×1.0)
2026-04-16 15:34:28 [INFO] photo_editor.profiles.get_profile:407 - Profile: style=natural, category=portrait, strength=strong (×1.0)
2026-04-16 15:34:28 [DEBUG] photo_editor.pipeline.apply_profile:115 -   Applying: Auto Levels (auto_levels) params={'strength': 0.25, 'clip_percent': 0.5}
2026-04-16 15:34:28 [DEBUG] photo_editor.pipeline.apply_profile:115 -   Applying: Auto Levels (auto_levels) params={'strength': 0.25, 'clip_percent': 0.5}
2026-04-16 15:34:28 [DEBUG] photo_editor.pipeline.apply_profile:115 -   Applying: Exposure Correction (adjust_exposure) params={'strength': 0.35, 'target_brightness': 128}
2026-04-16 15:34:28 [DEBUG] photo_editor.pipeline.apply_profile:115 -   Applying: Exposure Correction (adjust_exposure) params={'strength': 0.35, 'target_brightness': 128}
2026-04-16 15:34:28 [DEBUG] photo_editor.pipeline.apply_profile:115 -   Applying: White Balance (adjust_white_balance) params={'strength': 0.3}
2026-04-16 15:34:28 [DEBUG] photo_editor.pipeline.apply_profile:115 -   Applying: White Balance (adjust_white_balance) params={'strength': 0.3}
2026-04-16 15:34:28 [DEBUG] photo_editor.pipeline.apply_profile:115 -   Applying: Highlight/Shadow Recovery (recover_highlights_shadows) params={'strength': 0.3}
2026-04-16 15:34:28 [DEBUG] photo_editor.pipeline.apply_profile:115 -   Applying: Highlight/Shadow Recovery (recover_highlights_shadows) params={'strength': 0.3}
2026-04-16 15:34:28 [DEBUG] photo_editor.pipeline.apply_profile:115 -   Applying: Contrast (adjust_contrast) params={'strength': 0.2, 'clip_limit': 1.5}
2026-04-16 15:34:28 [DEBUG] photo_editor.pipeline.apply_profile:115 -   Applying: Contrast (adjust_contrast) params={'strength': 0.2, 'clip_limit': 1.5}
2026-04-16 15:34:28 [DEBUG] photo_editor.pipeline.apply_profile:115 -   Applying: Tone Curve (apply_tone_curve) params={'strength': 0.15}
2026-04-16 15:34:28 [DEBUG] photo_editor.pipeline.apply_profile:115 -   Applying: Tone Curve (apply_tone_curve) params={'strength': 0.15}
2026-04-16 15:34:28 [DEBUG] photo_editor.pipeline.apply_profile:115 -   Applying: Vibrance (adjust_vibrance) params={'strength': 0.2, 'amount': 15}
2026-04-16 15:34:28 [DEBUG] photo_editor.pipeline.apply_profile:115 -   Applying: Vibrance (adjust_vibrance) params={'strength': 0.2, 'amount': 15}
2026-04-16 15:34:28 [DEBUG] photo_editor.pipeline.apply_profile:115 -   Applying: Noise Reduction (reduce_noise) params={'strength': 0.2}
2026-04-16 15:34:28 [DEBUG] photo_editor.pipeline.apply_profile:115 -   Applying: Noise Reduction (reduce_noise) params={'strength': 0.2}
2026-04-16 15:34:28 [WARNING] photo_editor.pipeline.apply_profile:118 -   Edit step 'Noise Reduction' failed: OpenCV(4.13.0) :-1: error: (-5:Bad argument) in function 'fastNlMeansDenoisingColored'
> Overload resolution failed:
>  - 'hForColorComponents' is an invalid keyword argument for fastNlMeansDenoisingColored()
>  - 'hForColorComponents' is an invalid keyword argument for fastNlMeansDenoisingColored()

2026-04-16 15:34:28 [WARNING] photo_editor.pipeline.apply_profile:118 -   Edit step 'Noise Reduction' failed: OpenCV(4.13.0) :-1: error: (-5:Bad argument) in function 'fastNlMeansDenoisingColored'
> Overload resolution failed:
>  - 'hForColorComponents' is an invalid keyword argument for fastNlMeansDenoisingColored()
>  - 'hForColorComponents' is an invalid keyword argument for fastNlMeansDenoisingColored()

2026-04-16 15:34:28 [DEBUG] photo_editor.pipeline.apply_profile:115 -   Applying: Sharpening (sharpen) params={'strength': 0.25, 'kernel_size': 3}
2026-04-16 15:34:28 [DEBUG] photo_editor.pipeline.apply_profile:115 -   Applying: Sharpening (sharpen) params={'strength': 0.25, 'kernel_size': 3}
2026-04-16 15:34:28 [DEBUG] photo_editor.pipeline.apply_profile:115 -   Applying: Straighten (auto_straighten) params={'strength': 0.5}
2026-04-16 15:34:28 [DEBUG] photo_editor.pipeline.apply_profile:115 -   Applying: Straighten (auto_straighten) params={'strength': 0.5}
2026-04-16 15:34:28 [DEBUG] photo_editor.edits.auto_straighten:449 - Auto-straighten: corrected -2.25° tilt
2026-04-16 15:34:28 [DEBUG] photo_editor.edits.auto_straighten:449 - Auto-straighten: corrected -2.25° tilt
2026-04-16 15:34:28 [DEBUG] photo_editor.pipeline.apply_profile:115 -   Applying: Skin Smoothing (smooth_skin) params={'strength': 0.15}
2026-04-16 15:34:28 [DEBUG] photo_editor.pipeline.apply_profile:115 -   Applying: Skin Smoothing (smooth_skin) params={'strength': 0.15}
2026-04-16 15:34:28 [DEBUG] photo_editor.output.save_image:194 - Saved: C:\Users\Omar.Pacheco\OneDrive - Pariveda Solutions, Inc\Pictures\Japan\Edited_Natural\1Q5A0055_natural.jpg (239 KB, 1367×911)
2026-04-16 15:34:28 [DEBUG] photo_editor.output.save_image:194 - Saved: C:\Users\Omar.Pacheco\OneDrive - Pariveda Solutions, Inc\Pictures\Japan\Edited_Natural\1Q5A0055_natural.jpg (239 KB, 1367×911)
2026-04-16 15:34:28 [DEBUG] photo_editor.metadata.copy_metadata:99 - Metadata copied: C:\Users\Omar.Pacheco\OneDrive - Pariveda Solutions, Inc\Pictures\Japan\1Q5A0055.jpg → C:\Users\Omar.Pacheco\OneDrive - Pariveda Solutions, Inc\Pictures\Japan\Edited_Natural\1Q5A0055_natural.jpg
2026-04-16 15:34:28 [DEBUG] photo_editor.metadata.copy_metadata:99 - Metadata copied: C:\Users\Omar.Pacheco\OneDrive - Pariveda Solutions, Inc\Pictures\Japan\1Q5A0055.jpg → C:\Users\Omar.Pacheco\OneDrive - Pariveda Solutions, Inc\Pictures\Japan\Edited_Natural\1Q5A0055_natural.jpg
2026-04-16 15:34:28 [INFO] photo_editor.pipeline.process_single_image:227 -   Done: 1Q5A0055_natural.jpg (portrait, 0.4s)
2026-04-16 15:34:28 [INFO] photo_editor.pipeline.process_single_image:227 -   Done: 1Q5A0055_natural.jpg (portrait, 0.4s)
2026-04-16 15:34:40 [DEBUG] photo_editor.loader._load_standard:160 - Loaded (OpenCV): C:\Users\Omar.Pacheco\OneDrive - Pariveda Solutions, Inc\Pictures\Japan\1Q5A0055.jpg  shape=(911, 1367, 3)
2026-04-16 15:34:40 [DEBUG] photo_editor.loader._load_standard:160 - Loaded (OpenCV): C:\Users\Omar.Pacheco\OneDrive - Pariveda Solutions, Inc\Pictures\Japan\1Q5A0055.jpg  shape=(911, 1367, 3)
2026-04-16 15:34:40 [INFO] photo_editor.pipeline.process_single_image:169 - Processing: 1Q5A0055.jpg
2026-04-16 15:34:40 [INFO] photo_editor.pipeline.process_single_image:169 - Processing: 1Q5A0055.jpg
2026-04-16 15:34:40 [DEBUG] photo_editor.loader._load_standard:160 - Loaded (OpenCV): C:\Users\Omar.Pacheco\OneDrive - Pariveda Solutions, Inc\Pictures\Japan\1Q5A0055.jpg  shape=(911, 1367, 3)
2026-04-16 15:34:40 [DEBUG] photo_editor.loader._load_standard:160 - Loaded (OpenCV): C:\Users\Omar.Pacheco\OneDrive - Pariveda Solutions, Inc\Pictures\Japan\1Q5A0055.jpg  shape=(911, 1367, 3)
2026-04-16 15:34:40 [DEBUG] photo_editor.classifier.classify_image:219 - Image features: {'brightness': 150.04, 'saturation': 118.58, 'colorfulness': np.float64(58.16), 'edge_density': 0.0172, 'aspect_ratio': 1.501, 'num_faces': 1, 'bg_variance': 21.45, 'width': 1367, 'height': 911}
2026-04-16 15:34:40 [DEBUG] photo_editor.classifier.classify_image:219 - Image features: {'brightness': 150.04, 'saturation': 118.58, 'colorfulness': np.float64(58.16), 'edge_density': 0.0172, 'aspect_ratio': 1.501, 'num_faces': 1, 'bg_variance': 21.45, 'width': 1367, 'height': 911}
2026-04-16 15:34:40 [INFO] photo_editor.classifier.classify_image:291 - Classification: portrait (confidence=77%, faces=1)
2026-04-16 15:34:40 [INFO] photo_editor.classifier.classify_image:291 - Classification: portrait (confidence=77%, faces=1)
2026-04-16 15:34:40 [INFO] photo_editor.profiles.get_profile:407 - Profile: style=natural, category=portrait, strength=strong (×1.0)
2026-04-16 15:34:40 [INFO] photo_editor.profiles.get_profile:407 - Profile: style=natural, category=portrait, strength=strong (×1.0)
2026-04-16 15:34:40 [DEBUG] photo_editor.pipeline.apply_profile:115 -   Applying: Auto Levels (auto_levels) params={'strength': 0.25, 'clip_percent': 0.5}
2026-04-16 15:34:40 [DEBUG] photo_editor.pipeline.apply_profile:115 -   Applying: Auto Levels (auto_levels) params={'strength': 0.25, 'clip_percent': 0.5}
2026-04-16 15:34:40 [DEBUG] photo_editor.pipeline.apply_profile:115 -   Applying: Exposure Correction (adjust_exposure) params={'strength': 0.35, 'target_brightness': 128}
2026-04-16 15:34:40 [DEBUG] photo_editor.pipeline.apply_profile:115 -   Applying: Exposure Correction (adjust_exposure) params={'strength': 0.35, 'target_brightness': 128}
2026-04-16 15:34:40 [DEBUG] photo_editor.pipeline.apply_profile:115 -   Applying: White Balance (adjust_white_balance) params={'strength': 0.3}
2026-04-16 15:34:40 [DEBUG] photo_editor.pipeline.apply_profile:115 -   Applying: White Balance (adjust_white_balance) params={'strength': 0.3}
2026-04-16 15:34:40 [DEBUG] photo_editor.pipeline.apply_profile:115 -   Applying: Highlight/Shadow Recovery (recover_highlights_shadows) params={'strength': 0.3}
2026-04-16 15:34:40 [DEBUG] photo_editor.pipeline.apply_profile:115 -   Applying: Highlight/Shadow Recovery (recover_highlights_shadows) params={'strength': 0.3}
2026-04-16 15:34:40 [DEBUG] photo_editor.pipeline.apply_profile:115 -   Applying: Contrast (adjust_contrast) params={'strength': 0.2, 'clip_limit': 1.5}
2026-04-16 15:34:40 [DEBUG] photo_editor.pipeline.apply_profile:115 -   Applying: Contrast (adjust_contrast) params={'strength': 0.2, 'clip_limit': 1.5}
2026-04-16 15:34:40 [DEBUG] photo_editor.pipeline.apply_profile:115 -   Applying: Tone Curve (apply_tone_curve) params={'strength': 0.15}
2026-04-16 15:34:40 [DEBUG] photo_editor.pipeline.apply_profile:115 -   Applying: Tone Curve (apply_tone_curve) params={'strength': 0.15}
2026-04-16 15:34:40 [DEBUG] photo_editor.pipeline.apply_profile:115 -   Applying: Vibrance (adjust_vibrance) params={'strength': 0.2, 'amount': 15}
2026-04-16 15:34:40 [DEBUG] photo_editor.pipeline.apply_profile:115 -   Applying: Vibrance (adjust_vibrance) params={'strength': 0.2, 'amount': 15}
2026-04-16 15:34:40 [DEBUG] photo_editor.pipeline.apply_profile:115 -   Applying: Noise Reduction (reduce_noise) params={'strength': 0.2}
2026-04-16 15:34:40 [DEBUG] photo_editor.pipeline.apply_profile:115 -   Applying: Noise Reduction (reduce_noise) params={'strength': 0.2}
2026-04-16 15:34:40 [WARNING] photo_editor.pipeline.apply_profile:118 -   Edit step 'Noise Reduction' failed: OpenCV(4.13.0) :-1: error: (-5:Bad argument) in function 'fastNlMeansDenoisingColored'
> Overload resolution failed:
>  - 'hForColorComponents' is an invalid keyword argument for fastNlMeansDenoisingColored()
>  - 'hForColorComponents' is an invalid keyword argument for fastNlMeansDenoisingColored()

2026-04-16 15:34:40 [WARNING] photo_editor.pipeline.apply_profile:118 -   Edit step 'Noise Reduction' failed: OpenCV(4.13.0) :-1: error: (-5:Bad argument) in function 'fastNlMeansDenoisingColored'
> Overload resolution failed:
>  - 'hForColorComponents' is an invalid keyword argument for fastNlMeansDenoisingColored()
>  - 'hForColorComponents' is an invalid keyword argument for fastNlMeansDenoisingColored()

2026-04-16 15:34:40 [DEBUG] photo_editor.pipeline.apply_profile:115 -   Applying: Sharpening (sharpen) params={'strength': 0.25, 'kernel_size': 3}
2026-04-16 15:34:40 [DEBUG] photo_editor.pipeline.apply_profile:115 -   Applying: Sharpening (sharpen) params={'strength': 0.25, 'kernel_size': 3}
2026-04-16 15:34:40 [DEBUG] photo_editor.pipeline.apply_profile:115 -   Applying: Straighten (auto_straighten) params={'strength': 0.5}
2026-04-16 15:34:40 [DEBUG] photo_editor.pipeline.apply_profile:115 -   Applying: Straighten (auto_straighten) params={'strength': 0.5}
2026-04-16 15:34:40 [DEBUG] photo_editor.edits.auto_straighten:449 - Auto-straighten: corrected -2.25° tilt
2026-04-16 15:34:40 [DEBUG] photo_editor.edits.auto_straighten:449 - Auto-straighten: corrected -2.25° tilt
2026-04-16 15:34:40 [DEBUG] photo_editor.pipeline.apply_profile:115 -   Applying: Skin Smoothing (smooth_skin) params={'strength': 0.15}
2026-04-16 15:34:40 [DEBUG] photo_editor.pipeline.apply_profile:115 -   Applying: Skin Smoothing (smooth_skin) params={'strength': 0.15}
2026-04-16 15:34:41 [DEBUG] photo_editor.output.save_image:194 - Saved: C:\Users\Omar.Pacheco\OneDrive - Pariveda Solutions, Inc\Pictures\Japan\Edited_Natural\1Q5A0055_natural.jpg (239 KB, 1367×911)
2026-04-16 15:34:41 [DEBUG] photo_editor.output.save_image:194 - Saved: C:\Users\Omar.Pacheco\OneDrive - Pariveda Solutions, Inc\Pictures\Japan\Edited_Natural\1Q5A0055_natural.jpg (239 KB, 1367×911)
2026-04-16 15:34:41 [DEBUG] photo_editor.metadata.copy_metadata:99 - Metadata copied: C:\Users\Omar.Pacheco\OneDrive - Pariveda Solutions, Inc\Pictures\Japan\1Q5A0055.jpg → C:\Users\Omar.Pacheco\OneDrive - Pariveda Solutions, Inc\Pictures\Japan\Edited_Natural\1Q5A0055_natural.jpg
2026-04-16 15:34:41 [DEBUG] photo_editor.metadata.copy_metadata:99 - Metadata copied: C:\Users\Omar.Pacheco\OneDrive - Pariveda Solutions, Inc\Pictures\Japan\1Q5A0055.jpg → C:\Users\Omar.Pacheco\OneDrive - Pariveda Solutions, Inc\Pictures\Japan\Edited_Natural\1Q5A0055_natural.jpg
2026-04-16 15:34:41 [INFO] photo_editor.pipeline.process_single_image:227 -   Done: 1Q5A0055_natural.jpg (portrait, 0.4s)
2026-04-16 15:34:41 [INFO] photo_editor.pipeline.process_single_image:227 -   Done: 1Q5A0055_natural.jpg (portrait, 0.4s)
2026-04-16 15:34:42 [DEBUG] photo_editor.loader._load_standard:160 - Loaded (OpenCV): C:\Users\Omar.Pacheco\OneDrive - Pariveda Solutions, Inc\Pictures\Japan\1Q5A0055.jpg  shape=(911, 1367, 3)
2026-04-16 15:34:42 [DEBUG] photo_editor.loader._load_standard:160 - Loaded (OpenCV): C:\Users\Omar.Pacheco\OneDrive - Pariveda Solutions, Inc\Pictures\Japan\1Q5A0055.jpg  shape=(911, 1367, 3)
2026-04-16 15:34:42 [INFO] photo_editor.pipeline.process_single_image:169 - Processing: 1Q5A0055.jpg
2026-04-16 15:34:42 [INFO] photo_editor.pipeline.process_single_image:169 - Processing: 1Q5A0055.jpg
2026-04-16 15:34:42 [DEBUG] photo_editor.loader._load_standard:160 - Loaded (OpenCV): C:\Users\Omar.Pacheco\OneDrive - Pariveda Solutions, Inc\Pictures\Japan\1Q5A0055.jpg  shape=(911, 1367, 3)
2026-04-16 15:34:42 [DEBUG] photo_editor.loader._load_standard:160 - Loaded (OpenCV): C:\Users\Omar.Pacheco\OneDrive - Pariveda Solutions, Inc\Pictures\Japan\1Q5A0055.jpg  shape=(911, 1367, 3)
2026-04-16 15:34:42 [DEBUG] photo_editor.classifier.classify_image:219 - Image features: {'brightness': 150.04, 'saturation': 118.58, 'colorfulness': np.float64(58.16), 'edge_density': 0.0172, 'aspect_ratio': 1.501, 'num_faces': 1, 'bg_variance': 21.45, 'width': 1367, 'height': 911}
2026-04-16 15:34:42 [DEBUG] photo_editor.classifier.classify_image:219 - Image features: {'brightness': 150.04, 'saturation': 118.58, 'colorfulness': np.float64(58.16), 'edge_density': 0.0172, 'aspect_ratio': 1.501, 'num_faces': 1, 'bg_variance': 21.45, 'width': 1367, 'height': 911}
2026-04-16 15:34:42 [INFO] photo_editor.classifier.classify_image:291 - Classification: portrait (confidence=77%, faces=1)
2026-04-16 15:34:42 [INFO] photo_editor.classifier.classify_image:291 - Classification: portrait (confidence=77%, faces=1)
2026-04-16 15:34:42 [INFO] photo_editor.profiles.get_profile:407 - Profile: style=natural, category=portrait, strength=strong (×1.0)
2026-04-16 15:34:42 [INFO] photo_editor.profiles.get_profile:407 - Profile: style=natural, category=portrait, strength=strong (×1.0)
2026-04-16 15:34:42 [DEBUG] photo_editor.pipeline.apply_profile:115 -   Applying: Auto Levels (auto_levels) params={'strength': 0.25, 'clip_percent': 0.5}
2026-04-16 15:34:42 [DEBUG] photo_editor.pipeline.apply_profile:115 -   Applying: Auto Levels (auto_levels) params={'strength': 0.25, 'clip_percent': 0.5}
2026-04-16 15:34:42 [DEBUG] photo_editor.pipeline.apply_profile:115 -   Applying: Exposure Correction (adjust_exposure) params={'strength': 0.35, 'target_brightness': 128}
2026-04-16 15:34:42 [DEBUG] photo_editor.pipeline.apply_profile:115 -   Applying: Exposure Correction (adjust_exposure) params={'strength': 0.35, 'target_brightness': 128}
2026-04-16 15:34:42 [DEBUG] photo_editor.pipeline.apply_profile:115 -   Applying: White Balance (adjust_white_balance) params={'strength': 0.3}
2026-04-16 15:34:42 [DEBUG] photo_editor.pipeline.apply_profile:115 -   Applying: White Balance (adjust_white_balance) params={'strength': 0.3}
2026-04-16 15:34:42 [DEBUG] photo_editor.pipeline.apply_profile:115 -   Applying: Highlight/Shadow Recovery (recover_highlights_shadows) params={'strength': 0.3}
2026-04-16 15:34:42 [DEBUG] photo_editor.pipeline.apply_profile:115 -   Applying: Highlight/Shadow Recovery (recover_highlights_shadows) params={'strength': 0.3}
2026-04-16 15:34:42 [DEBUG] photo_editor.pipeline.apply_profile:115 -   Applying: Contrast (adjust_contrast) params={'strength': 0.2, 'clip_limit': 1.5}
2026-04-16 15:34:42 [DEBUG] photo_editor.pipeline.apply_profile:115 -   Applying: Contrast (adjust_contrast) params={'strength': 0.2, 'clip_limit': 1.5}
2026-04-16 15:34:42 [DEBUG] photo_editor.pipeline.apply_profile:115 -   Applying: Tone Curve (apply_tone_curve) params={'strength': 0.15}
2026-04-16 15:34:42 [DEBUG] photo_editor.pipeline.apply_profile:115 -   Applying: Tone Curve (apply_tone_curve) params={'strength': 0.15}
2026-04-16 15:34:42 [DEBUG] photo_editor.pipeline.apply_profile:115 -   Applying: Vibrance (adjust_vibrance) params={'strength': 0.2, 'amount': 15}
2026-04-16 15:34:42 [DEBUG] photo_editor.pipeline.apply_profile:115 -   Applying: Vibrance (adjust_vibrance) params={'strength': 0.2, 'amount': 15}
2026-04-16 15:34:42 [DEBUG] photo_editor.pipeline.apply_profile:115 -   Applying: Noise Reduction (reduce_noise) params={'strength': 0.2}
2026-04-16 15:34:42 [DEBUG] photo_editor.pipeline.apply_profile:115 -   Applying: Noise Reduction (reduce_noise) params={'strength': 0.2}
2026-04-16 15:34:42 [WARNING] photo_editor.pipeline.apply_profile:118 -   Edit step 'Noise Reduction' failed: OpenCV(4.13.0) :-1: error: (-5:Bad argument) in function 'fastNlMeansDenoisingColored'
> Overload resolution failed:
>  - 'hForColorComponents' is an invalid keyword argument for fastNlMeansDenoisingColored()
>  - 'hForColorComponents' is an invalid keyword argument for fastNlMeansDenoisingColored()

2026-04-16 15:34:42 [WARNING] photo_editor.pipeline.apply_profile:118 -   Edit step 'Noise Reduction' failed: OpenCV(4.13.0) :-1: error: (-5:Bad argument) in function 'fastNlMeansDenoisingColored'
> Overload resolution failed:
>  - 'hForColorComponents' is an invalid keyword argument for fastNlMeansDenoisingColored()
>  - 'hForColorComponents' is an invalid keyword argument for fastNlMeansDenoisingColored()

2026-04-16 15:34:42 [DEBUG] photo_editor.pipeline.apply_profile:115 -   Applying: Sharpening (sharpen) params={'strength': 0.25, 'kernel_size': 3}
2026-04-16 15:34:42 [DEBUG] photo_editor.pipeline.apply_profile:115 -   Applying: Sharpening (sharpen) params={'strength': 0.25, 'kernel_size': 3}
2026-04-16 15:34:42 [DEBUG] photo_editor.pipeline.apply_profile:115 -   Applying: Straighten (auto_straighten) params={'strength': 0.5}
2026-04-16 15:34:42 [DEBUG] photo_editor.pipeline.apply_profile:115 -   Applying: Straighten (auto_straighten) params={'strength': 0.5}
2026-04-16 15:34:42 [DEBUG] photo_editor.edits.auto_straighten:449 - Auto-straighten: corrected -2.25° tilt
2026-04-16 15:34:42 [DEBUG] photo_editor.edits.auto_straighten:449 - Auto-straighten: corrected -2.25° tilt
2026-04-16 15:34:42 [DEBUG] photo_editor.pipeline.apply_profile:115 -   Applying: Skin Smoothing (smooth_skin) params={'strength': 0.15}
2026-04-16 15:34:42 [DEBUG] photo_editor.pipeline.apply_profile:115 -   Applying: Skin Smoothing (smooth_skin) params={'strength': 0.15}
2026-04-16 15:34:42 [DEBUG] photo_editor.output.save_image:194 - Saved: C:\Users\Omar.Pacheco\OneDrive - Pariveda Solutions, Inc\Pictures\Japan\Edited_Natural\1Q5A0055_natural.jpg (239 KB, 1367×911)
2026-04-16 15:34:42 [DEBUG] photo_editor.output.save_image:194 - Saved: C:\Users\Omar.Pacheco\OneDrive - Pariveda Solutions, Inc\Pictures\Japan\Edited_Natural\1Q5A0055_natural.jpg (239 KB, 1367×911)
2026-04-16 15:34:42 [DEBUG] photo_editor.metadata.copy_metadata:99 - Metadata copied: C:\Users\Omar.Pacheco\OneDrive - Pariveda Solutions, Inc\Pictures\Japan\1Q5A0055.jpg → C:\Users\Omar.Pacheco\OneDrive - Pariveda Solutions, Inc\Pictures\Japan\Edited_Natural\1Q5A0055_natural.jpg
2026-04-16 15:34:42 [DEBUG] photo_editor.metadata.copy_metadata:99 - Metadata copied: C:\Users\Omar.Pacheco\OneDrive - Pariveda Solutions, Inc\Pictures\Japan\1Q5A0055.jpg → C:\Users\Omar.Pacheco\OneDrive - Pariveda Solutions, Inc\Pictures\Japan\Edited_Natural\1Q5A0055_natural.jpg
2026-04-16 15:34:42 [INFO] photo_editor.pipeline.process_single_image:227 -   Done: 1Q5A0055_natural.jpg (portrait, 0.5s)
2026-04-16 15:34:42 [INFO] photo_editor.pipeline.process_single_image:227 -   Done: 1Q5A0055_natural.jpg (portrait, 0.5s)
2026-04-16 15:34:43 [DEBUG] photo_editor.loader._load_standard:160 - Loaded (OpenCV): C:\Users\Omar.Pacheco\OneDrive - Pariveda Solutions, Inc\Pictures\Japan\1Q5A0070.jpg  shape=(911, 1367, 3)
2026-04-16 15:34:43 [DEBUG] photo_editor.loader._load_standard:160 - Loaded (OpenCV): C:\Users\Omar.Pacheco\OneDrive - Pariveda Solutions, Inc\Pictures\Japan\1Q5A0070.jpg  shape=(911, 1367, 3)
2026-04-16 15:34:43 [DEBUG] photo_editor.classifier.classify_image:219 - Image features: {'brightness': 31.26, 'saturation': 106.03, 'colorfulness': np.float64(22.94), 'edge_density': 0.0112, 'aspect_ratio': 1.501, 'num_faces': 0, 'bg_variance': 6.9, 'width': 1367, 'height': 911}
2026-04-16 15:34:43 [DEBUG] photo_editor.classifier.classify_image:219 - Image features: {'brightness': 31.26, 'saturation': 106.03, 'colorfulness': np.float64(22.94), 'edge_density': 0.0112, 'aspect_ratio': 1.501, 'num_faces': 0, 'bg_variance': 6.9, 'width': 1367, 'height': 911}
2026-04-16 15:34:43 [INFO] photo_editor.classifier.classify_image:291 - Classification: night (confidence=87%, faces=0)
2026-04-16 15:34:43 [INFO] photo_editor.classifier.classify_image:291 - Classification: night (confidence=87%, faces=0)
2026-04-16 15:34:43 [DEBUG] photo_editor.loader._load_standard:160 - Loaded (OpenCV): C:\Users\Omar.Pacheco\OneDrive - Pariveda Solutions, Inc\Pictures\Japan\1Q5A0070.jpg  shape=(911, 1367, 3)
2026-04-16 15:34:43 [DEBUG] photo_editor.loader._load_standard:160 - Loaded (OpenCV): C:\Users\Omar.Pacheco\OneDrive - Pariveda Solutions, Inc\Pictures\Japan\1Q5A0070.jpg  shape=(911, 1367, 3)
2026-04-16 15:34:43 [INFO] photo_editor.pipeline.process_single_image:169 - Processing: 1Q5A0070.jpg
2026-04-16 15:34:43 [INFO] photo_editor.pipeline.process_single_image:169 - Processing: 1Q5A0070.jpg
2026-04-16 15:34:43 [DEBUG] photo_editor.loader._load_standard:160 - Loaded (OpenCV): C:\Users\Omar.Pacheco\OneDrive - Pariveda Solutions, Inc\Pictures\Japan\1Q5A0070.jpg  shape=(911, 1367, 3)
2026-04-16 15:34:43 [DEBUG] photo_editor.loader._load_standard:160 - Loaded (OpenCV): C:\Users\Omar.Pacheco\OneDrive - Pariveda Solutions, Inc\Pictures\Japan\1Q5A0070.jpg  shape=(911, 1367, 3)
2026-04-16 15:34:43 [DEBUG] photo_editor.classifier.classify_image:219 - Image features: {'brightness': 31.26, 'saturation': 106.03, 'colorfulness': np.float64(22.94), 'edge_density': 0.0112, 'aspect_ratio': 1.501, 'num_faces': 0, 'bg_variance': 6.87, 'width': 1367, 'height': 911}
2026-04-16 15:34:43 [DEBUG] photo_editor.classifier.classify_image:219 - Image features: {'brightness': 31.26, 'saturation': 106.03, 'colorfulness': np.float64(22.94), 'edge_density': 0.0112, 'aspect_ratio': 1.501, 'num_faces': 0, 'bg_variance': 6.87, 'width': 1367, 'height': 911}
2026-04-16 15:34:43 [INFO] photo_editor.classifier.classify_image:291 - Classification: night (confidence=87%, faces=0)
2026-04-16 15:34:43 [INFO] photo_editor.classifier.classify_image:291 - Classification: night (confidence=87%, faces=0)
2026-04-16 15:34:43 [INFO] photo_editor.profiles.get_profile:407 - Profile: style=auto, category=night, strength=medium (×0.7)
2026-04-16 15:34:43 [INFO] photo_editor.profiles.get_profile:407 - Profile: style=auto, category=night, strength=medium (×0.7)
2026-04-16 15:34:43 [DEBUG] photo_editor.pipeline.apply_profile:115 -   Applying: Auto Levels (auto_levels) params={'strength': 0.35, 'clip_percent': 1.5}
2026-04-16 15:34:43 [DEBUG] photo_editor.pipeline.apply_profile:115 -   Applying: Auto Levels (auto_levels) params={'strength': 0.35, 'clip_percent': 1.5}
2026-04-16 15:34:43 [DEBUG] photo_editor.pipeline.apply_profile:115 -   Applying: Exposure Correction (adjust_exposure) params={'strength': 0.35, 'target_brightness': 90}
2026-04-16 15:34:43 [DEBUG] photo_editor.pipeline.apply_profile:115 -   Applying: Exposure Correction (adjust_exposure) params={'strength': 0.35, 'target_brightness': 90}
2026-04-16 15:34:43 [DEBUG] photo_editor.pipeline.apply_profile:115 -   Applying: White Balance (adjust_white_balance) params={'strength': 0.24499999999999997}
2026-04-16 15:34:43 [DEBUG] photo_editor.pipeline.apply_profile:115 -   Applying: White Balance (adjust_white_balance) params={'strength': 0.24499999999999997}
2026-04-16 15:34:43 [DEBUG] photo_editor.pipeline.apply_profile:115 -   Applying: Highlight/Shadow Recovery (recover_highlights_shadows) params={'strength': 0.21}
2026-04-16 15:34:43 [DEBUG] photo_editor.pipeline.apply_profile:115 -   Applying: Highlight/Shadow Recovery (recover_highlights_shadows) params={'strength': 0.21}
2026-04-16 15:34:43 [DEBUG] photo_editor.pipeline.apply_profile:115 -   Applying: Contrast (adjust_contrast) params={'strength': 0.5599999999999999, 'clip_limit': 3.0}
2026-04-16 15:34:43 [DEBUG] photo_editor.pipeline.apply_profile:115 -   Applying: Contrast (adjust_contrast) params={'strength': 0.5599999999999999, 'clip_limit': 3.0}
2026-04-16 15:34:43 [DEBUG] photo_editor.pipeline.apply_profile:115 -   Applying: Tone Curve (apply_tone_curve) params={'strength': 0.42}
2026-04-16 15:34:43 [DEBUG] photo_editor.pipeline.apply_profile:115 -   Applying: Tone Curve (apply_tone_curve) params={'strength': 0.42}
2026-04-16 15:34:43 [DEBUG] photo_editor.pipeline.apply_profile:115 -   Applying: Vibrance (adjust_vibrance) params={'strength': 0.27999999999999997, 'amount': 25}
2026-04-16 15:34:43 [DEBUG] photo_editor.pipeline.apply_profile:115 -   Applying: Vibrance (adjust_vibrance) params={'strength': 0.27999999999999997, 'amount': 25}
2026-04-16 15:34:43 [DEBUG] photo_editor.pipeline.apply_profile:115 -   Applying: Noise Reduction (reduce_noise) params={'strength': 0.24499999999999997}
2026-04-16 15:34:43 [DEBUG] photo_editor.pipeline.apply_profile:115 -   Applying: Noise Reduction (reduce_noise) params={'strength': 0.24499999999999997}
2026-04-16 15:34:43 [WARNING] photo_editor.pipeline.apply_profile:118 -   Edit step 'Noise Reduction' failed: OpenCV(4.13.0) :-1: error: (-5:Bad argument) in function 'fastNlMeansDenoisingColored'
> Overload resolution failed:
>  - 'hForColorComponents' is an invalid keyword argument for fastNlMeansDenoisingColored()
>  - 'hForColorComponents' is an invalid keyword argument for fastNlMeansDenoisingColored()

2026-04-16 15:34:43 [WARNING] photo_editor.pipeline.apply_profile:118 -   Edit step 'Noise Reduction' failed: OpenCV(4.13.0) :-1: error: (-5:Bad argument) in function 'fastNlMeansDenoisingColored'
> Overload resolution failed:
>  - 'hForColorComponents' is an invalid keyword argument for fastNlMeansDenoisingColored()
>  - 'hForColorComponents' is an invalid keyword argument for fastNlMeansDenoisingColored()

2026-04-16 15:34:43 [DEBUG] photo_editor.pipeline.apply_profile:115 -   Applying: Sharpening (sharpen) params={'strength': 0.35, 'kernel_size': 3}
2026-04-16 15:34:43 [DEBUG] photo_editor.pipeline.apply_profile:115 -   Applying: Sharpening (sharpen) params={'strength': 0.35, 'kernel_size': 3}
2026-04-16 15:34:43 [DEBUG] photo_editor.pipeline.apply_profile:115 -   Applying: Straighten (auto_straighten) params={'strength': 0.35}
2026-04-16 15:34:43 [DEBUG] photo_editor.pipeline.apply_profile:115 -   Applying: Straighten (auto_straighten) params={'strength': 0.35}
2026-04-16 15:34:43 [DEBUG] photo_editor.pipeline.apply_profile:115 -   Applying: Vignette (apply_vignette) params={'strength': 0.27999999999999997}
2026-04-16 15:34:43 [DEBUG] photo_editor.pipeline.apply_profile:115 -   Applying: Vignette (apply_vignette) params={'strength': 0.27999999999999997}
2026-04-16 15:34:43 [DEBUG] photo_editor.output.save_image:194 - Saved: C:\Users\Omar.Pacheco\OneDrive - Pariveda Solutions, Inc\Pictures\Japan\Edited\1Q5A0070_edited.jpg (204 KB, 1367×911)
2026-04-16 15:34:43 [DEBUG] photo_editor.output.save_image:194 - Saved: C:\Users\Omar.Pacheco\OneDrive - Pariveda Solutions, Inc\Pictures\Japan\Edited\1Q5A0070_edited.jpg (204 KB, 1367×911)
2026-04-16 15:34:43 [DEBUG] photo_editor.metadata.copy_metadata:99 - Metadata copied: C:\Users\Omar.Pacheco\OneDrive - Pariveda Solutions, Inc\Pictures\Japan\1Q5A0070.jpg → C:\Users\Omar.Pacheco\OneDrive - Pariveda Solutions, Inc\Pictures\Japan\Edited\1Q5A0070_edited.jpg
2026-04-16 15:34:43 [DEBUG] photo_editor.metadata.copy_metadata:99 - Metadata copied: C:\Users\Omar.Pacheco\OneDrive - Pariveda Solutions, Inc\Pictures\Japan\1Q5A0070.jpg → C:\Users\Omar.Pacheco\OneDrive - Pariveda Solutions, Inc\Pictures\Japan\Edited\1Q5A0070_edited.jpg
2026-04-16 15:34:43 [INFO] photo_editor.pipeline.process_single_image:227 -   Done: 1Q5A0070_edited.jpg (night, 0.4s)
2026-04-16 15:34:43 [INFO] photo_editor.pipeline.process_single_image:227 -   Done: 1Q5A0070_edited.jpg (night, 0.4s)
2026-04-16 15:34:50 [DEBUG] photo_editor.loader._load_standard:160 - Loaded (OpenCV): C:\Users\Omar.Pacheco\OneDrive - Pariveda Solutions, Inc\Pictures\Japan\1Q5A0070.jpg  shape=(911, 1367, 3)
2026-04-16 15:34:50 [DEBUG] photo_editor.loader._load_standard:160 - Loaded (OpenCV): C:\Users\Omar.Pacheco\OneDrive - Pariveda Solutions, Inc\Pictures\Japan\1Q5A0070.jpg  shape=(911, 1367, 3)
2026-04-16 15:34:50 [INFO] photo_editor.pipeline.process_single_image:169 - Processing: 1Q5A0070.jpg
2026-04-16 15:34:50 [INFO] photo_editor.pipeline.process_single_image:169 - Processing: 1Q5A0070.jpg
2026-04-16 15:34:50 [DEBUG] photo_editor.loader._load_standard:160 - Loaded (OpenCV): C:\Users\Omar.Pacheco\OneDrive - Pariveda Solutions, Inc\Pictures\Japan\1Q5A0070.jpg  shape=(911, 1367, 3)
2026-04-16 15:34:50 [DEBUG] photo_editor.loader._load_standard:160 - Loaded (OpenCV): C:\Users\Omar.Pacheco\OneDrive - Pariveda Solutions, Inc\Pictures\Japan\1Q5A0070.jpg  shape=(911, 1367, 3)
2026-04-16 15:34:51 [DEBUG] photo_editor.classifier.classify_image:219 - Image features: {'brightness': 31.26, 'saturation': 106.03, 'colorfulness': np.float64(22.94), 'edge_density': 0.0112, 'aspect_ratio': 1.501, 'num_faces': 0, 'bg_variance': 6.87, 'width': 1367, 'height': 911}
2026-04-16 15:34:51 [DEBUG] photo_editor.classifier.classify_image:219 - Image features: {'brightness': 31.26, 'saturation': 106.03, 'colorfulness': np.float64(22.94), 'edge_density': 0.0112, 'aspect_ratio': 1.501, 'num_faces': 0, 'bg_variance': 6.87, 'width': 1367, 'height': 911}
2026-04-16 15:34:51 [INFO] photo_editor.classifier.classify_image:291 - Classification: night (confidence=87%, faces=0)
2026-04-16 15:34:51 [INFO] photo_editor.classifier.classify_image:291 - Classification: night (confidence=87%, faces=0)
2026-04-16 15:34:51 [INFO] photo_editor.profiles.get_profile:407 - Profile: style=auto, category=night, strength=light (×0.4)
2026-04-16 15:34:51 [INFO] photo_editor.profiles.get_profile:407 - Profile: style=auto, category=night, strength=light (×0.4)
2026-04-16 15:34:51 [DEBUG] photo_editor.pipeline.apply_profile:115 -   Applying: Auto Levels (auto_levels) params={'strength': 0.2, 'clip_percent': 1.5}
2026-04-16 15:34:51 [DEBUG] photo_editor.pipeline.apply_profile:115 -   Applying: Auto Levels (auto_levels) params={'strength': 0.2, 'clip_percent': 1.5}
2026-04-16 15:34:51 [DEBUG] photo_editor.pipeline.apply_profile:115 -   Applying: Exposure Correction (adjust_exposure) params={'strength': 0.2, 'target_brightness': 90}
2026-04-16 15:34:51 [DEBUG] photo_editor.pipeline.apply_profile:115 -   Applying: Exposure Correction (adjust_exposure) params={'strength': 0.2, 'target_brightness': 90}
2026-04-16 15:34:51 [DEBUG] photo_editor.pipeline.apply_profile:115 -   Applying: White Balance (adjust_white_balance) params={'strength': 0.13999999999999999}
2026-04-16 15:34:51 [DEBUG] photo_editor.pipeline.apply_profile:115 -   Applying: White Balance (adjust_white_balance) params={'strength': 0.13999999999999999}
2026-04-16 15:34:51 [DEBUG] photo_editor.pipeline.apply_profile:115 -   Applying: Highlight/Shadow Recovery (recover_highlights_shadows) params={'strength': 0.12}
2026-04-16 15:34:51 [DEBUG] photo_editor.pipeline.apply_profile:115 -   Applying: Highlight/Shadow Recovery (recover_highlights_shadows) params={'strength': 0.12}
2026-04-16 15:34:51 [DEBUG] photo_editor.pipeline.apply_profile:115 -   Applying: Contrast (adjust_contrast) params={'strength': 0.32000000000000006, 'clip_limit': 3.0}
2026-04-16 15:34:51 [DEBUG] photo_editor.pipeline.apply_profile:115 -   Applying: Contrast (adjust_contrast) params={'strength': 0.32000000000000006, 'clip_limit': 3.0}
2026-04-16 15:34:51 [DEBUG] photo_editor.pipeline.apply_profile:115 -   Applying: Tone Curve (apply_tone_curve) params={'strength': 0.24}
2026-04-16 15:34:51 [DEBUG] photo_editor.pipeline.apply_profile:115 -   Applying: Tone Curve (apply_tone_curve) params={'strength': 0.24}
2026-04-16 15:34:51 [DEBUG] photo_editor.pipeline.apply_profile:115 -   Applying: Vibrance (adjust_vibrance) params={'strength': 0.16000000000000003, 'amount': 25}
2026-04-16 15:34:51 [DEBUG] photo_editor.pipeline.apply_profile:115 -   Applying: Vibrance (adjust_vibrance) params={'strength': 0.16000000000000003, 'amount': 25}
2026-04-16 15:34:51 [DEBUG] photo_editor.pipeline.apply_profile:115 -   Applying: Noise Reduction (reduce_noise) params={'strength': 0.13999999999999999}
2026-04-16 15:34:51 [DEBUG] photo_editor.pipeline.apply_profile:115 -   Applying: Noise Reduction (reduce_noise) params={'strength': 0.13999999999999999}
2026-04-16 15:34:51 [WARNING] photo_editor.pipeline.apply_profile:118 -   Edit step 'Noise Reduction' failed: OpenCV(4.13.0) :-1: error: (-5:Bad argument) in function 'fastNlMeansDenoisingColored'
> Overload resolution failed:
>  - 'hForColorComponents' is an invalid keyword argument for fastNlMeansDenoisingColored()
>  - 'hForColorComponents' is an invalid keyword argument for fastNlMeansDenoisingColored()

2026-04-16 15:34:51 [WARNING] photo_editor.pipeline.apply_profile:118 -   Edit step 'Noise Reduction' failed: OpenCV(4.13.0) :-1: error: (-5:Bad argument) in function 'fastNlMeansDenoisingColored'
> Overload resolution failed:
>  - 'hForColorComponents' is an invalid keyword argument for fastNlMeansDenoisingColored()
>  - 'hForColorComponents' is an invalid keyword argument for fastNlMeansDenoisingColored()

2026-04-16 15:34:51 [DEBUG] photo_editor.pipeline.apply_profile:115 -   Applying: Sharpening (sharpen) params={'strength': 0.2, 'kernel_size': 3}
2026-04-16 15:34:51 [DEBUG] photo_editor.pipeline.apply_profile:115 -   Applying: Sharpening (sharpen) params={'strength': 0.2, 'kernel_size': 3}
2026-04-16 15:34:51 [DEBUG] photo_editor.pipeline.apply_profile:115 -   Applying: Straighten (auto_straighten) params={'strength': 0.2}
2026-04-16 15:34:51 [DEBUG] photo_editor.pipeline.apply_profile:115 -   Applying: Straighten (auto_straighten) params={'strength': 0.2}
2026-04-16 15:34:51 [DEBUG] photo_editor.edits.auto_straighten:449 - Auto-straighten: corrected -0.81° tilt
2026-04-16 15:34:51 [DEBUG] photo_editor.edits.auto_straighten:449 - Auto-straighten: corrected -0.81° tilt
2026-04-16 15:34:51 [DEBUG] photo_editor.pipeline.apply_profile:115 -   Applying: Vignette (apply_vignette) params={'strength': 0.16000000000000003}
2026-04-16 15:34:51 [DEBUG] photo_editor.pipeline.apply_profile:115 -   Applying: Vignette (apply_vignette) params={'strength': 0.16000000000000003}
2026-04-16 15:34:51 [DEBUG] photo_editor.output.save_image:194 - Saved: C:\Users\Omar.Pacheco\OneDrive - Pariveda Solutions, Inc\Pictures\Japan\Edited\1Q5A0070_edited.jpg (196 KB, 1367×911)
2026-04-16 15:34:51 [DEBUG] photo_editor.output.save_image:194 - Saved: C:\Users\Omar.Pacheco\OneDrive - Pariveda Solutions, Inc\Pictures\Japan\Edited\1Q5A0070_edited.jpg (196 KB, 1367×911)
2026-04-16 15:34:51 [DEBUG] photo_editor.metadata.copy_metadata:99 - Metadata copied: C:\Users\Omar.Pacheco\OneDrive - Pariveda Solutions, Inc\Pictures\Japan\1Q5A0070.jpg → C:\Users\Omar.Pacheco\OneDrive - Pariveda Solutions, Inc\Pictures\Japan\Edited\1Q5A0070_edited.jpg
2026-04-16 15:34:51 [DEBUG] photo_editor.metadata.copy_metadata:99 - Metadata copied: C:\Users\Omar.Pacheco\OneDrive - Pariveda Solutions, Inc\Pictures\Japan\1Q5A0070.jpg → C:\Users\Omar.Pacheco\OneDrive - Pariveda Solutions, Inc\Pictures\Japan\Edited\1Q5A0070_edited.jpg
2026-04-16 15:34:51 [INFO] photo_editor.pipeline.process_single_image:227 -   Done: 1Q5A0070_edited.jpg (night, 0.4s)
2026-04-16 15:34:51 [INFO] photo_editor.pipeline.process_single_image:227 -   Done: 1Q5A0070_edited.jpg (night, 0.4s)
2026-04-16 15:34:53 [DEBUG] photo_editor.loader._load_standard:160 - Loaded (OpenCV): C:\Users\Omar.Pacheco\OneDrive - Pariveda Solutions, Inc\Pictures\Japan\1Q5A0070.jpg  shape=(911, 1367, 3)
2026-04-16 15:34:53 [DEBUG] photo_editor.loader._load_standard:160 - Loaded (OpenCV): C:\Users\Omar.Pacheco\OneDrive - Pariveda Solutions, Inc\Pictures\Japan\1Q5A0070.jpg  shape=(911, 1367, 3)
2026-04-16 15:34:53 [INFO] photo_editor.pipeline.process_single_image:169 - Processing: 1Q5A0070.jpg
2026-04-16 15:34:53 [INFO] photo_editor.pipeline.process_single_image:169 - Processing: 1Q5A0070.jpg
2026-04-16 15:34:53 [DEBUG] photo_editor.loader._load_standard:160 - Loaded (OpenCV): C:\Users\Omar.Pacheco\OneDrive - Pariveda Solutions, Inc\Pictures\Japan\1Q5A0070.jpg  shape=(911, 1367, 3)
2026-04-16 15:34:53 [DEBUG] photo_editor.loader._load_standard:160 - Loaded (OpenCV): C:\Users\Omar.Pacheco\OneDrive - Pariveda Solutions, Inc\Pictures\Japan\1Q5A0070.jpg  shape=(911, 1367, 3)
2026-04-16 15:34:53 [DEBUG] photo_editor.classifier.classify_image:219 - Image features: {'brightness': 31.26, 'saturation': 106.03, 'colorfulness': np.float64(22.94), 'edge_density': 0.0112, 'aspect_ratio': 1.501, 'num_faces': 0, 'bg_variance': 6.87, 'width': 1367, 'height': 911}
2026-04-16 15:34:53 [DEBUG] photo_editor.classifier.classify_image:219 - Image features: {'brightness': 31.26, 'saturation': 106.03, 'colorfulness': np.float64(22.94), 'edge_density': 0.0112, 'aspect_ratio': 1.501, 'num_faces': 0, 'bg_variance': 6.87, 'width': 1367, 'height': 911}
2026-04-16 15:34:53 [INFO] photo_editor.classifier.classify_image:291 - Classification: night (confidence=87%, faces=0)
2026-04-16 15:34:53 [INFO] photo_editor.classifier.classify_image:291 - Classification: night (confidence=87%, faces=0)
2026-04-16 15:34:53 [INFO] photo_editor.profiles.get_profile:407 - Profile: style=auto, category=night, strength=strong (×1.0)
2026-04-16 15:34:53 [INFO] photo_editor.profiles.get_profile:407 - Profile: style=auto, category=night, strength=strong (×1.0)
2026-04-16 15:34:53 [DEBUG] photo_editor.pipeline.apply_profile:115 -   Applying: Auto Levels (auto_levels) params={'strength': 0.5, 'clip_percent': 1.5}
2026-04-16 15:34:53 [DEBUG] photo_editor.pipeline.apply_profile:115 -   Applying: Auto Levels (auto_levels) params={'strength': 0.5, 'clip_percent': 1.5}
2026-04-16 15:34:53 [DEBUG] photo_editor.pipeline.apply_profile:115 -   Applying: Exposure Correction (adjust_exposure) params={'strength': 0.5, 'target_brightness': 90}
2026-04-16 15:34:53 [DEBUG] photo_editor.pipeline.apply_profile:115 -   Applying: Exposure Correction (adjust_exposure) params={'strength': 0.5, 'target_brightness': 90}
2026-04-16 15:34:53 [DEBUG] photo_editor.pipeline.apply_profile:115 -   Applying: White Balance (adjust_white_balance) params={'strength': 0.35}
2026-04-16 15:34:53 [DEBUG] photo_editor.pipeline.apply_profile:115 -   Applying: White Balance (adjust_white_balance) params={'strength': 0.35}
2026-04-16 15:34:53 [DEBUG] photo_editor.pipeline.apply_profile:115 -   Applying: Highlight/Shadow Recovery (recover_highlights_shadows) params={'strength': 0.3}
2026-04-16 15:34:53 [DEBUG] photo_editor.pipeline.apply_profile:115 -   Applying: Highlight/Shadow Recovery (recover_highlights_shadows) params={'strength': 0.3}
2026-04-16 15:34:53 [DEBUG] photo_editor.pipeline.apply_profile:115 -   Applying: Contrast (adjust_contrast) params={'strength': 0.8, 'clip_limit': 3.0}
2026-04-16 15:34:53 [DEBUG] photo_editor.pipeline.apply_profile:115 -   Applying: Contrast (adjust_contrast) params={'strength': 0.8, 'clip_limit': 3.0}
2026-04-16 15:34:53 [DEBUG] photo_editor.pipeline.apply_profile:115 -   Applying: Tone Curve (apply_tone_curve) params={'strength': 0.6}
2026-04-16 15:34:53 [DEBUG] photo_editor.pipeline.apply_profile:115 -   Applying: Tone Curve (apply_tone_curve) params={'strength': 0.6}
2026-04-16 15:34:53 [DEBUG] photo_editor.pipeline.apply_profile:115 -   Applying: Vibrance (adjust_vibrance) params={'strength': 0.4, 'amount': 25}
2026-04-16 15:34:53 [DEBUG] photo_editor.pipeline.apply_profile:115 -   Applying: Vibrance (adjust_vibrance) params={'strength': 0.4, 'amount': 25}
2026-04-16 15:34:53 [DEBUG] photo_editor.pipeline.apply_profile:115 -   Applying: Noise Reduction (reduce_noise) params={'strength': 0.35}
2026-04-16 15:34:53 [DEBUG] photo_editor.pipeline.apply_profile:115 -   Applying: Noise Reduction (reduce_noise) params={'strength': 0.35}
2026-04-16 15:34:53 [WARNING] photo_editor.pipeline.apply_profile:118 -   Edit step 'Noise Reduction' failed: OpenCV(4.13.0) :-1: error: (-5:Bad argument) in function 'fastNlMeansDenoisingColored'
> Overload resolution failed:
>  - 'hForColorComponents' is an invalid keyword argument for fastNlMeansDenoisingColored()
>  - 'hForColorComponents' is an invalid keyword argument for fastNlMeansDenoisingColored()

2026-04-16 15:34:53 [WARNING] photo_editor.pipeline.apply_profile:118 -   Edit step 'Noise Reduction' failed: OpenCV(4.13.0) :-1: error: (-5:Bad argument) in function 'fastNlMeansDenoisingColored'
> Overload resolution failed:
>  - 'hForColorComponents' is an invalid keyword argument for fastNlMeansDenoisingColored()
>  - 'hForColorComponents' is an invalid keyword argument for fastNlMeansDenoisingColored()

2026-04-16 15:34:53 [DEBUG] photo_editor.pipeline.apply_profile:115 -   Applying: Sharpening (sharpen) params={'strength': 0.5, 'kernel_size': 3}
2026-04-16 15:34:53 [DEBUG] photo_editor.pipeline.apply_profile:115 -   Applying: Sharpening (sharpen) params={'strength': 0.5, 'kernel_size': 3}
2026-04-16 15:34:53 [DEBUG] photo_editor.pipeline.apply_profile:115 -   Applying: Straighten (auto_straighten) params={'strength': 0.5}
2026-04-16 15:34:53 [DEBUG] photo_editor.pipeline.apply_profile:115 -   Applying: Straighten (auto_straighten) params={'strength': 0.5}
2026-04-16 15:34:53 [DEBUG] photo_editor.edits.auto_straighten:449 - Auto-straighten: corrected -2.46° tilt
2026-04-16 15:34:53 [DEBUG] photo_editor.edits.auto_straighten:449 - Auto-straighten: corrected -2.46° tilt
2026-04-16 15:34:53 [DEBUG] photo_editor.pipeline.apply_profile:115 -   Applying: Vignette (apply_vignette) params={'strength': 0.4}
2026-04-16 15:34:53 [DEBUG] photo_editor.pipeline.apply_profile:115 -   Applying: Vignette (apply_vignette) params={'strength': 0.4}
2026-04-16 15:34:54 [DEBUG] photo_editor.output.save_image:194 - Saved: C:\Users\Omar.Pacheco\OneDrive - Pariveda Solutions, Inc\Pictures\Japan\Edited\1Q5A0070_edited.jpg (307 KB, 1367×911)
2026-04-16 15:34:54 [DEBUG] photo_editor.output.save_image:194 - Saved: C:\Users\Omar.Pacheco\OneDrive - Pariveda Solutions, Inc\Pictures\Japan\Edited\1Q5A0070_edited.jpg (307 KB, 1367×911)
2026-04-16 15:34:54 [DEBUG] photo_editor.metadata.copy_metadata:99 - Metadata copied: C:\Users\Omar.Pacheco\OneDrive - Pariveda Solutions, Inc\Pictures\Japan\1Q5A0070.jpg → C:\Users\Omar.Pacheco\OneDrive - Pariveda Solutions, Inc\Pictures\Japan\Edited\1Q5A0070_edited.jpg
2026-04-16 15:34:54 [DEBUG] photo_editor.metadata.copy_metadata:99 - Metadata copied: C:\Users\Omar.Pacheco\OneDrive - Pariveda Solutions, Inc\Pictures\Japan\1Q5A0070.jpg → C:\Users\Omar.Pacheco\OneDrive - Pariveda Solutions, Inc\Pictures\Japan\Edited\1Q5A0070_edited.jpg
2026-04-16 15:34:54 [INFO] photo_editor.pipeline.process_single_image:227 -   Done: 1Q5A0070_edited.jpg (night, 0.4s)
2026-04-16 15:34:54 [INFO] photo_editor.pipeline.process_single_image:227 -   Done: 1Q5A0070_edited.jpg (night, 0.4s)
2026-04-16 15:34:56 [DEBUG] photo_editor.loader._load_standard:160 - Loaded (OpenCV): C:\Users\Omar.Pacheco\OneDrive - Pariveda Solutions, Inc\Pictures\Japan\1Q5A0070.jpg  shape=(911, 1367, 3)
2026-04-16 15:34:56 [DEBUG] photo_editor.loader._load_standard:160 - Loaded (OpenCV): C:\Users\Omar.Pacheco\OneDrive - Pariveda Solutions, Inc\Pictures\Japan\1Q5A0070.jpg  shape=(911, 1367, 3)
2026-04-16 15:34:56 [INFO] photo_editor.pipeline.process_single_image:169 - Processing: 1Q5A0070.jpg
2026-04-16 15:34:56 [INFO] photo_editor.pipeline.process_single_image:169 - Processing: 1Q5A0070.jpg
2026-04-16 15:34:56 [DEBUG] photo_editor.loader._load_standard:160 - Loaded (OpenCV): C:\Users\Omar.Pacheco\OneDrive - Pariveda Solutions, Inc\Pictures\Japan\1Q5A0070.jpg  shape=(911, 1367, 3)
2026-04-16 15:34:56 [DEBUG] photo_editor.loader._load_standard:160 - Loaded (OpenCV): C:\Users\Omar.Pacheco\OneDrive - Pariveda Solutions, Inc\Pictures\Japan\1Q5A0070.jpg  shape=(911, 1367, 3)
2026-04-16 15:34:56 [DEBUG] photo_editor.classifier.classify_image:219 - Image features: {'brightness': 31.26, 'saturation': 106.03, 'colorfulness': np.float64(22.94), 'edge_density': 0.0112, 'aspect_ratio': 1.501, 'num_faces': 0, 'bg_variance': 6.87, 'width': 1367, 'height': 911}
2026-04-16 15:34:56 [DEBUG] photo_editor.classifier.classify_image:219 - Image features: {'brightness': 31.26, 'saturation': 106.03, 'colorfulness': np.float64(22.94), 'edge_density': 0.0112, 'aspect_ratio': 1.501, 'num_faces': 0, 'bg_variance': 6.87, 'width': 1367, 'height': 911}
2026-04-16 15:34:56 [INFO] photo_editor.classifier.classify_image:291 - Classification: night (confidence=87%, faces=0)
2026-04-16 15:34:56 [INFO] photo_editor.classifier.classify_image:291 - Classification: night (confidence=87%, faces=0)
2026-04-16 15:34:56 [INFO] photo_editor.profiles.get_profile:407 - Profile: style=auto, category=night, strength=medium (×0.7)
2026-04-16 15:34:56 [INFO] photo_editor.profiles.get_profile:407 - Profile: style=auto, category=night, strength=medium (×0.7)
2026-04-16 15:34:56 [DEBUG] photo_editor.pipeline.apply_profile:115 -   Applying: Auto Levels (auto_levels) params={'strength': 0.35, 'clip_percent': 1.5}
2026-04-16 15:34:56 [DEBUG] photo_editor.pipeline.apply_profile:115 -   Applying: Auto Levels (auto_levels) params={'strength': 0.35, 'clip_percent': 1.5}
2026-04-16 15:34:56 [DEBUG] photo_editor.pipeline.apply_profile:115 -   Applying: Exposure Correction (adjust_exposure) params={'strength': 0.35, 'target_brightness': 90}
2026-04-16 15:34:56 [DEBUG] photo_editor.pipeline.apply_profile:115 -   Applying: Exposure Correction (adjust_exposure) params={'strength': 0.35, 'target_brightness': 90}
2026-04-16 15:34:56 [DEBUG] photo_editor.pipeline.apply_profile:115 -   Applying: White Balance (adjust_white_balance) params={'strength': 0.24499999999999997}
2026-04-16 15:34:56 [DEBUG] photo_editor.pipeline.apply_profile:115 -   Applying: White Balance (adjust_white_balance) params={'strength': 0.24499999999999997}
2026-04-16 15:34:56 [DEBUG] photo_editor.pipeline.apply_profile:115 -   Applying: Highlight/Shadow Recovery (recover_highlights_shadows) params={'strength': 0.21}
2026-04-16 15:34:56 [DEBUG] photo_editor.pipeline.apply_profile:115 -   Applying: Highlight/Shadow Recovery (recover_highlights_shadows) params={'strength': 0.21}
2026-04-16 15:34:56 [DEBUG] photo_editor.pipeline.apply_profile:115 -   Applying: Contrast (adjust_contrast) params={'strength': 0.5599999999999999, 'clip_limit': 3.0}
2026-04-16 15:34:56 [DEBUG] photo_editor.pipeline.apply_profile:115 -   Applying: Contrast (adjust_contrast) params={'strength': 0.5599999999999999, 'clip_limit': 3.0}
2026-04-16 15:34:56 [DEBUG] photo_editor.pipeline.apply_profile:115 -   Applying: Tone Curve (apply_tone_curve) params={'strength': 0.42}
2026-04-16 15:34:56 [DEBUG] photo_editor.pipeline.apply_profile:115 -   Applying: Tone Curve (apply_tone_curve) params={'strength': 0.42}
2026-04-16 15:34:56 [DEBUG] photo_editor.pipeline.apply_profile:115 -   Applying: Vibrance (adjust_vibrance) params={'strength': 0.27999999999999997, 'amount': 25}
2026-04-16 15:34:56 [DEBUG] photo_editor.pipeline.apply_profile:115 -   Applying: Vibrance (adjust_vibrance) params={'strength': 0.27999999999999997, 'amount': 25}
2026-04-16 15:34:56 [DEBUG] photo_editor.pipeline.apply_profile:115 -   Applying: Noise Reduction (reduce_noise) params={'strength': 0.24499999999999997}
2026-04-16 15:34:56 [DEBUG] photo_editor.pipeline.apply_profile:115 -   Applying: Noise Reduction (reduce_noise) params={'strength': 0.24499999999999997}
2026-04-16 15:34:56 [WARNING] photo_editor.pipeline.apply_profile:118 -   Edit step 'Noise Reduction' failed: OpenCV(4.13.0) :-1: error: (-5:Bad argument) in function 'fastNlMeansDenoisingColored'
> Overload resolution failed:
>  - 'hForColorComponents' is an invalid keyword argument for fastNlMeansDenoisingColored()
>  - 'hForColorComponents' is an invalid keyword argument for fastNlMeansDenoisingColored()

2026-04-16 15:34:56 [WARNING] photo_editor.pipeline.apply_profile:118 -   Edit step 'Noise Reduction' failed: OpenCV(4.13.0) :-1: error: (-5:Bad argument) in function 'fastNlMeansDenoisingColored'
> Overload resolution failed:
>  - 'hForColorComponents' is an invalid keyword argument for fastNlMeansDenoisingColored()
>  - 'hForColorComponents' is an invalid keyword argument for fastNlMeansDenoisingColored()

2026-04-16 15:34:56 [DEBUG] photo_editor.pipeline.apply_profile:115 -   Applying: Sharpening (sharpen) params={'strength': 0.35, 'kernel_size': 3}
2026-04-16 15:34:56 [DEBUG] photo_editor.pipeline.apply_profile:115 -   Applying: Sharpening (sharpen) params={'strength': 0.35, 'kernel_size': 3}
2026-04-16 15:34:56 [DEBUG] photo_editor.pipeline.apply_profile:115 -   Applying: Straighten (auto_straighten) params={'strength': 0.35}
2026-04-16 15:34:56 [DEBUG] photo_editor.pipeline.apply_profile:115 -   Applying: Straighten (auto_straighten) params={'strength': 0.35}
2026-04-16 15:34:56 [DEBUG] photo_editor.pipeline.apply_profile:115 -   Applying: Vignette (apply_vignette) params={'strength': 0.27999999999999997}
2026-04-16 15:34:56 [DEBUG] photo_editor.pipeline.apply_profile:115 -   Applying: Vignette (apply_vignette) params={'strength': 0.27999999999999997}
2026-04-16 15:34:57 [DEBUG] photo_editor.output.save_image:194 - Saved: C:\Users\Omar.Pacheco\OneDrive - Pariveda Solutions, Inc\Pictures\Japan\Edited\1Q5A0070_edited.jpg (204 KB, 1367×911)
2026-04-16 15:34:57 [DEBUG] photo_editor.output.save_image:194 - Saved: C:\Users\Omar.Pacheco\OneDrive - Pariveda Solutions, Inc\Pictures\Japan\Edited\1Q5A0070_edited.jpg (204 KB, 1367×911)
2026-04-16 15:34:57 [DEBUG] photo_editor.metadata.copy_metadata:99 - Metadata copied: C:\Users\Omar.Pacheco\OneDrive - Pariveda Solutions, Inc\Pictures\Japan\1Q5A0070.jpg → C:\Users\Omar.Pacheco\OneDrive - Pariveda Solutions, Inc\Pictures\Japan\Edited\1Q5A0070_edited.jpg
2026-04-16 15:34:57 [DEBUG] photo_editor.metadata.copy_metadata:99 - Metadata copied: C:\Users\Omar.Pacheco\OneDrive - Pariveda Solutions, Inc\Pictures\Japan\1Q5A0070.jpg → C:\Users\Omar.Pacheco\OneDrive - Pariveda Solutions, Inc\Pictures\Japan\Edited\1Q5A0070_edited.jpg
2026-04-16 15:34:57 [INFO] photo_editor.pipeline.process_single_image:227 -   Done: 1Q5A0070_edited.jpg (night, 0.4s)
2026-04-16 15:34:57 [INFO] photo_editor.pipeline.process_single_image:227 -   Done: 1Q5A0070_edited.jpg (night, 0.4s)
2026-04-16 15:35:16 [DEBUG] photo_editor.loader._load_standard:160 - Loaded (OpenCV): C:\Users\Omar.Pacheco\OneDrive - Pariveda Solutions, Inc\Pictures\Japan\1Q5A0070.jpg  shape=(911, 1367, 3)
2026-04-16 15:35:16 [DEBUG] photo_editor.loader._load_standard:160 - Loaded (OpenCV): C:\Users\Omar.Pacheco\OneDrive - Pariveda Solutions, Inc\Pictures\Japan\1Q5A0070.jpg  shape=(911, 1367, 3)
2026-04-16 15:35:16 [INFO] photo_editor.pipeline.process_single_image:169 - Processing: 1Q5A0070.jpg
2026-04-16 15:35:16 [INFO] photo_editor.pipeline.process_single_image:169 - Processing: 1Q5A0070.jpg
2026-04-16 15:35:16 [DEBUG] photo_editor.loader._load_standard:160 - Loaded (OpenCV): C:\Users\Omar.Pacheco\OneDrive - Pariveda Solutions, Inc\Pictures\Japan\1Q5A0070.jpg  shape=(911, 1367, 3)
2026-04-16 15:35:16 [DEBUG] photo_editor.loader._load_standard:160 - Loaded (OpenCV): C:\Users\Omar.Pacheco\OneDrive - Pariveda Solutions, Inc\Pictures\Japan\1Q5A0070.jpg  shape=(911, 1367, 3)
2026-04-16 15:35:16 [DEBUG] photo_editor.classifier.classify_image:219 - Image features: {'brightness': 31.26, 'saturation': 106.03, 'colorfulness': np.float64(22.94), 'edge_density': 0.0112, 'aspect_ratio': 1.501, 'num_faces': 0, 'bg_variance': 6.87, 'width': 1367, 'height': 911}
2026-04-16 15:35:16 [DEBUG] photo_editor.classifier.classify_image:219 - Image features: {'brightness': 31.26, 'saturation': 106.03, 'colorfulness': np.float64(22.94), 'edge_density': 0.0112, 'aspect_ratio': 1.501, 'num_faces': 0, 'bg_variance': 6.87, 'width': 1367, 'height': 911}
2026-04-16 15:35:16 [INFO] photo_editor.classifier.classify_image:291 - Classification: night (confidence=87%, faces=0)
2026-04-16 15:35:16 [INFO] photo_editor.classifier.classify_image:291 - Classification: night (confidence=87%, faces=0)
2026-04-16 15:35:16 [INFO] photo_editor.profiles.get_profile:407 - Profile: style=auto, category=night, strength=light (×0.4)
2026-04-16 15:35:16 [INFO] photo_editor.profiles.get_profile:407 - Profile: style=auto, category=night, strength=light (×0.4)
2026-04-16 15:35:16 [DEBUG] photo_editor.pipeline.apply_profile:115 -   Applying: Auto Levels (auto_levels) params={'strength': 0.2, 'clip_percent': 1.5}
2026-04-16 15:35:16 [DEBUG] photo_editor.pipeline.apply_profile:115 -   Applying: Auto Levels (auto_levels) params={'strength': 0.2, 'clip_percent': 1.5}
2026-04-16 15:35:16 [DEBUG] photo_editor.pipeline.apply_profile:115 -   Applying: Exposure Correction (adjust_exposure) params={'strength': 0.2, 'target_brightness': 90}
2026-04-16 15:35:16 [DEBUG] photo_editor.pipeline.apply_profile:115 -   Applying: Exposure Correction (adjust_exposure) params={'strength': 0.2, 'target_brightness': 90}
2026-04-16 15:35:16 [DEBUG] photo_editor.pipeline.apply_profile:115 -   Applying: White Balance (adjust_white_balance) params={'strength': 0.13999999999999999}
2026-04-16 15:35:16 [DEBUG] photo_editor.pipeline.apply_profile:115 -   Applying: White Balance (adjust_white_balance) params={'strength': 0.13999999999999999}
2026-04-16 15:35:16 [DEBUG] photo_editor.pipeline.apply_profile:115 -   Applying: Highlight/Shadow Recovery (recover_highlights_shadows) params={'strength': 0.12}
2026-04-16 15:35:16 [DEBUG] photo_editor.pipeline.apply_profile:115 -   Applying: Highlight/Shadow Recovery (recover_highlights_shadows) params={'strength': 0.12}
2026-04-16 15:35:16 [DEBUG] photo_editor.pipeline.apply_profile:115 -   Applying: Contrast (adjust_contrast) params={'strength': 0.32000000000000006, 'clip_limit': 3.0}
2026-04-16 15:35:16 [DEBUG] photo_editor.pipeline.apply_profile:115 -   Applying: Contrast (adjust_contrast) params={'strength': 0.32000000000000006, 'clip_limit': 3.0}
2026-04-16 15:35:16 [DEBUG] photo_editor.pipeline.apply_profile:115 -   Applying: Tone Curve (apply_tone_curve) params={'strength': 0.24}
2026-04-16 15:35:16 [DEBUG] photo_editor.pipeline.apply_profile:115 -   Applying: Tone Curve (apply_tone_curve) params={'strength': 0.24}
2026-04-16 15:35:16 [DEBUG] photo_editor.pipeline.apply_profile:115 -   Applying: Vibrance (adjust_vibrance) params={'strength': 0.16000000000000003, 'amount': 25}
2026-04-16 15:35:16 [DEBUG] photo_editor.pipeline.apply_profile:115 -   Applying: Vibrance (adjust_vibrance) params={'strength': 0.16000000000000003, 'amount': 25}
2026-04-16 15:35:16 [DEBUG] photo_editor.pipeline.apply_profile:115 -   Applying: Noise Reduction (reduce_noise) params={'strength': 0.13999999999999999}
2026-04-16 15:35:16 [DEBUG] photo_editor.pipeline.apply_profile:115 -   Applying: Noise Reduction (reduce_noise) params={'strength': 0.13999999999999999}
2026-04-16 15:35:16 [WARNING] photo_editor.pipeline.apply_profile:118 -   Edit step 'Noise Reduction' failed: OpenCV(4.13.0) :-1: error: (-5:Bad argument) in function 'fastNlMeansDenoisingColored'
> Overload resolution failed:
>  - 'hForColorComponents' is an invalid keyword argument for fastNlMeansDenoisingColored()
>  - 'hForColorComponents' is an invalid keyword argument for fastNlMeansDenoisingColored()

2026-04-16 15:35:16 [WARNING] photo_editor.pipeline.apply_profile:118 -   Edit step 'Noise Reduction' failed: OpenCV(4.13.0) :-1: error: (-5:Bad argument) in function 'fastNlMeansDenoisingColored'
> Overload resolution failed:
>  - 'hForColorComponents' is an invalid keyword argument for fastNlMeansDenoisingColored()
>  - 'hForColorComponents' is an invalid keyword argument for fastNlMeansDenoisingColored()

2026-04-16 15:35:16 [DEBUG] photo_editor.pipeline.apply_profile:115 -   Applying: Sharpening (sharpen) params={'strength': 0.2, 'kernel_size': 3}
2026-04-16 15:35:16 [DEBUG] photo_editor.pipeline.apply_profile:115 -   Applying: Sharpening (sharpen) params={'strength': 0.2, 'kernel_size': 3}
2026-04-16 15:35:16 [DEBUG] photo_editor.pipeline.apply_profile:115 -   Applying: Straighten (auto_straighten) params={'strength': 0.2}
2026-04-16 15:35:16 [DEBUG] photo_editor.pipeline.apply_profile:115 -   Applying: Straighten (auto_straighten) params={'strength': 0.2}
2026-04-16 15:35:16 [DEBUG] photo_editor.edits.auto_straighten:449 - Auto-straighten: corrected -0.81° tilt
2026-04-16 15:35:16 [DEBUG] photo_editor.edits.auto_straighten:449 - Auto-straighten: corrected -0.81° tilt
2026-04-16 15:35:16 [DEBUG] photo_editor.pipeline.apply_profile:115 -   Applying: Vignette (apply_vignette) params={'strength': 0.16000000000000003}
2026-04-16 15:35:16 [DEBUG] photo_editor.pipeline.apply_profile:115 -   Applying: Vignette (apply_vignette) params={'strength': 0.16000000000000003}
2026-04-16 15:35:16 [DEBUG] photo_editor.output.save_image:194 - Saved: C:\Users\Omar.Pacheco\OneDrive - Pariveda Solutions, Inc\Pictures\Japan\Edited\1Q5A0070_edited.jpg (196 KB, 1367×911)
2026-04-16 15:35:16 [DEBUG] photo_editor.output.save_image:194 - Saved: C:\Users\Omar.Pacheco\OneDrive - Pariveda Solutions, Inc\Pictures\Japan\Edited\1Q5A0070_edited.jpg (196 KB, 1367×911)
2026-04-16 15:35:16 [DEBUG] photo_editor.metadata.copy_metadata:99 - Metadata copied: C:\Users\Omar.Pacheco\OneDrive - Pariveda Solutions, Inc\Pictures\Japan\1Q5A0070.jpg → C:\Users\Omar.Pacheco\OneDrive - Pariveda Solutions, Inc\Pictures\Japan\Edited\1Q5A0070_edited.jpg
2026-04-16 15:35:16 [DEBUG] photo_editor.metadata.copy_metadata:99 - Metadata copied: C:\Users\Omar.Pacheco\OneDrive - Pariveda Solutions, Inc\Pictures\Japan\1Q5A0070.jpg → C:\Users\Omar.Pacheco\OneDrive - Pariveda Solutions, Inc\Pictures\Japan\Edited\1Q5A0070_edited.jpg
2026-04-16 15:35:16 [INFO] photo_editor.pipeline.process_single_image:227 -   Done: 1Q5A0070_edited.jpg (night, 0.4s)
2026-04-16 15:35:16 [INFO] photo_editor.pipeline.process_single_image:227 -   Done: 1Q5A0070_edited.jpg (night, 0.4s)
2026-04-16 15:35:21 [DEBUG] photo_editor.loader._load_standard:160 - Loaded (OpenCV): C:\Users\Omar.Pacheco\OneDrive - Pariveda Solutions, Inc\Pictures\Japan\1Q5A0070.jpg  shape=(911, 1367, 3)
2026-04-16 15:35:21 [DEBUG] photo_editor.loader._load_standard:160 - Loaded (OpenCV): C:\Users\Omar.Pacheco\OneDrive - Pariveda Solutions, Inc\Pictures\Japan\1Q5A0070.jpg  shape=(911, 1367, 3)
2026-04-16 15:35:21 [INFO] photo_editor.pipeline.process_single_image:169 - Processing: 1Q5A0070.jpg
2026-04-16 15:35:21 [INFO] photo_editor.pipeline.process_single_image:169 - Processing: 1Q5A0070.jpg
2026-04-16 15:35:21 [DEBUG] photo_editor.loader._load_standard:160 - Loaded (OpenCV): C:\Users\Omar.Pacheco\OneDrive - Pariveda Solutions, Inc\Pictures\Japan\1Q5A0070.jpg  shape=(911, 1367, 3)
2026-04-16 15:35:21 [DEBUG] photo_editor.loader._load_standard:160 - Loaded (OpenCV): C:\Users\Omar.Pacheco\OneDrive - Pariveda Solutions, Inc\Pictures\Japan\1Q5A0070.jpg  shape=(911, 1367, 3)
2026-04-16 15:35:21 [INFO] photo_editor.profiles.get_profile:407 - Profile: style=auto, category=outdoor, strength=light (×0.4)
2026-04-16 15:35:21 [INFO] photo_editor.profiles.get_profile:407 - Profile: style=auto, category=outdoor, strength=light (×0.4)
2026-04-16 15:35:21 [DEBUG] photo_editor.pipeline.apply_profile:115 -   Applying: Auto Levels (auto_levels) params={'strength': 0.16000000000000003, 'clip_percent': 0.5}
2026-04-16 15:35:21 [DEBUG] photo_editor.pipeline.apply_profile:115 -   Applying: Auto Levels (auto_levels) params={'strength': 0.16000000000000003, 'clip_percent': 0.5}
2026-04-16 15:35:21 [DEBUG] photo_editor.pipeline.apply_profile:115 -   Applying: Exposure Correction (adjust_exposure) params={'strength': 0.2, 'target_brightness': 128}
2026-04-16 15:35:21 [DEBUG] photo_editor.pipeline.apply_profile:115 -   Applying: Exposure Correction (adjust_exposure) params={'strength': 0.2, 'target_brightness': 128}
2026-04-16 15:35:21 [DEBUG] photo_editor.pipeline.apply_profile:115 -   Applying: White Balance (adjust_white_balance) params={'strength': 0.16000000000000003}
2026-04-16 15:35:21 [DEBUG] photo_editor.pipeline.apply_profile:115 -   Applying: White Balance (adjust_white_balance) params={'strength': 0.16000000000000003}
2026-04-16 15:35:21 [DEBUG] photo_editor.pipeline.apply_profile:115 -   Applying: Highlight/Shadow Recovery (recover_highlights_shadows) params={'strength': 0.2}
2026-04-16 15:35:21 [DEBUG] photo_editor.pipeline.apply_profile:115 -   Applying: Highlight/Shadow Recovery (recover_highlights_shadows) params={'strength': 0.2}
2026-04-16 15:35:21 [DEBUG] photo_editor.pipeline.apply_profile:115 -   Applying: Contrast (adjust_contrast) params={'strength': 0.2, 'clip_limit': 2.5}
2026-04-16 15:35:21 [DEBUG] photo_editor.pipeline.apply_profile:115 -   Applying: Contrast (adjust_contrast) params={'strength': 0.2, 'clip_limit': 2.5}
2026-04-16 15:35:21 [DEBUG] photo_editor.pipeline.apply_profile:115 -   Applying: Tone Curve (apply_tone_curve) params={'strength': 0.16000000000000003}
2026-04-16 15:35:21 [DEBUG] photo_editor.pipeline.apply_profile:115 -   Applying: Tone Curve (apply_tone_curve) params={'strength': 0.16000000000000003}
2026-04-16 15:35:21 [DEBUG] photo_editor.pipeline.apply_profile:115 -   Applying: Vibrance (adjust_vibrance) params={'strength': 0.27999999999999997, 'amount': 40}
2026-04-16 15:35:21 [DEBUG] photo_editor.pipeline.apply_profile:115 -   Applying: Vibrance (adjust_vibrance) params={'strength': 0.27999999999999997, 'amount': 40}
2026-04-16 15:35:21 [DEBUG] photo_editor.pipeline.apply_profile:115 -   Applying: Saturation (adjust_saturation) params={'strength': 0.2, 'factor': 1.25}
2026-04-16 15:35:21 [DEBUG] photo_editor.pipeline.apply_profile:115 -   Applying: Saturation (adjust_saturation) params={'strength': 0.2, 'factor': 1.25}
2026-04-16 15:35:21 [DEBUG] photo_editor.pipeline.apply_profile:115 -   Applying: Noise Reduction (reduce_noise) params={'strength': 0.1}
2026-04-16 15:35:21 [DEBUG] photo_editor.pipeline.apply_profile:115 -   Applying: Noise Reduction (reduce_noise) params={'strength': 0.1}
2026-04-16 15:35:21 [WARNING] photo_editor.pipeline.apply_profile:118 -   Edit step 'Noise Reduction' failed: OpenCV(4.13.0) :-1: error: (-5:Bad argument) in function 'fastNlMeansDenoisingColored'
> Overload resolution failed:
>  - 'hForColorComponents' is an invalid keyword argument for fastNlMeansDenoisingColored()
>  - 'hForColorComponents' is an invalid keyword argument for fastNlMeansDenoisingColored()

2026-04-16 15:35:21 [WARNING] photo_editor.pipeline.apply_profile:118 -   Edit step 'Noise Reduction' failed: OpenCV(4.13.0) :-1: error: (-5:Bad argument) in function 'fastNlMeansDenoisingColored'
> Overload resolution failed:
>  - 'hForColorComponents' is an invalid keyword argument for fastNlMeansDenoisingColored()
>  - 'hForColorComponents' is an invalid keyword argument for fastNlMeansDenoisingColored()

2026-04-16 15:35:21 [DEBUG] photo_editor.pipeline.apply_profile:115 -   Applying: Sharpening (sharpen) params={'strength': 0.18000000000000002, 'kernel_size': 3}
2026-04-16 15:35:21 [DEBUG] photo_editor.pipeline.apply_profile:115 -   Applying: Sharpening (sharpen) params={'strength': 0.18000000000000002, 'kernel_size': 3}
2026-04-16 15:35:21 [DEBUG] photo_editor.pipeline.apply_profile:115 -   Applying: Straighten (auto_straighten) params={'strength': 0.2}
2026-04-16 15:35:21 [DEBUG] photo_editor.pipeline.apply_profile:115 -   Applying: Straighten (auto_straighten) params={'strength': 0.2}
2026-04-16 15:35:21 [DEBUG] photo_editor.edits.auto_straighten:449 - Auto-straighten: corrected -0.00° tilt
2026-04-16 15:35:21 [DEBUG] photo_editor.edits.auto_straighten:449 - Auto-straighten: corrected -0.00° tilt
2026-04-16 15:35:21 [DEBUG] photo_editor.output.save_image:194 - Saved: C:\Users\Omar.Pacheco\OneDrive - Pariveda Solutions, Inc\Pictures\Japan\Edited\1Q5A0070_edited.jpg (147 KB, 1367×911)
2026-04-16 15:35:21 [DEBUG] photo_editor.output.save_image:194 - Saved: C:\Users\Omar.Pacheco\OneDrive - Pariveda Solutions, Inc\Pictures\Japan\Edited\1Q5A0070_edited.jpg (147 KB, 1367×911)
2026-04-16 15:35:21 [DEBUG] photo_editor.metadata.copy_metadata:99 - Metadata copied: C:\Users\Omar.Pacheco\OneDrive - Pariveda Solutions, Inc\Pictures\Japan\1Q5A0070.jpg → C:\Users\Omar.Pacheco\OneDrive - Pariveda Solutions, Inc\Pictures\Japan\Edited\1Q5A0070_edited.jpg
2026-04-16 15:35:21 [DEBUG] photo_editor.metadata.copy_metadata:99 - Metadata copied: C:\Users\Omar.Pacheco\OneDrive - Pariveda Solutions, Inc\Pictures\Japan\1Q5A0070.jpg → C:\Users\Omar.Pacheco\OneDrive - Pariveda Solutions, Inc\Pictures\Japan\Edited\1Q5A0070_edited.jpg
2026-04-16 15:35:21 [INFO] photo_editor.pipeline.process_single_image:227 -   Done: 1Q5A0070_edited.jpg (outdoor, 0.2s)
2026-04-16 15:35:21 [INFO] photo_editor.pipeline.process_single_image:227 -   Done: 1Q5A0070_edited.jpg (outdoor, 0.2s)
2026-04-16 15:35:31 [DEBUG] photo_editor.loader._load_standard:160 - Loaded (OpenCV): C:\Users\Omar.Pacheco\OneDrive - Pariveda Solutions, Inc\Pictures\Japan\1Q5A0077.jpg  shape=(911, 607, 3)
2026-04-16 15:35:31 [DEBUG] photo_editor.loader._load_standard:160 - Loaded (OpenCV): C:\Users\Omar.Pacheco\OneDrive - Pariveda Solutions, Inc\Pictures\Japan\1Q5A0077.jpg  shape=(911, 607, 3)
2026-04-16 15:35:31 [DEBUG] photo_editor.classifier.classify_image:219 - Image features: {'brightness': 84.84, 'saturation': 79.85, 'colorfulness': np.float64(22.98), 'edge_density': 0.0129, 'aspect_ratio': 0.666, 'num_faces': 0, 'bg_variance': 15.25, 'width': 607, 'height': 911}
2026-04-16 15:35:31 [DEBUG] photo_editor.classifier.classify_image:219 - Image features: {'brightness': 84.84, 'saturation': 79.85, 'colorfulness': np.float64(22.98), 'edge_density': 0.0129, 'aspect_ratio': 0.666, 'num_faces': 0, 'bg_variance': 15.25, 'width': 607, 'height': 911}
2026-04-16 15:35:31 [INFO] photo_editor.classifier.classify_image:291 - Classification: unknown (confidence=30%, faces=0)
2026-04-16 15:35:31 [INFO] photo_editor.classifier.classify_image:291 - Classification: unknown (confidence=30%, faces=0)
2026-04-16 15:35:31 [DEBUG] photo_editor.loader._load_standard:160 - Loaded (OpenCV): C:\Users\Omar.Pacheco\OneDrive - Pariveda Solutions, Inc\Pictures\Japan\1Q5A0077.jpg  shape=(911, 607, 3)
2026-04-16 15:35:31 [DEBUG] photo_editor.loader._load_standard:160 - Loaded (OpenCV): C:\Users\Omar.Pacheco\OneDrive - Pariveda Solutions, Inc\Pictures\Japan\1Q5A0077.jpg  shape=(911, 607, 3)
2026-04-16 15:35:31 [INFO] photo_editor.pipeline.process_single_image:169 - Processing: 1Q5A0077.jpg
2026-04-16 15:35:31 [INFO] photo_editor.pipeline.process_single_image:169 - Processing: 1Q5A0077.jpg
2026-04-16 15:35:31 [DEBUG] photo_editor.loader._load_standard:160 - Loaded (OpenCV): C:\Users\Omar.Pacheco\OneDrive - Pariveda Solutions, Inc\Pictures\Japan\1Q5A0077.jpg  shape=(911, 607, 3)
2026-04-16 15:35:31 [DEBUG] photo_editor.loader._load_standard:160 - Loaded (OpenCV): C:\Users\Omar.Pacheco\OneDrive - Pariveda Solutions, Inc\Pictures\Japan\1Q5A0077.jpg  shape=(911, 607, 3)
2026-04-16 15:35:31 [DEBUG] photo_editor.classifier.classify_image:219 - Image features: {'brightness': 84.84, 'saturation': 79.85, 'colorfulness': np.float64(22.98), 'edge_density': 0.0129, 'aspect_ratio': 0.666, 'num_faces': 0, 'bg_variance': 14.49, 'width': 607, 'height': 911}
2026-04-16 15:35:31 [DEBUG] photo_editor.classifier.classify_image:219 - Image features: {'brightness': 84.84, 'saturation': 79.85, 'colorfulness': np.float64(22.98), 'edge_density': 0.0129, 'aspect_ratio': 0.666, 'num_faces': 0, 'bg_variance': 14.49, 'width': 607, 'height': 911}
2026-04-16 15:35:31 [INFO] photo_editor.classifier.classify_image:291 - Classification: unknown (confidence=30%, faces=0)
2026-04-16 15:35:31 [INFO] photo_editor.classifier.classify_image:291 - Classification: unknown (confidence=30%, faces=0)
2026-04-16 15:35:31 [INFO] photo_editor.profiles.get_profile:407 - Profile: style=auto, category=unknown, strength=medium (×0.7)
2026-04-16 15:35:31 [INFO] photo_editor.profiles.get_profile:407 - Profile: style=auto, category=unknown, strength=medium (×0.7)
2026-04-16 15:35:31 [DEBUG] photo_editor.pipeline.apply_profile:115 -   Applying: Auto Levels (auto_levels) params={'strength': 0.175, 'clip_percent': 0.5}
2026-04-16 15:35:31 [DEBUG] photo_editor.pipeline.apply_profile:115 -   Applying: Auto Levels (auto_levels) params={'strength': 0.175, 'clip_percent': 0.5}
2026-04-16 15:35:31 [DEBUG] photo_editor.pipeline.apply_profile:115 -   Applying: Exposure Correction (adjust_exposure) params={'strength': 0.24499999999999997, 'target_brightness': 128}
2026-04-16 15:35:31 [DEBUG] photo_editor.pipeline.apply_profile:115 -   Applying: Exposure Correction (adjust_exposure) params={'strength': 0.24499999999999997, 'target_brightness': 128}
2026-04-16 15:35:31 [DEBUG] photo_editor.pipeline.apply_profile:115 -   Applying: White Balance (adjust_white_balance) params={'strength': 0.21}
2026-04-16 15:35:31 [DEBUG] photo_editor.pipeline.apply_profile:115 -   Applying: White Balance (adjust_white_balance) params={'strength': 0.21}
2026-04-16 15:35:31 [DEBUG] photo_editor.pipeline.apply_profile:115 -   Applying: Highlight/Shadow Recovery (recover_highlights_shadows) params={'strength': 0.21}
2026-04-16 15:35:31 [DEBUG] photo_editor.pipeline.apply_profile:115 -   Applying: Highlight/Shadow Recovery (recover_highlights_shadows) params={'strength': 0.21}
2026-04-16 15:35:31 [DEBUG] photo_editor.pipeline.apply_profile:115 -   Applying: Contrast (adjust_contrast) params={'strength': 0.13999999999999999, 'clip_limit': 1.5}
2026-04-16 15:35:31 [DEBUG] photo_editor.pipeline.apply_profile:115 -   Applying: Contrast (adjust_contrast) params={'strength': 0.13999999999999999, 'clip_limit': 1.5}
2026-04-16 15:35:31 [DEBUG] photo_editor.pipeline.apply_profile:115 -   Applying: Tone Curve (apply_tone_curve) params={'strength': 0.105}
2026-04-16 15:35:31 [DEBUG] photo_editor.pipeline.apply_profile:115 -   Applying: Tone Curve (apply_tone_curve) params={'strength': 0.105}
2026-04-16 15:35:31 [DEBUG] photo_editor.pipeline.apply_profile:115 -   Applying: Vibrance (adjust_vibrance) params={'strength': 0.13999999999999999, 'amount': 15}
2026-04-16 15:35:31 [DEBUG] photo_editor.pipeline.apply_profile:115 -   Applying: Vibrance (adjust_vibrance) params={'strength': 0.13999999999999999, 'amount': 15}
2026-04-16 15:35:31 [DEBUG] photo_editor.pipeline.apply_profile:115 -   Applying: Noise Reduction (reduce_noise) params={'strength': 0.13999999999999999}
2026-04-16 15:35:31 [DEBUG] photo_editor.pipeline.apply_profile:115 -   Applying: Noise Reduction (reduce_noise) params={'strength': 0.13999999999999999}
2026-04-16 15:35:31 [WARNING] photo_editor.pipeline.apply_profile:118 -   Edit step 'Noise Reduction' failed: OpenCV(4.13.0) :-1: error: (-5:Bad argument) in function 'fastNlMeansDenoisingColored'
> Overload resolution failed:
>  - 'hForColorComponents' is an invalid keyword argument for fastNlMeansDenoisingColored()
>  - 'hForColorComponents' is an invalid keyword argument for fastNlMeansDenoisingColored()

2026-04-16 15:35:31 [WARNING] photo_editor.pipeline.apply_profile:118 -   Edit step 'Noise Reduction' failed: OpenCV(4.13.0) :-1: error: (-5:Bad argument) in function 'fastNlMeansDenoisingColored'
> Overload resolution failed:
>  - 'hForColorComponents' is an invalid keyword argument for fastNlMeansDenoisingColored()
>  - 'hForColorComponents' is an invalid keyword argument for fastNlMeansDenoisingColored()

2026-04-16 15:35:31 [DEBUG] photo_editor.pipeline.apply_profile:115 -   Applying: Sharpening (sharpen) params={'strength': 0.175, 'kernel_size': 3}
2026-04-16 15:35:31 [DEBUG] photo_editor.pipeline.apply_profile:115 -   Applying: Sharpening (sharpen) params={'strength': 0.175, 'kernel_size': 3}
2026-04-16 15:35:31 [DEBUG] photo_editor.pipeline.apply_profile:115 -   Applying: Straighten (auto_straighten) params={'strength': 0.35}
2026-04-16 15:35:31 [DEBUG] photo_editor.pipeline.apply_profile:115 -   Applying: Straighten (auto_straighten) params={'strength': 0.35}
2026-04-16 15:35:31 [DEBUG] photo_editor.output.save_image:194 - Saved: C:\Users\Omar.Pacheco\OneDrive - Pariveda Solutions, Inc\Pictures\Japan\Edited\1Q5A0077_edited.jpg (74 KB, 607×911)
2026-04-16 15:35:31 [DEBUG] photo_editor.output.save_image:194 - Saved: C:\Users\Omar.Pacheco\OneDrive - Pariveda Solutions, Inc\Pictures\Japan\Edited\1Q5A0077_edited.jpg (74 KB, 607×911)
2026-04-16 15:35:31 [DEBUG] photo_editor.metadata.copy_metadata:99 - Metadata copied: C:\Users\Omar.Pacheco\OneDrive - Pariveda Solutions, Inc\Pictures\Japan\1Q5A0077.jpg → C:\Users\Omar.Pacheco\OneDrive - Pariveda Solutions, Inc\Pictures\Japan\Edited\1Q5A0077_edited.jpg
2026-04-16 15:35:31 [DEBUG] photo_editor.metadata.copy_metadata:99 - Metadata copied: C:\Users\Omar.Pacheco\OneDrive - Pariveda Solutions, Inc\Pictures\Japan\1Q5A0077.jpg → C:\Users\Omar.Pacheco\OneDrive - Pariveda Solutions, Inc\Pictures\Japan\Edited\1Q5A0077_edited.jpg
2026-04-16 15:35:31 [INFO] photo_editor.pipeline.process_single_image:227 -   Done: 1Q5A0077_edited.jpg (unknown, 0.1s)
2026-04-16 15:35:31 [INFO] photo_editor.pipeline.process_single_image:227 -   Done: 1Q5A0077_edited.jpg (unknown, 0.1s)
2026-04-16 15:35:36 [DEBUG] photo_editor.loader._load_standard:160 - Loaded (OpenCV): C:\Users\Omar.Pacheco\OneDrive - Pariveda Solutions, Inc\Pictures\Japan\1Q5A0084.jpg  shape=(911, 1367, 3)
2026-04-16 15:35:36 [DEBUG] photo_editor.loader._load_standard:160 - Loaded (OpenCV): C:\Users\Omar.Pacheco\OneDrive - Pariveda Solutions, Inc\Pictures\Japan\1Q5A0084.jpg  shape=(911, 1367, 3)
2026-04-16 15:35:36 [DEBUG] photo_editor.classifier.classify_image:219 - Image features: {'brightness': 98.48, 'saturation': 42.19, 'colorfulness': np.float64(18.96), 'edge_density': 0.1419, 'aspect_ratio': 1.501, 'num_faces': 0, 'bg_variance': 19.95, 'width': 1367, 'height': 911}
2026-04-16 15:35:36 [DEBUG] photo_editor.classifier.classify_image:219 - Image features: {'brightness': 98.48, 'saturation': 42.19, 'colorfulness': np.float64(18.96), 'edge_density': 0.1419, 'aspect_ratio': 1.501, 'num_faces': 0, 'bg_variance': 19.95, 'width': 1367, 'height': 911}
2026-04-16 15:35:36 [INFO] photo_editor.classifier.classify_image:291 - Classification: indoor (confidence=50%, faces=0)
2026-04-16 15:35:36 [INFO] photo_editor.classifier.classify_image:291 - Classification: indoor (confidence=50%, faces=0)
2026-04-16 15:35:37 [DEBUG] photo_editor.loader._load_standard:160 - Loaded (OpenCV): C:\Users\Omar.Pacheco\OneDrive - Pariveda Solutions, Inc\Pictures\Japan\1Q5A0084.jpg  shape=(911, 1367, 3)
2026-04-16 15:35:37 [DEBUG] photo_editor.loader._load_standard:160 - Loaded (OpenCV): C:\Users\Omar.Pacheco\OneDrive - Pariveda Solutions, Inc\Pictures\Japan\1Q5A0084.jpg  shape=(911, 1367, 3)
2026-04-16 15:35:37 [INFO] photo_editor.pipeline.process_single_image:169 - Processing: 1Q5A0084.jpg
2026-04-16 15:35:37 [INFO] photo_editor.pipeline.process_single_image:169 - Processing: 1Q5A0084.jpg
2026-04-16 15:35:37 [DEBUG] photo_editor.loader._load_standard:160 - Loaded (OpenCV): C:\Users\Omar.Pacheco\OneDrive - Pariveda Solutions, Inc\Pictures\Japan\1Q5A0084.jpg  shape=(911, 1367, 3)
2026-04-16 15:35:37 [DEBUG] photo_editor.loader._load_standard:160 - Loaded (OpenCV): C:\Users\Omar.Pacheco\OneDrive - Pariveda Solutions, Inc\Pictures\Japan\1Q5A0084.jpg  shape=(911, 1367, 3)
2026-04-16 15:35:37 [DEBUG] photo_editor.classifier.classify_image:219 - Image features: {'brightness': 98.48, 'saturation': 42.19, 'colorfulness': np.float64(18.96), 'edge_density': 0.1419, 'aspect_ratio': 1.501, 'num_faces': 0, 'bg_variance': 19.7, 'width': 1367, 'height': 911}
2026-04-16 15:35:37 [DEBUG] photo_editor.classifier.classify_image:219 - Image features: {'brightness': 98.48, 'saturation': 42.19, 'colorfulness': np.float64(18.96), 'edge_density': 0.1419, 'aspect_ratio': 1.501, 'num_faces': 0, 'bg_variance': 19.7, 'width': 1367, 'height': 911}
2026-04-16 15:35:37 [INFO] photo_editor.classifier.classify_image:291 - Classification: indoor (confidence=50%, faces=0)
2026-04-16 15:35:37 [INFO] photo_editor.classifier.classify_image:291 - Classification: indoor (confidence=50%, faces=0)
2026-04-16 15:35:37 [INFO] photo_editor.profiles.get_profile:407 - Profile: style=auto, category=indoor, strength=medium (×0.7)
2026-04-16 15:35:37 [INFO] photo_editor.profiles.get_profile:407 - Profile: style=auto, category=indoor, strength=medium (×0.7)
2026-04-16 15:35:37 [DEBUG] photo_editor.pipeline.apply_profile:115 -   Applying: Auto Levels (auto_levels) params={'strength': 0.175, 'clip_percent': 0.5}
2026-04-16 15:35:37 [DEBUG] photo_editor.pipeline.apply_profile:115 -   Applying: Auto Levels (auto_levels) params={'strength': 0.175, 'clip_percent': 0.5}
2026-04-16 15:35:37 [DEBUG] photo_editor.pipeline.apply_profile:115 -   Applying: Exposure Correction (adjust_exposure) params={'strength': 0.24499999999999997, 'target_brightness': 128}
2026-04-16 15:35:37 [DEBUG] photo_editor.pipeline.apply_profile:115 -   Applying: Exposure Correction (adjust_exposure) params={'strength': 0.24499999999999997, 'target_brightness': 128}
2026-04-16 15:35:37 [DEBUG] photo_editor.pipeline.apply_profile:115 -   Applying: White Balance (adjust_white_balance) params={'strength': 0.21}
2026-04-16 15:35:37 [DEBUG] photo_editor.pipeline.apply_profile:115 -   Applying: White Balance (adjust_white_balance) params={'strength': 0.21}
2026-04-16 15:35:37 [DEBUG] photo_editor.pipeline.apply_profile:115 -   Applying: Highlight/Shadow Recovery (recover_highlights_shadows) params={'strength': 0.21}
2026-04-16 15:35:37 [DEBUG] photo_editor.pipeline.apply_profile:115 -   Applying: Highlight/Shadow Recovery (recover_highlights_shadows) params={'strength': 0.21}
2026-04-16 15:35:37 [DEBUG] photo_editor.pipeline.apply_profile:115 -   Applying: Contrast (adjust_contrast) params={'strength': 0.13999999999999999, 'clip_limit': 1.5}
2026-04-16 15:35:37 [DEBUG] photo_editor.pipeline.apply_profile:115 -   Applying: Contrast (adjust_contrast) params={'strength': 0.13999999999999999, 'clip_limit': 1.5}
2026-04-16 15:35:37 [DEBUG] photo_editor.pipeline.apply_profile:115 -   Applying: Tone Curve (apply_tone_curve) params={'strength': 0.105}
2026-04-16 15:35:37 [DEBUG] photo_editor.pipeline.apply_profile:115 -   Applying: Tone Curve (apply_tone_curve) params={'strength': 0.105}
2026-04-16 15:35:37 [DEBUG] photo_editor.pipeline.apply_profile:115 -   Applying: Vibrance (adjust_vibrance) params={'strength': 0.13999999999999999, 'amount': 15}
2026-04-16 15:35:37 [DEBUG] photo_editor.pipeline.apply_profile:115 -   Applying: Vibrance (adjust_vibrance) params={'strength': 0.13999999999999999, 'amount': 15}
2026-04-16 15:35:37 [DEBUG] photo_editor.pipeline.apply_profile:115 -   Applying: Noise Reduction (reduce_noise) params={'strength': 0.13999999999999999}
2026-04-16 15:35:37 [DEBUG] photo_editor.pipeline.apply_profile:115 -   Applying: Noise Reduction (reduce_noise) params={'strength': 0.13999999999999999}
2026-04-16 15:35:37 [WARNING] photo_editor.pipeline.apply_profile:118 -   Edit step 'Noise Reduction' failed: OpenCV(4.13.0) :-1: error: (-5:Bad argument) in function 'fastNlMeansDenoisingColored'
> Overload resolution failed:
>  - 'hForColorComponents' is an invalid keyword argument for fastNlMeansDenoisingColored()
>  - 'hForColorComponents' is an invalid keyword argument for fastNlMeansDenoisingColored()

2026-04-16 15:35:37 [WARNING] photo_editor.pipeline.apply_profile:118 -   Edit step 'Noise Reduction' failed: OpenCV(4.13.0) :-1: error: (-5:Bad argument) in function 'fastNlMeansDenoisingColored'
> Overload resolution failed:
>  - 'hForColorComponents' is an invalid keyword argument for fastNlMeansDenoisingColored()
>  - 'hForColorComponents' is an invalid keyword argument for fastNlMeansDenoisingColored()

2026-04-16 15:35:37 [DEBUG] photo_editor.pipeline.apply_profile:115 -   Applying: Sharpening (sharpen) params={'strength': 0.175, 'kernel_size': 3}
2026-04-16 15:35:37 [DEBUG] photo_editor.pipeline.apply_profile:115 -   Applying: Sharpening (sharpen) params={'strength': 0.175, 'kernel_size': 3}
2026-04-16 15:35:37 [DEBUG] photo_editor.pipeline.apply_profile:115 -   Applying: Straighten (auto_straighten) params={'strength': 0.35}
2026-04-16 15:35:37 [DEBUG] photo_editor.pipeline.apply_profile:115 -   Applying: Straighten (auto_straighten) params={'strength': 0.35}
2026-04-16 15:35:37 [DEBUG] photo_editor.edits.auto_straighten:449 - Auto-straighten: corrected -0.00° tilt
2026-04-16 15:35:37 [DEBUG] photo_editor.edits.auto_straighten:449 - Auto-straighten: corrected -0.00° tilt
2026-04-16 15:35:37 [DEBUG] photo_editor.output.save_image:194 - Saved: C:\Users\Omar.Pacheco\OneDrive - Pariveda Solutions, Inc\Pictures\Japan\Edited\1Q5A0084_edited.jpg (390 KB, 1367×911)
2026-04-16 15:35:37 [DEBUG] photo_editor.output.save_image:194 - Saved: C:\Users\Omar.Pacheco\OneDrive - Pariveda Solutions, Inc\Pictures\Japan\Edited\1Q5A0084_edited.jpg (390 KB, 1367×911)
2026-04-16 15:35:37 [DEBUG] photo_editor.metadata.copy_metadata:99 - Metadata copied: C:\Users\Omar.Pacheco\OneDrive - Pariveda Solutions, Inc\Pictures\Japan\1Q5A0084.jpg → C:\Users\Omar.Pacheco\OneDrive - Pariveda Solutions, Inc\Pictures\Japan\Edited\1Q5A0084_edited.jpg
2026-04-16 15:35:37 [DEBUG] photo_editor.metadata.copy_metadata:99 - Metadata copied: C:\Users\Omar.Pacheco\OneDrive - Pariveda Solutions, Inc\Pictures\Japan\1Q5A0084.jpg → C:\Users\Omar.Pacheco\OneDrive - Pariveda Solutions, Inc\Pictures\Japan\Edited\1Q5A0084_edited.jpg
2026-04-16 15:35:37 [INFO] photo_editor.pipeline.process_single_image:227 -   Done: 1Q5A0084_edited.jpg (indoor, 0.4s)
2026-04-16 15:35:37 [INFO] photo_editor.pipeline.process_single_image:227 -   Done: 1Q5A0084_edited.jpg (indoor, 0.4s)
2026-04-16 15:37:29 [DEBUG] photo_editor.loader._load_standard:160 - Loaded (OpenCV): C:\Users\Omar.Pacheco\OneDrive - Pariveda Solutions, Inc\Pictures\Japan\1Q5A0087.jpg  shape=(911, 1367, 3)
2026-04-16 15:37:29 [DEBUG] photo_editor.loader._load_standard:160 - Loaded (OpenCV): C:\Users\Omar.Pacheco\OneDrive - Pariveda Solutions, Inc\Pictures\Japan\1Q5A0087.jpg  shape=(911, 1367, 3)
2026-04-16 15:37:29 [DEBUG] photo_editor.classifier.classify_image:219 - Image features: {'brightness': 61.15, 'saturation': 28.25, 'colorfulness': np.float64(11.47), 'edge_density': 0.0482, 'aspect_ratio': 1.501, 'num_faces': 1, 'bg_variance': 14.7, 'width': 1367, 'height': 911}
2026-04-16 15:37:29 [DEBUG] photo_editor.classifier.classify_image:219 - Image features: {'brightness': 61.15, 'saturation': 28.25, 'colorfulness': np.float64(11.47), 'edge_density': 0.0482, 'aspect_ratio': 1.501, 'num_faces': 1, 'bg_variance': 14.7, 'width': 1367, 'height': 911}
2026-04-16 15:37:29 [INFO] photo_editor.classifier.classify_image:291 - Classification: outdoor (confidence=50%, faces=1)
2026-04-16 15:37:29 [INFO] photo_editor.classifier.classify_image:291 - Classification: outdoor (confidence=50%, faces=1)
2026-04-16 15:37:29 [DEBUG] photo_editor.loader._load_standard:160 - Loaded (OpenCV): C:\Users\Omar.Pacheco\OneDrive - Pariveda Solutions, Inc\Pictures\Japan\1Q5A0087.jpg  shape=(911, 1367, 3)
2026-04-16 15:37:29 [DEBUG] photo_editor.loader._load_standard:160 - Loaded (OpenCV): C:\Users\Omar.Pacheco\OneDrive - Pariveda Solutions, Inc\Pictures\Japan\1Q5A0087.jpg  shape=(911, 1367, 3)
2026-04-16 15:37:29 [INFO] photo_editor.pipeline.process_single_image:169 - Processing: 1Q5A0087.jpg
2026-04-16 15:37:29 [INFO] photo_editor.pipeline.process_single_image:169 - Processing: 1Q5A0087.jpg
2026-04-16 15:37:29 [DEBUG] photo_editor.loader._load_standard:160 - Loaded (OpenCV): C:\Users\Omar.Pacheco\OneDrive - Pariveda Solutions, Inc\Pictures\Japan\1Q5A0087.jpg  shape=(911, 1367, 3)
2026-04-16 15:37:29 [DEBUG] photo_editor.loader._load_standard:160 - Loaded (OpenCV): C:\Users\Omar.Pacheco\OneDrive - Pariveda Solutions, Inc\Pictures\Japan\1Q5A0087.jpg  shape=(911, 1367, 3)
2026-04-16 15:37:29 [DEBUG] photo_editor.classifier.classify_image:219 - Image features: {'brightness': 61.15, 'saturation': 28.25, 'colorfulness': np.float64(11.47), 'edge_density': 0.0482, 'aspect_ratio': 1.501, 'num_faces': 1, 'bg_variance': 14.7, 'width': 1367, 'height': 911}
2026-04-16 15:37:29 [DEBUG] photo_editor.classifier.classify_image:219 - Image features: {'brightness': 61.15, 'saturation': 28.25, 'colorfulness': np.float64(11.47), 'edge_density': 0.0482, 'aspect_ratio': 1.501, 'num_faces': 1, 'bg_variance': 14.7, 'width': 1367, 'height': 911}
2026-04-16 15:37:29 [INFO] photo_editor.classifier.classify_image:291 - Classification: outdoor (confidence=50%, faces=1)
2026-04-16 15:37:29 [INFO] photo_editor.classifier.classify_image:291 - Classification: outdoor (confidence=50%, faces=1)
2026-04-16 15:37:29 [INFO] photo_editor.profiles.get_profile:407 - Profile: style=auto, category=outdoor, strength=medium (×0.7)
2026-04-16 15:37:29 [INFO] photo_editor.profiles.get_profile:407 - Profile: style=auto, category=outdoor, strength=medium (×0.7)
2026-04-16 15:37:29 [DEBUG] photo_editor.pipeline.apply_profile:115 -   Applying: Auto Levels (auto_levels) params={'strength': 0.27999999999999997, 'clip_percent': 0.5}
2026-04-16 15:37:29 [DEBUG] photo_editor.pipeline.apply_profile:115 -   Applying: Auto Levels (auto_levels) params={'strength': 0.27999999999999997, 'clip_percent': 0.5}
2026-04-16 15:37:29 [DEBUG] photo_editor.pipeline.apply_profile:115 -   Applying: Exposure Correction (adjust_exposure) params={'strength': 0.35, 'target_brightness': 128}
2026-04-16 15:37:29 [DEBUG] photo_editor.pipeline.apply_profile:115 -   Applying: Exposure Correction (adjust_exposure) params={'strength': 0.35, 'target_brightness': 128}
2026-04-16 15:37:29 [DEBUG] photo_editor.pipeline.apply_profile:115 -   Applying: White Balance (adjust_white_balance) params={'strength': 0.27999999999999997}
2026-04-16 15:37:29 [DEBUG] photo_editor.pipeline.apply_profile:115 -   Applying: White Balance (adjust_white_balance) params={'strength': 0.27999999999999997}
2026-04-16 15:37:29 [DEBUG] photo_editor.pipeline.apply_profile:115 -   Applying: Highlight/Shadow Recovery (recover_highlights_shadows) params={'strength': 0.35}
2026-04-16 15:37:29 [DEBUG] photo_editor.pipeline.apply_profile:115 -   Applying: Highlight/Shadow Recovery (recover_highlights_shadows) params={'strength': 0.35}
2026-04-16 15:37:29 [DEBUG] photo_editor.pipeline.apply_profile:115 -   Applying: Contrast (adjust_contrast) params={'strength': 0.35, 'clip_limit': 2.5}
2026-04-16 15:37:29 [DEBUG] photo_editor.pipeline.apply_profile:115 -   Applying: Contrast (adjust_contrast) params={'strength': 0.35, 'clip_limit': 2.5}
2026-04-16 15:37:29 [DEBUG] photo_editor.pipeline.apply_profile:115 -   Applying: Tone Curve (apply_tone_curve) params={'strength': 0.27999999999999997}
2026-04-16 15:37:29 [DEBUG] photo_editor.pipeline.apply_profile:115 -   Applying: Tone Curve (apply_tone_curve) params={'strength': 0.27999999999999997}
2026-04-16 15:37:29 [DEBUG] photo_editor.pipeline.apply_profile:115 -   Applying: Vibrance (adjust_vibrance) params={'strength': 0.48999999999999994, 'amount': 40}
2026-04-16 15:37:29 [DEBUG] photo_editor.pipeline.apply_profile:115 -   Applying: Vibrance (adjust_vibrance) params={'strength': 0.48999999999999994, 'amount': 40}
2026-04-16 15:37:29 [DEBUG] photo_editor.pipeline.apply_profile:115 -   Applying: Saturation (adjust_saturation) params={'strength': 0.35, 'factor': 1.25}
2026-04-16 15:37:29 [DEBUG] photo_editor.pipeline.apply_profile:115 -   Applying: Saturation (adjust_saturation) params={'strength': 0.35, 'factor': 1.25}
2026-04-16 15:37:29 [DEBUG] photo_editor.pipeline.apply_profile:115 -   Applying: Noise Reduction (reduce_noise) params={'strength': 0.175}
2026-04-16 15:37:29 [DEBUG] photo_editor.pipeline.apply_profile:115 -   Applying: Noise Reduction (reduce_noise) params={'strength': 0.175}
2026-04-16 15:37:29 [WARNING] photo_editor.pipeline.apply_profile:118 -   Edit step 'Noise Reduction' failed: OpenCV(4.13.0) :-1: error: (-5:Bad argument) in function 'fastNlMeansDenoisingColored'
> Overload resolution failed:
>  - 'hForColorComponents' is an invalid keyword argument for fastNlMeansDenoisingColored()
>  - 'hForColorComponents' is an invalid keyword argument for fastNlMeansDenoisingColored()

2026-04-16 15:37:29 [WARNING] photo_editor.pipeline.apply_profile:118 -   Edit step 'Noise Reduction' failed: OpenCV(4.13.0) :-1: error: (-5:Bad argument) in function 'fastNlMeansDenoisingColored'
> Overload resolution failed:
>  - 'hForColorComponents' is an invalid keyword argument for fastNlMeansDenoisingColored()
>  - 'hForColorComponents' is an invalid keyword argument for fastNlMeansDenoisingColored()

2026-04-16 15:37:29 [DEBUG] photo_editor.pipeline.apply_profile:115 -   Applying: Sharpening (sharpen) params={'strength': 0.315, 'kernel_size': 3}
2026-04-16 15:37:29 [DEBUG] photo_editor.pipeline.apply_profile:115 -   Applying: Sharpening (sharpen) params={'strength': 0.315, 'kernel_size': 3}
2026-04-16 15:37:29 [DEBUG] photo_editor.pipeline.apply_profile:115 -   Applying: Straighten (auto_straighten) params={'strength': 0.35}
2026-04-16 15:37:29 [DEBUG] photo_editor.pipeline.apply_profile:115 -   Applying: Straighten (auto_straighten) params={'strength': 0.35}
2026-04-16 15:37:29 [DEBUG] photo_editor.output.save_image:194 - Saved: C:\Users\Omar.Pacheco\OneDrive - Pariveda Solutions, Inc\Pictures\Japan\Edited\1Q5A0087_edited.jpg (264 KB, 1367×911)
2026-04-16 15:37:29 [DEBUG] photo_editor.output.save_image:194 - Saved: C:\Users\Omar.Pacheco\OneDrive - Pariveda Solutions, Inc\Pictures\Japan\Edited\1Q5A0087_edited.jpg (264 KB, 1367×911)
2026-04-16 15:37:29 [DEBUG] photo_editor.metadata.copy_metadata:99 - Metadata copied: C:\Users\Omar.Pacheco\OneDrive - Pariveda Solutions, Inc\Pictures\Japan\1Q5A0087.jpg → C:\Users\Omar.Pacheco\OneDrive - Pariveda Solutions, Inc\Pictures\Japan\Edited\1Q5A0087_edited.jpg
2026-04-16 15:37:29 [DEBUG] photo_editor.metadata.copy_metadata:99 - Metadata copied: C:\Users\Omar.Pacheco\OneDrive - Pariveda Solutions, Inc\Pictures\Japan\1Q5A0087.jpg → C:\Users\Omar.Pacheco\OneDrive - Pariveda Solutions, Inc\Pictures\Japan\Edited\1Q5A0087_edited.jpg
2026-04-16 15:37:29 [INFO] photo_editor.pipeline.process_single_image:227 -   Done: 1Q5A0087_edited.jpg (outdoor, 0.3s)
2026-04-16 15:37:29 [INFO] photo_editor.pipeline.process_single_image:227 -   Done: 1Q5A0087_edited.jpg (outdoor, 0.3s)
2026-04-16 15:37:43 [DEBUG] photo_editor.loader._load_standard:160 - Loaded (OpenCV): C:\Users\Omar.Pacheco\OneDrive - Pariveda Solutions, Inc\Pictures\Japan\1Q5A0088.jpg  shape=(911, 1367, 3)
2026-04-16 15:37:43 [DEBUG] photo_editor.loader._load_standard:160 - Loaded (OpenCV): C:\Users\Omar.Pacheco\OneDrive - Pariveda Solutions, Inc\Pictures\Japan\1Q5A0088.jpg  shape=(911, 1367, 3)
2026-04-16 15:37:43 [DEBUG] photo_editor.classifier.classify_image:219 - Image features: {'brightness': 86.17, 'saturation': 26.64, 'colorfulness': np.float64(13.77), 'edge_density': 0.0546, 'aspect_ratio': 1.501, 'num_faces': 0, 'bg_variance': 17.31, 'width': 1367, 'height': 911}
2026-04-16 15:37:43 [DEBUG] photo_editor.classifier.classify_image:219 - Image features: {'brightness': 86.17, 'saturation': 26.64, 'colorfulness': np.float64(13.77), 'edge_density': 0.0546, 'aspect_ratio': 1.501, 'num_faces': 0, 'bg_variance': 17.31, 'width': 1367, 'height': 911}
2026-04-16 15:37:43 [INFO] photo_editor.classifier.classify_image:291 - Classification: indoor (confidence=50%, faces=0)
2026-04-16 15:37:43 [INFO] photo_editor.classifier.classify_image:291 - Classification: indoor (confidence=50%, faces=0)
2026-04-16 15:37:43 [DEBUG] photo_editor.loader._load_standard:160 - Loaded (OpenCV): C:\Users\Omar.Pacheco\OneDrive - Pariveda Solutions, Inc\Pictures\Japan\1Q5A0088.jpg  shape=(911, 1367, 3)
2026-04-16 15:37:43 [DEBUG] photo_editor.loader._load_standard:160 - Loaded (OpenCV): C:\Users\Omar.Pacheco\OneDrive - Pariveda Solutions, Inc\Pictures\Japan\1Q5A0088.jpg  shape=(911, 1367, 3)
2026-04-16 15:37:43 [INFO] photo_editor.pipeline.process_single_image:169 - Processing: 1Q5A0088.jpg
2026-04-16 15:37:43 [INFO] photo_editor.pipeline.process_single_image:169 - Processing: 1Q5A0088.jpg
2026-04-16 15:37:43 [DEBUG] photo_editor.loader._load_standard:160 - Loaded (OpenCV): C:\Users\Omar.Pacheco\OneDrive - Pariveda Solutions, Inc\Pictures\Japan\1Q5A0088.jpg  shape=(911, 1367, 3)
2026-04-16 15:37:43 [DEBUG] photo_editor.loader._load_standard:160 - Loaded (OpenCV): C:\Users\Omar.Pacheco\OneDrive - Pariveda Solutions, Inc\Pictures\Japan\1Q5A0088.jpg  shape=(911, 1367, 3)
2026-04-16 15:37:43 [DEBUG] photo_editor.classifier.classify_image:219 - Image features: {'brightness': 86.17, 'saturation': 26.64, 'colorfulness': np.float64(13.77), 'edge_density': 0.0546, 'aspect_ratio': 1.501, 'num_faces': 0, 'bg_variance': 17.35, 'width': 1367, 'height': 911}
2026-04-16 15:37:43 [DEBUG] photo_editor.classifier.classify_image:219 - Image features: {'brightness': 86.17, 'saturation': 26.64, 'colorfulness': np.float64(13.77), 'edge_density': 0.0546, 'aspect_ratio': 1.501, 'num_faces': 0, 'bg_variance': 17.35, 'width': 1367, 'height': 911}
2026-04-16 15:37:43 [INFO] photo_editor.classifier.classify_image:291 - Classification: indoor (confidence=50%, faces=0)
2026-04-16 15:37:43 [INFO] photo_editor.classifier.classify_image:291 - Classification: indoor (confidence=50%, faces=0)
2026-04-16 15:37:43 [INFO] photo_editor.profiles.get_profile:407 - Profile: style=auto, category=indoor, strength=medium (×0.7)
2026-04-16 15:37:43 [INFO] photo_editor.profiles.get_profile:407 - Profile: style=auto, category=indoor, strength=medium (×0.7)
2026-04-16 15:37:43 [DEBUG] photo_editor.pipeline.apply_profile:115 -   Applying: Auto Levels (auto_levels) params={'strength': 0.175, 'clip_percent': 0.5}
2026-04-16 15:37:43 [DEBUG] photo_editor.pipeline.apply_profile:115 -   Applying: Auto Levels (auto_levels) params={'strength': 0.175, 'clip_percent': 0.5}
2026-04-16 15:37:44 [DEBUG] photo_editor.pipeline.apply_profile:115 -   Applying: Exposure Correction (adjust_exposure) params={'strength': 0.24499999999999997, 'target_brightness': 128}
2026-04-16 15:37:44 [DEBUG] photo_editor.pipeline.apply_profile:115 -   Applying: Exposure Correction (adjust_exposure) params={'strength': 0.24499999999999997, 'target_brightness': 128}
2026-04-16 15:37:44 [DEBUG] photo_editor.pipeline.apply_profile:115 -   Applying: White Balance (adjust_white_balance) params={'strength': 0.21}
2026-04-16 15:37:44 [DEBUG] photo_editor.pipeline.apply_profile:115 -   Applying: White Balance (adjust_white_balance) params={'strength': 0.21}
2026-04-16 15:37:44 [DEBUG] photo_editor.pipeline.apply_profile:115 -   Applying: Highlight/Shadow Recovery (recover_highlights_shadows) params={'strength': 0.21}
2026-04-16 15:37:44 [DEBUG] photo_editor.pipeline.apply_profile:115 -   Applying: Highlight/Shadow Recovery (recover_highlights_shadows) params={'strength': 0.21}
2026-04-16 15:37:44 [DEBUG] photo_editor.pipeline.apply_profile:115 -   Applying: Contrast (adjust_contrast) params={'strength': 0.13999999999999999, 'clip_limit': 1.5}
2026-04-16 15:37:44 [DEBUG] photo_editor.pipeline.apply_profile:115 -   Applying: Contrast (adjust_contrast) params={'strength': 0.13999999999999999, 'clip_limit': 1.5}
2026-04-16 15:37:44 [DEBUG] photo_editor.pipeline.apply_profile:115 -   Applying: Tone Curve (apply_tone_curve) params={'strength': 0.105}
2026-04-16 15:37:44 [DEBUG] photo_editor.pipeline.apply_profile:115 -   Applying: Tone Curve (apply_tone_curve) params={'strength': 0.105}
2026-04-16 15:37:44 [DEBUG] photo_editor.pipeline.apply_profile:115 -   Applying: Vibrance (adjust_vibrance) params={'strength': 0.13999999999999999, 'amount': 15}
2026-04-16 15:37:44 [DEBUG] photo_editor.pipeline.apply_profile:115 -   Applying: Vibrance (adjust_vibrance) params={'strength': 0.13999999999999999, 'amount': 15}
2026-04-16 15:37:44 [DEBUG] photo_editor.pipeline.apply_profile:115 -   Applying: Noise Reduction (reduce_noise) params={'strength': 0.13999999999999999}
2026-04-16 15:37:44 [DEBUG] photo_editor.pipeline.apply_profile:115 -   Applying: Noise Reduction (reduce_noise) params={'strength': 0.13999999999999999}
2026-04-16 15:37:44 [WARNING] photo_editor.pipeline.apply_profile:118 -   Edit step 'Noise Reduction' failed: OpenCV(4.13.0) :-1: error: (-5:Bad argument) in function 'fastNlMeansDenoisingColored'
> Overload resolution failed:
>  - 'hForColorComponents' is an invalid keyword argument for fastNlMeansDenoisingColored()
>  - 'hForColorComponents' is an invalid keyword argument for fastNlMeansDenoisingColored()

2026-04-16 15:37:44 [WARNING] photo_editor.pipeline.apply_profile:118 -   Edit step 'Noise Reduction' failed: OpenCV(4.13.0) :-1: error: (-5:Bad argument) in function 'fastNlMeansDenoisingColored'
> Overload resolution failed:
>  - 'hForColorComponents' is an invalid keyword argument for fastNlMeansDenoisingColored()
>  - 'hForColorComponents' is an invalid keyword argument for fastNlMeansDenoisingColored()

2026-04-16 15:37:44 [DEBUG] photo_editor.pipeline.apply_profile:115 -   Applying: Sharpening (sharpen) params={'strength': 0.175, 'kernel_size': 3}
2026-04-16 15:37:44 [DEBUG] photo_editor.pipeline.apply_profile:115 -   Applying: Sharpening (sharpen) params={'strength': 0.175, 'kernel_size': 3}
2026-04-16 15:37:44 [DEBUG] photo_editor.pipeline.apply_profile:115 -   Applying: Straighten (auto_straighten) params={'strength': 0.35}
2026-04-16 15:37:44 [DEBUG] photo_editor.pipeline.apply_profile:115 -   Applying: Straighten (auto_straighten) params={'strength': 0.35}
2026-04-16 15:37:44 [DEBUG] photo_editor.output.save_image:194 - Saved: C:\Users\Omar.Pacheco\OneDrive - Pariveda Solutions, Inc\Pictures\Japan\Edited\1Q5A0088_edited.jpg (238 KB, 1367×911)
2026-04-16 15:37:44 [DEBUG] photo_editor.output.save_image:194 - Saved: C:\Users\Omar.Pacheco\OneDrive - Pariveda Solutions, Inc\Pictures\Japan\Edited\1Q5A0088_edited.jpg (238 KB, 1367×911)
2026-04-16 15:37:44 [DEBUG] photo_editor.metadata.copy_metadata:99 - Metadata copied: C:\Users\Omar.Pacheco\OneDrive - Pariveda Solutions, Inc\Pictures\Japan\1Q5A0088.jpg → C:\Users\Omar.Pacheco\OneDrive - Pariveda Solutions, Inc\Pictures\Japan\Edited\1Q5A0088_edited.jpg
2026-04-16 15:37:44 [DEBUG] photo_editor.metadata.copy_metadata:99 - Metadata copied: C:\Users\Omar.Pacheco\OneDrive - Pariveda Solutions, Inc\Pictures\Japan\1Q5A0088.jpg → C:\Users\Omar.Pacheco\OneDrive - Pariveda Solutions, Inc\Pictures\Japan\Edited\1Q5A0088_edited.jpg
2026-04-16 15:37:44 [INFO] photo_editor.pipeline.process_single_image:227 -   Done: 1Q5A0088_edited.jpg (indoor, 0.3s)
2026-04-16 15:37:44 [INFO] photo_editor.pipeline.process_single_image:227 -   Done: 1Q5A0088_edited.jpg (indoor, 0.3s)
2026-04-16 15:37:49 [DEBUG] photo_editor.loader._load_standard:160 - Loaded (OpenCV): C:\Users\Omar.Pacheco\OneDrive - Pariveda Solutions, Inc\Pictures\Japan\1Q5A0091.jpg  shape=(911, 1367, 3)
2026-04-16 15:37:49 [DEBUG] photo_editor.loader._load_standard:160 - Loaded (OpenCV): C:\Users\Omar.Pacheco\OneDrive - Pariveda Solutions, Inc\Pictures\Japan\1Q5A0091.jpg  shape=(911, 1367, 3)
2026-04-16 15:37:49 [DEBUG] photo_editor.classifier.classify_image:219 - Image features: {'brightness': 90.38, 'saturation': 29.92, 'colorfulness': np.float64(14.09), 'edge_density': 0.0446, 'aspect_ratio': 1.501, 'num_faces': 0, 'bg_variance': 20.28, 'width': 1367, 'height': 911}
2026-04-16 15:37:49 [DEBUG] photo_editor.classifier.classify_image:219 - Image features: {'brightness': 90.38, 'saturation': 29.92, 'colorfulness': np.float64(14.09), 'edge_density': 0.0446, 'aspect_ratio': 1.501, 'num_faces': 0, 'bg_variance': 20.28, 'width': 1367, 'height': 911}
2026-04-16 15:37:49 [INFO] photo_editor.classifier.classify_image:291 - Classification: indoor (confidence=50%, faces=0)
2026-04-16 15:37:49 [INFO] photo_editor.classifier.classify_image:291 - Classification: indoor (confidence=50%, faces=0)
2026-04-16 15:37:49 [DEBUG] photo_editor.loader._load_standard:160 - Loaded (OpenCV): C:\Users\Omar.Pacheco\OneDrive - Pariveda Solutions, Inc\Pictures\Japan\1Q5A0091.jpg  shape=(911, 1367, 3)
2026-04-16 15:37:49 [DEBUG] photo_editor.loader._load_standard:160 - Loaded (OpenCV): C:\Users\Omar.Pacheco\OneDrive - Pariveda Solutions, Inc\Pictures\Japan\1Q5A0091.jpg  shape=(911, 1367, 3)
2026-04-16 15:37:49 [INFO] photo_editor.pipeline.process_single_image:169 - Processing: 1Q5A0091.jpg
2026-04-16 15:37:49 [INFO] photo_editor.pipeline.process_single_image:169 - Processing: 1Q5A0091.jpg
2026-04-16 15:37:49 [DEBUG] photo_editor.loader._load_standard:160 - Loaded (OpenCV): C:\Users\Omar.Pacheco\OneDrive - Pariveda Solutions, Inc\Pictures\Japan\1Q5A0091.jpg  shape=(911, 1367, 3)
2026-04-16 15:37:49 [DEBUG] photo_editor.loader._load_standard:160 - Loaded (OpenCV): C:\Users\Omar.Pacheco\OneDrive - Pariveda Solutions, Inc\Pictures\Japan\1Q5A0091.jpg  shape=(911, 1367, 3)
2026-04-16 15:37:49 [DEBUG] photo_editor.classifier.classify_image:219 - Image features: {'brightness': 90.38, 'saturation': 29.92, 'colorfulness': np.float64(14.09), 'edge_density': 0.0446, 'aspect_ratio': 1.501, 'num_faces': 0, 'bg_variance': 19.57, 'width': 1367, 'height': 911}
2026-04-16 15:37:49 [DEBUG] photo_editor.classifier.classify_image:219 - Image features: {'brightness': 90.38, 'saturation': 29.92, 'colorfulness': np.float64(14.09), 'edge_density': 0.0446, 'aspect_ratio': 1.501, 'num_faces': 0, 'bg_variance': 19.57, 'width': 1367, 'height': 911}
2026-04-16 15:37:49 [INFO] photo_editor.classifier.classify_image:291 - Classification: indoor (confidence=50%, faces=0)
2026-04-16 15:37:49 [INFO] photo_editor.classifier.classify_image:291 - Classification: indoor (confidence=50%, faces=0)
2026-04-16 15:37:49 [INFO] photo_editor.profiles.get_profile:407 - Profile: style=auto, category=indoor, strength=medium (×0.7)
2026-04-16 15:37:49 [INFO] photo_editor.profiles.get_profile:407 - Profile: style=auto, category=indoor, strength=medium (×0.7)
2026-04-16 15:37:49 [DEBUG] photo_editor.pipeline.apply_profile:115 -   Applying: Auto Levels (auto_levels) params={'strength': 0.175, 'clip_percent': 0.5}
2026-04-16 15:37:49 [DEBUG] photo_editor.pipeline.apply_profile:115 -   Applying: Auto Levels (auto_levels) params={'strength': 0.175, 'clip_percent': 0.5}
2026-04-16 15:37:49 [DEBUG] photo_editor.pipeline.apply_profile:115 -   Applying: Exposure Correction (adjust_exposure) params={'strength': 0.24499999999999997, 'target_brightness': 128}
2026-04-16 15:37:49 [DEBUG] photo_editor.pipeline.apply_profile:115 -   Applying: Exposure Correction (adjust_exposure) params={'strength': 0.24499999999999997, 'target_brightness': 128}
2026-04-16 15:37:49 [DEBUG] photo_editor.pipeline.apply_profile:115 -   Applying: White Balance (adjust_white_balance) params={'strength': 0.21}
2026-04-16 15:37:49 [DEBUG] photo_editor.pipeline.apply_profile:115 -   Applying: White Balance (adjust_white_balance) params={'strength': 0.21}
2026-04-16 15:37:49 [DEBUG] photo_editor.pipeline.apply_profile:115 -   Applying: Highlight/Shadow Recovery (recover_highlights_shadows) params={'strength': 0.21}
2026-04-16 15:37:49 [DEBUG] photo_editor.pipeline.apply_profile:115 -   Applying: Highlight/Shadow Recovery (recover_highlights_shadows) params={'strength': 0.21}
2026-04-16 15:37:49 [DEBUG] photo_editor.pipeline.apply_profile:115 -   Applying: Contrast (adjust_contrast) params={'strength': 0.13999999999999999, 'clip_limit': 1.5}
2026-04-16 15:37:49 [DEBUG] photo_editor.pipeline.apply_profile:115 -   Applying: Contrast (adjust_contrast) params={'strength': 0.13999999999999999, 'clip_limit': 1.5}
2026-04-16 15:37:49 [DEBUG] photo_editor.pipeline.apply_profile:115 -   Applying: Tone Curve (apply_tone_curve) params={'strength': 0.105}
2026-04-16 15:37:49 [DEBUG] photo_editor.pipeline.apply_profile:115 -   Applying: Tone Curve (apply_tone_curve) params={'strength': 0.105}
2026-04-16 15:37:49 [DEBUG] photo_editor.pipeline.apply_profile:115 -   Applying: Vibrance (adjust_vibrance) params={'strength': 0.13999999999999999, 'amount': 15}
2026-04-16 15:37:49 [DEBUG] photo_editor.pipeline.apply_profile:115 -   Applying: Vibrance (adjust_vibrance) params={'strength': 0.13999999999999999, 'amount': 15}
2026-04-16 15:37:49 [DEBUG] photo_editor.pipeline.apply_profile:115 -   Applying: Noise Reduction (reduce_noise) params={'strength': 0.13999999999999999}
2026-04-16 15:37:49 [DEBUG] photo_editor.pipeline.apply_profile:115 -   Applying: Noise Reduction (reduce_noise) params={'strength': 0.13999999999999999}
2026-04-16 15:37:49 [WARNING] photo_editor.pipeline.apply_profile:118 -   Edit step 'Noise Reduction' failed: OpenCV(4.13.0) :-1: error: (-5:Bad argument) in function 'fastNlMeansDenoisingColored'
> Overload resolution failed:
>  - 'hForColorComponents' is an invalid keyword argument for fastNlMeansDenoisingColored()
>  - 'hForColorComponents' is an invalid keyword argument for fastNlMeansDenoisingColored()

2026-04-16 15:37:49 [WARNING] photo_editor.pipeline.apply_profile:118 -   Edit step 'Noise Reduction' failed: OpenCV(4.13.0) :-1: error: (-5:Bad argument) in function 'fastNlMeansDenoisingColored'
> Overload resolution failed:
>  - 'hForColorComponents' is an invalid keyword argument for fastNlMeansDenoisingColored()
>  - 'hForColorComponents' is an invalid keyword argument for fastNlMeansDenoisingColored()

2026-04-16 15:37:49 [DEBUG] photo_editor.pipeline.apply_profile:115 -   Applying: Sharpening (sharpen) params={'strength': 0.175, 'kernel_size': 3}
2026-04-16 15:37:49 [DEBUG] photo_editor.pipeline.apply_profile:115 -   Applying: Sharpening (sharpen) params={'strength': 0.175, 'kernel_size': 3}
2026-04-16 15:37:49 [DEBUG] photo_editor.pipeline.apply_profile:115 -   Applying: Straighten (auto_straighten) params={'strength': 0.35}
2026-04-16 15:37:49 [DEBUG] photo_editor.pipeline.apply_profile:115 -   Applying: Straighten (auto_straighten) params={'strength': 0.35}
2026-04-16 15:37:49 [DEBUG] photo_editor.output.save_image:194 - Saved: C:\Users\Omar.Pacheco\OneDrive - Pariveda Solutions, Inc\Pictures\Japan\Edited\1Q5A0091_edited.jpg (211 KB, 1367×911)
2026-04-16 15:37:49 [DEBUG] photo_editor.output.save_image:194 - Saved: C:\Users\Omar.Pacheco\OneDrive - Pariveda Solutions, Inc\Pictures\Japan\Edited\1Q5A0091_edited.jpg (211 KB, 1367×911)
2026-04-16 15:37:49 [DEBUG] photo_editor.metadata.copy_metadata:99 - Metadata copied: C:\Users\Omar.Pacheco\OneDrive - Pariveda Solutions, Inc\Pictures\Japan\1Q5A0091.jpg → C:\Users\Omar.Pacheco\OneDrive - Pariveda Solutions, Inc\Pictures\Japan\Edited\1Q5A0091_edited.jpg
2026-04-16 15:37:49 [DEBUG] photo_editor.metadata.copy_metadata:99 - Metadata copied: C:\Users\Omar.Pacheco\OneDrive - Pariveda Solutions, Inc\Pictures\Japan\1Q5A0091.jpg → C:\Users\Omar.Pacheco\OneDrive - Pariveda Solutions, Inc\Pictures\Japan\Edited\1Q5A0091_edited.jpg
2026-04-16 15:37:49 [INFO] photo_editor.pipeline.process_single_image:227 -   Done: 1Q5A0091_edited.jpg (indoor, 0.3s)
2026-04-16 15:37:49 [INFO] photo_editor.pipeline.process_single_image:227 -   Done: 1Q5A0091_edited.jpg (indoor, 0.3s)
2026-04-16 15:37:50 [DEBUG] photo_editor.loader._load_standard:160 - Loaded (OpenCV): C:\Users\Omar.Pacheco\OneDrive - Pariveda Solutions, Inc\Pictures\Japan\1Q5A0092.jpg  shape=(911, 1367, 3)
2026-04-16 15:37:50 [DEBUG] photo_editor.loader._load_standard:160 - Loaded (OpenCV): C:\Users\Omar.Pacheco\OneDrive - Pariveda Solutions, Inc\Pictures\Japan\1Q5A0092.jpg  shape=(911, 1367, 3)
2026-04-16 15:37:50 [DEBUG] photo_editor.classifier.classify_image:219 - Image features: {'brightness': 52.76, 'saturation': 33.12, 'colorfulness': np.float64(14.31), 'edge_density': 0.0091, 'aspect_ratio': 1.501, 'num_faces': 1, 'bg_variance': 12.0, 'width': 1367, 'height': 911}
2026-04-16 15:37:50 [DEBUG] photo_editor.classifier.classify_image:219 - Image features: {'brightness': 52.76, 'saturation': 33.12, 'colorfulness': np.float64(14.31), 'edge_density': 0.0091, 'aspect_ratio': 1.501, 'num_faces': 1, 'bg_variance': 12.0, 'width': 1367, 'height': 911}
2026-04-16 15:37:50 [INFO] photo_editor.classifier.classify_image:291 - Classification: portrait (confidence=95%, faces=1)
2026-04-16 15:37:50 [INFO] photo_editor.classifier.classify_image:291 - Classification: portrait (confidence=95%, faces=1)
2026-04-16 15:37:50 [DEBUG] photo_editor.loader._load_standard:160 - Loaded (OpenCV): C:\Users\Omar.Pacheco\OneDrive - Pariveda Solutions, Inc\Pictures\Japan\1Q5A0092.jpg  shape=(911, 1367, 3)
2026-04-16 15:37:50 [DEBUG] photo_editor.loader._load_standard:160 - Loaded (OpenCV): C:\Users\Omar.Pacheco\OneDrive - Pariveda Solutions, Inc\Pictures\Japan\1Q5A0092.jpg  shape=(911, 1367, 3)
2026-04-16 15:37:50 [INFO] photo_editor.pipeline.process_single_image:169 - Processing: 1Q5A0092.jpg
2026-04-16 15:37:50 [INFO] photo_editor.pipeline.process_single_image:169 - Processing: 1Q5A0092.jpg
2026-04-16 15:37:50 [DEBUG] photo_editor.loader._load_standard:160 - Loaded (OpenCV): C:\Users\Omar.Pacheco\OneDrive - Pariveda Solutions, Inc\Pictures\Japan\1Q5A0092.jpg  shape=(911, 1367, 3)
2026-04-16 15:37:50 [DEBUG] photo_editor.loader._load_standard:160 - Loaded (OpenCV): C:\Users\Omar.Pacheco\OneDrive - Pariveda Solutions, Inc\Pictures\Japan\1Q5A0092.jpg  shape=(911, 1367, 3)
2026-04-16 15:37:50 [DEBUG] photo_editor.classifier.classify_image:219 - Image features: {'brightness': 52.76, 'saturation': 33.12, 'colorfulness': np.float64(14.31), 'edge_density': 0.0091, 'aspect_ratio': 1.501, 'num_faces': 1, 'bg_variance': 12.0, 'width': 1367, 'height': 911}
2026-04-16 15:37:50 [DEBUG] photo_editor.classifier.classify_image:219 - Image features: {'brightness': 52.76, 'saturation': 33.12, 'colorfulness': np.float64(14.31), 'edge_density': 0.0091, 'aspect_ratio': 1.501, 'num_faces': 1, 'bg_variance': 12.0, 'width': 1367, 'height': 911}
2026-04-16 15:37:50 [INFO] photo_editor.classifier.classify_image:291 - Classification: portrait (confidence=95%, faces=1)
2026-04-16 15:37:50 [INFO] photo_editor.classifier.classify_image:291 - Classification: portrait (confidence=95%, faces=1)
2026-04-16 15:37:50 [INFO] photo_editor.profiles.get_profile:407 - Profile: style=auto, category=portrait, strength=medium (×0.7)
2026-04-16 15:37:50 [INFO] photo_editor.profiles.get_profile:407 - Profile: style=auto, category=portrait, strength=medium (×0.7)
2026-04-16 15:37:50 [DEBUG] photo_editor.pipeline.apply_profile:115 -   Applying: Auto Levels (auto_levels) params={'strength': 0.21, 'clip_percent': 0.5}
2026-04-16 15:37:50 [DEBUG] photo_editor.pipeline.apply_profile:115 -   Applying: Auto Levels (auto_levels) params={'strength': 0.21, 'clip_percent': 0.5}
2026-04-16 15:37:50 [DEBUG] photo_editor.pipeline.apply_profile:115 -   Applying: Exposure Correction (adjust_exposure) params={'strength': 0.315, 'target_brightness': 135}
2026-04-16 15:37:50 [DEBUG] photo_editor.pipeline.apply_profile:115 -   Applying: Exposure Correction (adjust_exposure) params={'strength': 0.315, 'target_brightness': 135}
2026-04-16 15:37:50 [DEBUG] photo_editor.pipeline.apply_profile:115 -   Applying: White Balance (adjust_white_balance) params={'strength': 0.27999999999999997}
2026-04-16 15:37:50 [DEBUG] photo_editor.pipeline.apply_profile:115 -   Applying: White Balance (adjust_white_balance) params={'strength': 0.27999999999999997}
2026-04-16 15:37:50 [DEBUG] photo_editor.pipeline.apply_profile:115 -   Applying: Highlight/Shadow Recovery (recover_highlights_shadows) params={'strength': 0.35}
2026-04-16 15:37:50 [DEBUG] photo_editor.pipeline.apply_profile:115 -   Applying: Highlight/Shadow Recovery (recover_highlights_shadows) params={'strength': 0.35}
2026-04-16 15:37:50 [DEBUG] photo_editor.pipeline.apply_profile:115 -   Applying: Contrast (adjust_contrast) params={'strength': 0.21, 'clip_limit': 1.8}
2026-04-16 15:37:50 [DEBUG] photo_editor.pipeline.apply_profile:115 -   Applying: Contrast (adjust_contrast) params={'strength': 0.21, 'clip_limit': 1.8}
2026-04-16 15:37:50 [DEBUG] photo_editor.pipeline.apply_profile:115 -   Applying: Tone Curve (apply_tone_curve) params={'strength': 0.175}
2026-04-16 15:37:50 [DEBUG] photo_editor.pipeline.apply_profile:115 -   Applying: Tone Curve (apply_tone_curve) params={'strength': 0.175}
2026-04-16 15:37:50 [DEBUG] photo_editor.pipeline.apply_profile:115 -   Applying: Vibrance (adjust_vibrance) params={'strength': 0.21, 'amount': 20}
2026-04-16 15:37:50 [DEBUG] photo_editor.pipeline.apply_profile:115 -   Applying: Vibrance (adjust_vibrance) params={'strength': 0.21, 'amount': 20}
2026-04-16 15:37:50 [DEBUG] photo_editor.pipeline.apply_profile:115 -   Applying: Colour Temperature (adjust_temperature) params={'strength': 0.06999999999999999}
2026-04-16 15:37:50 [DEBUG] photo_editor.pipeline.apply_profile:115 -   Applying: Colour Temperature (adjust_temperature) params={'strength': 0.06999999999999999}
2026-04-16 15:37:50 [DEBUG] photo_editor.pipeline.apply_profile:115 -   Applying: Noise Reduction (reduce_noise) params={'strength': 0.24499999999999997}
2026-04-16 15:37:50 [DEBUG] photo_editor.pipeline.apply_profile:115 -   Applying: Noise Reduction (reduce_noise) params={'strength': 0.24499999999999997}
2026-04-16 15:37:50 [WARNING] photo_editor.pipeline.apply_profile:118 -   Edit step 'Noise Reduction' failed: OpenCV(4.13.0) :-1: error: (-5:Bad argument) in function 'fastNlMeansDenoisingColored'
> Overload resolution failed:
>  - 'hForColorComponents' is an invalid keyword argument for fastNlMeansDenoisingColored()
>  - 'hForColorComponents' is an invalid keyword argument for fastNlMeansDenoisingColored()

2026-04-16 15:37:50 [WARNING] photo_editor.pipeline.apply_profile:118 -   Edit step 'Noise Reduction' failed: OpenCV(4.13.0) :-1: error: (-5:Bad argument) in function 'fastNlMeansDenoisingColored'
> Overload resolution failed:
>  - 'hForColorComponents' is an invalid keyword argument for fastNlMeansDenoisingColored()
>  - 'hForColorComponents' is an invalid keyword argument for fastNlMeansDenoisingColored()

2026-04-16 15:37:50 [DEBUG] photo_editor.pipeline.apply_profile:115 -   Applying: Sharpening (sharpen) params={'strength': 0.21, 'kernel_size': 3}
2026-04-16 15:37:50 [DEBUG] photo_editor.pipeline.apply_profile:115 -   Applying: Sharpening (sharpen) params={'strength': 0.21, 'kernel_size': 3}
2026-04-16 15:37:50 [DEBUG] photo_editor.pipeline.apply_profile:115 -   Applying: Straighten (auto_straighten) params={'strength': 0.35}
2026-04-16 15:37:50 [DEBUG] photo_editor.pipeline.apply_profile:115 -   Applying: Straighten (auto_straighten) params={'strength': 0.35}
2026-04-16 15:37:50 [DEBUG] photo_editor.pipeline.apply_profile:115 -   Applying: Skin Smoothing (smooth_skin) params={'strength': 0.21}
2026-04-16 15:37:50 [DEBUG] photo_editor.pipeline.apply_profile:115 -   Applying: Skin Smoothing (smooth_skin) params={'strength': 0.21}
2026-04-16 15:37:50 [DEBUG] photo_editor.pipeline.apply_profile:115 -   Applying: Vignette (apply_vignette) params={'strength': 0.175}
2026-04-16 15:37:50 [DEBUG] photo_editor.pipeline.apply_profile:115 -   Applying: Vignette (apply_vignette) params={'strength': 0.175}
2026-04-16 15:37:50 [DEBUG] photo_editor.output.save_image:194 - Saved: C:\Users\Omar.Pacheco\OneDrive - Pariveda Solutions, Inc\Pictures\Japan\Edited\1Q5A0092_edited.jpg (185 KB, 1367×911)
2026-04-16 15:37:50 [DEBUG] photo_editor.output.save_image:194 - Saved: C:\Users\Omar.Pacheco\OneDrive - Pariveda Solutions, Inc\Pictures\Japan\Edited\1Q5A0092_edited.jpg (185 KB, 1367×911)
2026-04-16 15:37:50 [DEBUG] photo_editor.metadata.copy_metadata:99 - Metadata copied: C:\Users\Omar.Pacheco\OneDrive - Pariveda Solutions, Inc\Pictures\Japan\1Q5A0092.jpg → C:\Users\Omar.Pacheco\OneDrive - Pariveda Solutions, Inc\Pictures\Japan\Edited\1Q5A0092_edited.jpg
2026-04-16 15:37:50 [DEBUG] photo_editor.metadata.copy_metadata:99 - Metadata copied: C:\Users\Omar.Pacheco\OneDrive - Pariveda Solutions, Inc\Pictures\Japan\1Q5A0092.jpg → C:\Users\Omar.Pacheco\OneDrive - Pariveda Solutions, Inc\Pictures\Japan\Edited\1Q5A0092_edited.jpg
2026-04-16 15:37:50 [INFO] photo_editor.pipeline.process_single_image:227 -   Done: 1Q5A0092_edited.jpg (portrait, 0.5s)
2026-04-16 15:37:50 [INFO] photo_editor.pipeline.process_single_image:227 -   Done: 1Q5A0092_edited.jpg (portrait, 0.5s)
2026-04-16 15:37:51 [DEBUG] photo_editor.loader._load_standard:160 - Loaded (OpenCV): C:\Users\Omar.Pacheco\OneDrive - Pariveda Solutions, Inc\Pictures\Japan\1Q5A0094.jpg  shape=(911, 1367, 3)
2026-04-16 15:37:51 [DEBUG] photo_editor.loader._load_standard:160 - Loaded (OpenCV): C:\Users\Omar.Pacheco\OneDrive - Pariveda Solutions, Inc\Pictures\Japan\1Q5A0094.jpg  shape=(911, 1367, 3)
2026-04-16 15:37:51 [DEBUG] photo_editor.classifier.classify_image:219 - Image features: {'brightness': 63.57, 'saturation': 49.21, 'colorfulness': np.float64(14.81), 'edge_density': 0.0242, 'aspect_ratio': 1.501, 'num_faces': 1, 'bg_variance': 14.48, 'width': 1367, 'height': 911}
2026-04-16 15:37:51 [DEBUG] photo_editor.classifier.classify_image:219 - Image features: {'brightness': 63.57, 'saturation': 49.21, 'colorfulness': np.float64(14.81), 'edge_density': 0.0242, 'aspect_ratio': 1.501, 'num_faces': 1, 'bg_variance': 14.48, 'width': 1367, 'height': 911}
2026-04-16 15:37:51 [INFO] photo_editor.classifier.classify_image:291 - Classification: outdoor (confidence=50%, faces=1)
2026-04-16 15:37:51 [INFO] photo_editor.classifier.classify_image:291 - Classification: outdoor (confidence=50%, faces=1)
2026-04-16 15:37:51 [DEBUG] photo_editor.loader._load_standard:160 - Loaded (OpenCV): C:\Users\Omar.Pacheco\OneDrive - Pariveda Solutions, Inc\Pictures\Japan\1Q5A0094.jpg  shape=(911, 1367, 3)
2026-04-16 15:37:51 [DEBUG] photo_editor.loader._load_standard:160 - Loaded (OpenCV): C:\Users\Omar.Pacheco\OneDrive - Pariveda Solutions, Inc\Pictures\Japan\1Q5A0094.jpg  shape=(911, 1367, 3)
2026-04-16 15:37:51 [INFO] photo_editor.pipeline.process_single_image:169 - Processing: 1Q5A0094.jpg
2026-04-16 15:37:51 [INFO] photo_editor.pipeline.process_single_image:169 - Processing: 1Q5A0094.jpg
2026-04-16 15:37:51 [DEBUG] photo_editor.loader._load_standard:160 - Loaded (OpenCV): C:\Users\Omar.Pacheco\OneDrive - Pariveda Solutions, Inc\Pictures\Japan\1Q5A0094.jpg  shape=(911, 1367, 3)
2026-04-16 15:37:51 [DEBUG] photo_editor.loader._load_standard:160 - Loaded (OpenCV): C:\Users\Omar.Pacheco\OneDrive - Pariveda Solutions, Inc\Pictures\Japan\1Q5A0094.jpg  shape=(911, 1367, 3)
2026-04-16 15:37:51 [DEBUG] photo_editor.classifier.classify_image:219 - Image features: {'brightness': 63.57, 'saturation': 49.21, 'colorfulness': np.float64(14.81), 'edge_density': 0.0242, 'aspect_ratio': 1.501, 'num_faces': 1, 'bg_variance': 14.34, 'width': 1367, 'height': 911}
2026-04-16 15:37:51 [DEBUG] photo_editor.classifier.classify_image:219 - Image features: {'brightness': 63.57, 'saturation': 49.21, 'colorfulness': np.float64(14.81), 'edge_density': 0.0242, 'aspect_ratio': 1.501, 'num_faces': 1, 'bg_variance': 14.34, 'width': 1367, 'height': 911}
2026-04-16 15:37:51 [INFO] photo_editor.classifier.classify_image:291 - Classification: outdoor (confidence=50%, faces=1)
2026-04-16 15:37:51 [INFO] photo_editor.classifier.classify_image:291 - Classification: outdoor (confidence=50%, faces=1)
2026-04-16 15:37:51 [INFO] photo_editor.profiles.get_profile:407 - Profile: style=auto, category=outdoor, strength=medium (×0.7)
2026-04-16 15:37:51 [INFO] photo_editor.profiles.get_profile:407 - Profile: style=auto, category=outdoor, strength=medium (×0.7)
2026-04-16 15:37:51 [DEBUG] photo_editor.pipeline.apply_profile:115 -   Applying: Auto Levels (auto_levels) params={'strength': 0.27999999999999997, 'clip_percent': 0.5}
2026-04-16 15:37:51 [DEBUG] photo_editor.pipeline.apply_profile:115 -   Applying: Auto Levels (auto_levels) params={'strength': 0.27999999999999997, 'clip_percent': 0.5}
2026-04-16 15:37:51 [DEBUG] photo_editor.pipeline.apply_profile:115 -   Applying: Exposure Correction (adjust_exposure) params={'strength': 0.35, 'target_brightness': 128}
2026-04-16 15:37:51 [DEBUG] photo_editor.pipeline.apply_profile:115 -   Applying: Exposure Correction (adjust_exposure) params={'strength': 0.35, 'target_brightness': 128}
2026-04-16 15:37:51 [DEBUG] photo_editor.pipeline.apply_profile:115 -   Applying: White Balance (adjust_white_balance) params={'strength': 0.27999999999999997}
2026-04-16 15:37:51 [DEBUG] photo_editor.pipeline.apply_profile:115 -   Applying: White Balance (adjust_white_balance) params={'strength': 0.27999999999999997}
2026-04-16 15:37:51 [DEBUG] photo_editor.pipeline.apply_profile:115 -   Applying: Highlight/Shadow Recovery (recover_highlights_shadows) params={'strength': 0.35}
2026-04-16 15:37:51 [DEBUG] photo_editor.pipeline.apply_profile:115 -   Applying: Highlight/Shadow Recovery (recover_highlights_shadows) params={'strength': 0.35}
2026-04-16 15:37:51 [DEBUG] photo_editor.pipeline.apply_profile:115 -   Applying: Contrast (adjust_contrast) params={'strength': 0.35, 'clip_limit': 2.5}
2026-04-16 15:37:51 [DEBUG] photo_editor.pipeline.apply_profile:115 -   Applying: Contrast (adjust_contrast) params={'strength': 0.35, 'clip_limit': 2.5}
2026-04-16 15:37:51 [DEBUG] photo_editor.pipeline.apply_profile:115 -   Applying: Tone Curve (apply_tone_curve) params={'strength': 0.27999999999999997}
2026-04-16 15:37:51 [DEBUG] photo_editor.pipeline.apply_profile:115 -   Applying: Tone Curve (apply_tone_curve) params={'strength': 0.27999999999999997}
2026-04-16 15:37:51 [DEBUG] photo_editor.pipeline.apply_profile:115 -   Applying: Vibrance (adjust_vibrance) params={'strength': 0.48999999999999994, 'amount': 40}
2026-04-16 15:37:51 [DEBUG] photo_editor.pipeline.apply_profile:115 -   Applying: Vibrance (adjust_vibrance) params={'strength': 0.48999999999999994, 'amount': 40}
2026-04-16 15:37:51 [DEBUG] photo_editor.pipeline.apply_profile:115 -   Applying: Saturation (adjust_saturation) params={'strength': 0.35, 'factor': 1.25}
2026-04-16 15:37:51 [DEBUG] photo_editor.pipeline.apply_profile:115 -   Applying: Saturation (adjust_saturation) params={'strength': 0.35, 'factor': 1.25}
2026-04-16 15:37:51 [DEBUG] photo_editor.pipeline.apply_profile:115 -   Applying: Noise Reduction (reduce_noise) params={'strength': 0.175}
2026-04-16 15:37:51 [DEBUG] photo_editor.pipeline.apply_profile:115 -   Applying: Noise Reduction (reduce_noise) params={'strength': 0.175}
2026-04-16 15:37:51 [WARNING] photo_editor.pipeline.apply_profile:118 -   Edit step 'Noise Reduction' failed: OpenCV(4.13.0) :-1: error: (-5:Bad argument) in function 'fastNlMeansDenoisingColored'
> Overload resolution failed:
>  - 'hForColorComponents' is an invalid keyword argument for fastNlMeansDenoisingColored()
>  - 'hForColorComponents' is an invalid keyword argument for fastNlMeansDenoisingColored()

2026-04-16 15:37:51 [WARNING] photo_editor.pipeline.apply_profile:118 -   Edit step 'Noise Reduction' failed: OpenCV(4.13.0) :-1: error: (-5:Bad argument) in function 'fastNlMeansDenoisingColored'
> Overload resolution failed:
>  - 'hForColorComponents' is an invalid keyword argument for fastNlMeansDenoisingColored()
>  - 'hForColorComponents' is an invalid keyword argument for fastNlMeansDenoisingColored()

2026-04-16 15:37:51 [DEBUG] photo_editor.pipeline.apply_profile:115 -   Applying: Sharpening (sharpen) params={'strength': 0.315, 'kernel_size': 3}
2026-04-16 15:37:51 [DEBUG] photo_editor.pipeline.apply_profile:115 -   Applying: Sharpening (sharpen) params={'strength': 0.315, 'kernel_size': 3}
2026-04-16 15:37:51 [DEBUG] photo_editor.pipeline.apply_profile:115 -   Applying: Straighten (auto_straighten) params={'strength': 0.35}
2026-04-16 15:37:51 [DEBUG] photo_editor.pipeline.apply_profile:115 -   Applying: Straighten (auto_straighten) params={'strength': 0.35}
2026-04-16 15:37:51 [DEBUG] photo_editor.output.save_image:194 - Saved: C:\Users\Omar.Pacheco\OneDrive - Pariveda Solutions, Inc\Pictures\Japan\Edited\1Q5A0094_edited.jpg (256 KB, 1367×911)
2026-04-16 15:37:51 [DEBUG] photo_editor.output.save_image:194 - Saved: C:\Users\Omar.Pacheco\OneDrive - Pariveda Solutions, Inc\Pictures\Japan\Edited\1Q5A0094_edited.jpg (256 KB, 1367×911)
2026-04-16 15:37:51 [DEBUG] photo_editor.metadata.copy_metadata:99 - Metadata copied: C:\Users\Omar.Pacheco\OneDrive - Pariveda Solutions, Inc\Pictures\Japan\1Q5A0094.jpg → C:\Users\Omar.Pacheco\OneDrive - Pariveda Solutions, Inc\Pictures\Japan\Edited\1Q5A0094_edited.jpg
2026-04-16 15:37:51 [DEBUG] photo_editor.metadata.copy_metadata:99 - Metadata copied: C:\Users\Omar.Pacheco\OneDrive - Pariveda Solutions, Inc\Pictures\Japan\1Q5A0094.jpg → C:\Users\Omar.Pacheco\OneDrive - Pariveda Solutions, Inc\Pictures\Japan\Edited\1Q5A0094_edited.jpg
2026-04-16 15:37:51 [INFO] photo_editor.pipeline.process_single_image:227 -   Done: 1Q5A0094_edited.jpg (outdoor, 0.3s)
2026-04-16 15:37:51 [INFO] photo_editor.pipeline.process_single_image:227 -   Done: 1Q5A0094_edited.jpg (outdoor, 0.3s)
2026-04-16 15:37:53 [DEBUG] photo_editor.loader._load_standard:160 - Loaded (OpenCV): C:\Users\Omar.Pacheco\OneDrive - Pariveda Solutions, Inc\Pictures\Japan\1Q5A0102.jpg  shape=(911, 1367, 3)
2026-04-16 15:37:53 [DEBUG] photo_editor.loader._load_standard:160 - Loaded (OpenCV): C:\Users\Omar.Pacheco\OneDrive - Pariveda Solutions, Inc\Pictures\Japan\1Q5A0102.jpg  shape=(911, 1367, 3)
2026-04-16 15:37:53 [DEBUG] photo_editor.classifier.classify_image:219 - Image features: {'brightness': 85.33, 'saturation': 53.23, 'colorfulness': np.float64(18.76), 'edge_density': 0.0107, 'aspect_ratio': 1.501, 'num_faces': 0, 'bg_variance': 19.23, 'width': 1367, 'height': 911}
2026-04-16 15:37:53 [DEBUG] photo_editor.classifier.classify_image:219 - Image features: {'brightness': 85.33, 'saturation': 53.23, 'colorfulness': np.float64(18.76), 'edge_density': 0.0107, 'aspect_ratio': 1.501, 'num_faces': 0, 'bg_variance': 19.23, 'width': 1367, 'height': 911}
2026-04-16 15:37:53 [INFO] photo_editor.classifier.classify_image:291 - Classification: indoor (confidence=50%, faces=0)
2026-04-16 15:37:53 [INFO] photo_editor.classifier.classify_image:291 - Classification: indoor (confidence=50%, faces=0)
2026-04-16 15:37:53 [DEBUG] photo_editor.loader._load_standard:160 - Loaded (OpenCV): C:\Users\Omar.Pacheco\OneDrive - Pariveda Solutions, Inc\Pictures\Japan\1Q5A0102.jpg  shape=(911, 1367, 3)
2026-04-16 15:37:53 [DEBUG] photo_editor.loader._load_standard:160 - Loaded (OpenCV): C:\Users\Omar.Pacheco\OneDrive - Pariveda Solutions, Inc\Pictures\Japan\1Q5A0102.jpg  shape=(911, 1367, 3)
2026-04-16 15:37:53 [INFO] photo_editor.pipeline.process_single_image:169 - Processing: 1Q5A0102.jpg
2026-04-16 15:37:53 [INFO] photo_editor.pipeline.process_single_image:169 - Processing: 1Q5A0102.jpg
2026-04-16 15:37:53 [DEBUG] photo_editor.loader._load_standard:160 - Loaded (OpenCV): C:\Users\Omar.Pacheco\OneDrive - Pariveda Solutions, Inc\Pictures\Japan\1Q5A0102.jpg  shape=(911, 1367, 3)
2026-04-16 15:37:53 [DEBUG] photo_editor.loader._load_standard:160 - Loaded (OpenCV): C:\Users\Omar.Pacheco\OneDrive - Pariveda Solutions, Inc\Pictures\Japan\1Q5A0102.jpg  shape=(911, 1367, 3)
2026-04-16 15:37:53 [DEBUG] photo_editor.classifier.classify_image:219 - Image features: {'brightness': 85.33, 'saturation': 53.23, 'colorfulness': np.float64(18.76), 'edge_density': 0.0107, 'aspect_ratio': 1.501, 'num_faces': 0, 'bg_variance': 19.1, 'width': 1367, 'height': 911}
2026-04-16 15:37:53 [DEBUG] photo_editor.classifier.classify_image:219 - Image features: {'brightness': 85.33, 'saturation': 53.23, 'colorfulness': np.float64(18.76), 'edge_density': 0.0107, 'aspect_ratio': 1.501, 'num_faces': 0, 'bg_variance': 19.1, 'width': 1367, 'height': 911}
2026-04-16 15:37:53 [INFO] photo_editor.classifier.classify_image:291 - Classification: indoor (confidence=50%, faces=0)
2026-04-16 15:37:53 [INFO] photo_editor.classifier.classify_image:291 - Classification: indoor (confidence=50%, faces=0)
2026-04-16 15:37:53 [INFO] photo_editor.profiles.get_profile:407 - Profile: style=auto, category=indoor, strength=medium (×0.7)
2026-04-16 15:37:53 [INFO] photo_editor.profiles.get_profile:407 - Profile: style=auto, category=indoor, strength=medium (×0.7)
2026-04-16 15:37:53 [DEBUG] photo_editor.pipeline.apply_profile:115 -   Applying: Auto Levels (auto_levels) params={'strength': 0.175, 'clip_percent': 0.5}
2026-04-16 15:37:53 [DEBUG] photo_editor.pipeline.apply_profile:115 -   Applying: Auto Levels (auto_levels) params={'strength': 0.175, 'clip_percent': 0.5}
2026-04-16 15:37:53 [DEBUG] photo_editor.pipeline.apply_profile:115 -   Applying: Exposure Correction (adjust_exposure) params={'strength': 0.24499999999999997, 'target_brightness': 128}
2026-04-16 15:37:53 [DEBUG] photo_editor.pipeline.apply_profile:115 -   Applying: Exposure Correction (adjust_exposure) params={'strength': 0.24499999999999997, 'target_brightness': 128}
2026-04-16 15:37:53 [DEBUG] photo_editor.pipeline.apply_profile:115 -   Applying: White Balance (adjust_white_balance) params={'strength': 0.21}
2026-04-16 15:37:53 [DEBUG] photo_editor.pipeline.apply_profile:115 -   Applying: White Balance (adjust_white_balance) params={'strength': 0.21}
2026-04-16 15:37:53 [DEBUG] photo_editor.pipeline.apply_profile:115 -   Applying: Highlight/Shadow Recovery (recover_highlights_shadows) params={'strength': 0.21}
2026-04-16 15:37:53 [DEBUG] photo_editor.pipeline.apply_profile:115 -   Applying: Highlight/Shadow Recovery (recover_highlights_shadows) params={'strength': 0.21}
2026-04-16 15:37:53 [DEBUG] photo_editor.pipeline.apply_profile:115 -   Applying: Contrast (adjust_contrast) params={'strength': 0.13999999999999999, 'clip_limit': 1.5}
2026-04-16 15:37:53 [DEBUG] photo_editor.pipeline.apply_profile:115 -   Applying: Contrast (adjust_contrast) params={'strength': 0.13999999999999999, 'clip_limit': 1.5}
2026-04-16 15:37:53 [DEBUG] photo_editor.pipeline.apply_profile:115 -   Applying: Tone Curve (apply_tone_curve) params={'strength': 0.105}
2026-04-16 15:37:53 [DEBUG] photo_editor.pipeline.apply_profile:115 -   Applying: Tone Curve (apply_tone_curve) params={'strength': 0.105}
2026-04-16 15:37:53 [DEBUG] photo_editor.pipeline.apply_profile:115 -   Applying: Vibrance (adjust_vibrance) params={'strength': 0.13999999999999999, 'amount': 15}
2026-04-16 15:37:53 [DEBUG] photo_editor.pipeline.apply_profile:115 -   Applying: Vibrance (adjust_vibrance) params={'strength': 0.13999999999999999, 'amount': 15}
2026-04-16 15:37:53 [DEBUG] photo_editor.pipeline.apply_profile:115 -   Applying: Noise Reduction (reduce_noise) params={'strength': 0.13999999999999999}
2026-04-16 15:37:53 [DEBUG] photo_editor.pipeline.apply_profile:115 -   Applying: Noise Reduction (reduce_noise) params={'strength': 0.13999999999999999}
2026-04-16 15:37:53 [WARNING] photo_editor.pipeline.apply_profile:118 -   Edit step 'Noise Reduction' failed: OpenCV(4.13.0) :-1: error: (-5:Bad argument) in function 'fastNlMeansDenoisingColored'
> Overload resolution failed:
>  - 'hForColorComponents' is an invalid keyword argument for fastNlMeansDenoisingColored()
>  - 'hForColorComponents' is an invalid keyword argument for fastNlMeansDenoisingColored()

2026-04-16 15:37:53 [WARNING] photo_editor.pipeline.apply_profile:118 -   Edit step 'Noise Reduction' failed: OpenCV(4.13.0) :-1: error: (-5:Bad argument) in function 'fastNlMeansDenoisingColored'
> Overload resolution failed:
>  - 'hForColorComponents' is an invalid keyword argument for fastNlMeansDenoisingColored()
>  - 'hForColorComponents' is an invalid keyword argument for fastNlMeansDenoisingColored()

2026-04-16 15:37:53 [DEBUG] photo_editor.pipeline.apply_profile:115 -   Applying: Sharpening (sharpen) params={'strength': 0.175, 'kernel_size': 3}
2026-04-16 15:37:53 [DEBUG] photo_editor.pipeline.apply_profile:115 -   Applying: Sharpening (sharpen) params={'strength': 0.175, 'kernel_size': 3}
2026-04-16 15:37:53 [DEBUG] photo_editor.pipeline.apply_profile:115 -   Applying: Straighten (auto_straighten) params={'strength': 0.35}
2026-04-16 15:37:53 [DEBUG] photo_editor.pipeline.apply_profile:115 -   Applying: Straighten (auto_straighten) params={'strength': 0.35}
2026-04-16 15:37:53 [DEBUG] photo_editor.output.save_image:194 - Saved: C:\Users\Omar.Pacheco\OneDrive - Pariveda Solutions, Inc\Pictures\Japan\Edited\1Q5A0102_edited.jpg (153 KB, 1367×911)
2026-04-16 15:37:53 [DEBUG] photo_editor.output.save_image:194 - Saved: C:\Users\Omar.Pacheco\OneDrive - Pariveda Solutions, Inc\Pictures\Japan\Edited\1Q5A0102_edited.jpg (153 KB, 1367×911)
2026-04-16 15:37:53 [DEBUG] photo_editor.metadata.copy_metadata:99 - Metadata copied: C:\Users\Omar.Pacheco\OneDrive - Pariveda Solutions, Inc\Pictures\Japan\1Q5A0102.jpg → C:\Users\Omar.Pacheco\OneDrive - Pariveda Solutions, Inc\Pictures\Japan\Edited\1Q5A0102_edited.jpg
2026-04-16 15:37:53 [DEBUG] photo_editor.metadata.copy_metadata:99 - Metadata copied: C:\Users\Omar.Pacheco\OneDrive - Pariveda Solutions, Inc\Pictures\Japan\1Q5A0102.jpg → C:\Users\Omar.Pacheco\OneDrive - Pariveda Solutions, Inc\Pictures\Japan\Edited\1Q5A0102_edited.jpg
2026-04-16 15:37:53 [INFO] photo_editor.pipeline.process_single_image:227 -   Done: 1Q5A0102_edited.jpg (indoor, 0.3s)
2026-04-16 15:37:53 [INFO] photo_editor.pipeline.process_single_image:227 -   Done: 1Q5A0102_edited.jpg (indoor, 0.3s)
2026-04-16 15:38:13 [DEBUG] photo_editor.loader._load_standard:160 - Loaded (OpenCV): C:\Users\Omar.Pacheco\OneDrive - Pariveda Solutions, Inc\Pictures\Japan\1Q5A0108.jpg  shape=(911, 1367, 3)
2026-04-16 15:38:13 [DEBUG] photo_editor.loader._load_standard:160 - Loaded (OpenCV): C:\Users\Omar.Pacheco\OneDrive - Pariveda Solutions, Inc\Pictures\Japan\1Q5A0108.jpg  shape=(911, 1367, 3)
2026-04-16 15:38:13 [DEBUG] photo_editor.classifier.classify_image:219 - Image features: {'brightness': 116.42, 'saturation': 153.12, 'colorfulness': np.float64(63.13), 'edge_density': 0.0072, 'aspect_ratio': 1.501, 'num_faces': 1, 'bg_variance': 16.69, 'width': 1367, 'height': 911}
2026-04-16 15:38:13 [DEBUG] photo_editor.classifier.classify_image:219 - Image features: {'brightness': 116.42, 'saturation': 153.12, 'colorfulness': np.float64(63.13), 'edge_density': 0.0072, 'aspect_ratio': 1.501, 'num_faces': 1, 'bg_variance': 16.69, 'width': 1367, 'height': 911}
2026-04-16 15:38:13 [INFO] photo_editor.classifier.classify_image:291 - Classification: outdoor (confidence=50%, faces=1)
2026-04-16 15:38:13 [INFO] photo_editor.classifier.classify_image:291 - Classification: outdoor (confidence=50%, faces=1)
2026-04-16 15:38:13 [DEBUG] photo_editor.loader._load_standard:160 - Loaded (OpenCV): C:\Users\Omar.Pacheco\OneDrive - Pariveda Solutions, Inc\Pictures\Japan\1Q5A0108.jpg  shape=(911, 1367, 3)
2026-04-16 15:38:13 [DEBUG] photo_editor.loader._load_standard:160 - Loaded (OpenCV): C:\Users\Omar.Pacheco\OneDrive - Pariveda Solutions, Inc\Pictures\Japan\1Q5A0108.jpg  shape=(911, 1367, 3)
2026-04-16 15:38:13 [INFO] photo_editor.pipeline.process_single_image:169 - Processing: 1Q5A0108.jpg
2026-04-16 15:38:13 [INFO] photo_editor.pipeline.process_single_image:169 - Processing: 1Q5A0108.jpg
2026-04-16 15:38:13 [DEBUG] photo_editor.loader._load_standard:160 - Loaded (OpenCV): C:\Users\Omar.Pacheco\OneDrive - Pariveda Solutions, Inc\Pictures\Japan\1Q5A0108.jpg  shape=(911, 1367, 3)
2026-04-16 15:38:13 [DEBUG] photo_editor.loader._load_standard:160 - Loaded (OpenCV): C:\Users\Omar.Pacheco\OneDrive - Pariveda Solutions, Inc\Pictures\Japan\1Q5A0108.jpg  shape=(911, 1367, 3)
2026-04-16 15:38:13 [DEBUG] photo_editor.classifier.classify_image:219 - Image features: {'brightness': 116.42, 'saturation': 153.12, 'colorfulness': np.float64(63.13), 'edge_density': 0.0072, 'aspect_ratio': 1.501, 'num_faces': 1, 'bg_variance': 17.02, 'width': 1367, 'height': 911}
2026-04-16 15:38:13 [DEBUG] photo_editor.classifier.classify_image:219 - Image features: {'brightness': 116.42, 'saturation': 153.12, 'colorfulness': np.float64(63.13), 'edge_density': 0.0072, 'aspect_ratio': 1.501, 'num_faces': 1, 'bg_variance': 17.02, 'width': 1367, 'height': 911}
2026-04-16 15:38:13 [INFO] photo_editor.classifier.classify_image:291 - Classification: outdoor (confidence=50%, faces=1)
2026-04-16 15:38:13 [INFO] photo_editor.classifier.classify_image:291 - Classification: outdoor (confidence=50%, faces=1)
2026-04-16 15:38:13 [INFO] photo_editor.profiles.get_profile:407 - Profile: style=auto, category=outdoor, strength=medium (×0.7)
2026-04-16 15:38:13 [INFO] photo_editor.profiles.get_profile:407 - Profile: style=auto, category=outdoor, strength=medium (×0.7)
2026-04-16 15:38:13 [DEBUG] photo_editor.pipeline.apply_profile:115 -   Applying: Auto Levels (auto_levels) params={'strength': 0.27999999999999997, 'clip_percent': 0.5}
2026-04-16 15:38:13 [DEBUG] photo_editor.pipeline.apply_profile:115 -   Applying: Auto Levels (auto_levels) params={'strength': 0.27999999999999997, 'clip_percent': 0.5}
2026-04-16 15:38:13 [DEBUG] photo_editor.pipeline.apply_profile:115 -   Applying: Exposure Correction (adjust_exposure) params={'strength': 0.35, 'target_brightness': 128}
2026-04-16 15:38:13 [DEBUG] photo_editor.pipeline.apply_profile:115 -   Applying: Exposure Correction (adjust_exposure) params={'strength': 0.35, 'target_brightness': 128}
2026-04-16 15:38:13 [DEBUG] photo_editor.pipeline.apply_profile:115 -   Applying: White Balance (adjust_white_balance) params={'strength': 0.27999999999999997}
2026-04-16 15:38:13 [DEBUG] photo_editor.pipeline.apply_profile:115 -   Applying: White Balance (adjust_white_balance) params={'strength': 0.27999999999999997}
2026-04-16 15:38:13 [DEBUG] photo_editor.pipeline.apply_profile:115 -   Applying: Highlight/Shadow Recovery (recover_highlights_shadows) params={'strength': 0.35}
2026-04-16 15:38:13 [DEBUG] photo_editor.pipeline.apply_profile:115 -   Applying: Highlight/Shadow Recovery (recover_highlights_shadows) params={'strength': 0.35}
2026-04-16 15:38:13 [DEBUG] photo_editor.pipeline.apply_profile:115 -   Applying: Contrast (adjust_contrast) params={'strength': 0.35, 'clip_limit': 2.5}
2026-04-16 15:38:13 [DEBUG] photo_editor.pipeline.apply_profile:115 -   Applying: Contrast (adjust_contrast) params={'strength': 0.35, 'clip_limit': 2.5}
2026-04-16 15:38:13 [DEBUG] photo_editor.pipeline.apply_profile:115 -   Applying: Tone Curve (apply_tone_curve) params={'strength': 0.27999999999999997}
2026-04-16 15:38:13 [DEBUG] photo_editor.pipeline.apply_profile:115 -   Applying: Tone Curve (apply_tone_curve) params={'strength': 0.27999999999999997}
2026-04-16 15:38:13 [DEBUG] photo_editor.pipeline.apply_profile:115 -   Applying: Vibrance (adjust_vibrance) params={'strength': 0.48999999999999994, 'amount': 40}
2026-04-16 15:38:13 [DEBUG] photo_editor.pipeline.apply_profile:115 -   Applying: Vibrance (adjust_vibrance) params={'strength': 0.48999999999999994, 'amount': 40}
2026-04-16 15:38:13 [DEBUG] photo_editor.pipeline.apply_profile:115 -   Applying: Saturation (adjust_saturation) params={'strength': 0.35, 'factor': 1.25}
2026-04-16 15:38:13 [DEBUG] photo_editor.pipeline.apply_profile:115 -   Applying: Saturation (adjust_saturation) params={'strength': 0.35, 'factor': 1.25}
2026-04-16 15:38:13 [DEBUG] photo_editor.pipeline.apply_profile:115 -   Applying: Noise Reduction (reduce_noise) params={'strength': 0.175}
2026-04-16 15:38:13 [DEBUG] photo_editor.pipeline.apply_profile:115 -   Applying: Noise Reduction (reduce_noise) params={'strength': 0.175}
2026-04-16 15:38:13 [WARNING] photo_editor.pipeline.apply_profile:118 -   Edit step 'Noise Reduction' failed: OpenCV(4.13.0) :-1: error: (-5:Bad argument) in function 'fastNlMeansDenoisingColored'
> Overload resolution failed:
>  - 'hForColorComponents' is an invalid keyword argument for fastNlMeansDenoisingColored()
>  - 'hForColorComponents' is an invalid keyword argument for fastNlMeansDenoisingColored()

2026-04-16 15:38:13 [WARNING] photo_editor.pipeline.apply_profile:118 -   Edit step 'Noise Reduction' failed: OpenCV(4.13.0) :-1: error: (-5:Bad argument) in function 'fastNlMeansDenoisingColored'
> Overload resolution failed:
>  - 'hForColorComponents' is an invalid keyword argument for fastNlMeansDenoisingColored()
>  - 'hForColorComponents' is an invalid keyword argument for fastNlMeansDenoisingColored()

2026-04-16 15:38:13 [DEBUG] photo_editor.pipeline.apply_profile:115 -   Applying: Sharpening (sharpen) params={'strength': 0.315, 'kernel_size': 3}
2026-04-16 15:38:13 [DEBUG] photo_editor.pipeline.apply_profile:115 -   Applying: Sharpening (sharpen) params={'strength': 0.315, 'kernel_size': 3}
2026-04-16 15:38:13 [DEBUG] photo_editor.pipeline.apply_profile:115 -   Applying: Straighten (auto_straighten) params={'strength': 0.35}
2026-04-16 15:38:13 [DEBUG] photo_editor.pipeline.apply_profile:115 -   Applying: Straighten (auto_straighten) params={'strength': 0.35}
2026-04-16 15:38:13 [DEBUG] photo_editor.output.save_image:194 - Saved: C:\Users\Omar.Pacheco\OneDrive - Pariveda Solutions, Inc\Pictures\Japan\Edited\1Q5A0108_edited.jpg (223 KB, 1367×911)
2026-04-16 15:38:13 [DEBUG] photo_editor.output.save_image:194 - Saved: C:\Users\Omar.Pacheco\OneDrive - Pariveda Solutions, Inc\Pictures\Japan\Edited\1Q5A0108_edited.jpg (223 KB, 1367×911)
2026-04-16 15:38:13 [DEBUG] photo_editor.metadata.copy_metadata:99 - Metadata copied: C:\Users\Omar.Pacheco\OneDrive - Pariveda Solutions, Inc\Pictures\Japan\1Q5A0108.jpg → C:\Users\Omar.Pacheco\OneDrive - Pariveda Solutions, Inc\Pictures\Japan\Edited\1Q5A0108_edited.jpg
2026-04-16 15:38:13 [DEBUG] photo_editor.metadata.copy_metadata:99 - Metadata copied: C:\Users\Omar.Pacheco\OneDrive - Pariveda Solutions, Inc\Pictures\Japan\1Q5A0108.jpg → C:\Users\Omar.Pacheco\OneDrive - Pariveda Solutions, Inc\Pictures\Japan\Edited\1Q5A0108_edited.jpg
2026-04-16 15:38:13 [INFO] photo_editor.pipeline.process_single_image:227 -   Done: 1Q5A0108_edited.jpg (outdoor, 0.3s)
2026-04-16 15:38:13 [INFO] photo_editor.pipeline.process_single_image:227 -   Done: 1Q5A0108_edited.jpg (outdoor, 0.3s)
2026-04-16 15:38:22 [DEBUG] photo_editor.loader._load_standard:160 - Loaded (OpenCV): C:\Users\Omar.Pacheco\OneDrive - Pariveda Solutions, Inc\Pictures\Japan\1Q5A0117.jpg  shape=(911, 1367, 3)
2026-04-16 15:38:22 [DEBUG] photo_editor.loader._load_standard:160 - Loaded (OpenCV): C:\Users\Omar.Pacheco\OneDrive - Pariveda Solutions, Inc\Pictures\Japan\1Q5A0117.jpg  shape=(911, 1367, 3)
2026-04-16 15:38:22 [DEBUG] photo_editor.classifier.classify_image:219 - Image features: {'brightness': 66.0, 'saturation': 83.75, 'colorfulness': np.float64(31.18), 'edge_density': 0.0312, 'aspect_ratio': 1.501, 'num_faces': 0, 'bg_variance': 15.61, 'width': 1367, 'height': 911}
2026-04-16 15:38:22 [DEBUG] photo_editor.classifier.classify_image:219 - Image features: {'brightness': 66.0, 'saturation': 83.75, 'colorfulness': np.float64(31.18), 'edge_density': 0.0312, 'aspect_ratio': 1.501, 'num_faces': 0, 'bg_variance': 15.61, 'width': 1367, 'height': 911}
2026-04-16 15:38:22 [INFO] photo_editor.classifier.classify_image:291 - Classification: unknown (confidence=30%, faces=0)
2026-04-16 15:38:22 [INFO] photo_editor.classifier.classify_image:291 - Classification: unknown (confidence=30%, faces=0)
2026-04-16 15:38:22 [DEBUG] photo_editor.loader._load_standard:160 - Loaded (OpenCV): C:\Users\Omar.Pacheco\OneDrive - Pariveda Solutions, Inc\Pictures\Japan\1Q5A0117.jpg  shape=(911, 1367, 3)
2026-04-16 15:38:22 [DEBUG] photo_editor.loader._load_standard:160 - Loaded (OpenCV): C:\Users\Omar.Pacheco\OneDrive - Pariveda Solutions, Inc\Pictures\Japan\1Q5A0117.jpg  shape=(911, 1367, 3)
2026-04-16 15:38:22 [INFO] photo_editor.pipeline.process_single_image:169 - Processing: 1Q5A0117.jpg
2026-04-16 15:38:22 [INFO] photo_editor.pipeline.process_single_image:169 - Processing: 1Q5A0117.jpg
2026-04-16 15:38:22 [DEBUG] photo_editor.loader._load_standard:160 - Loaded (OpenCV): C:\Users\Omar.Pacheco\OneDrive - Pariveda Solutions, Inc\Pictures\Japan\1Q5A0117.jpg  shape=(911, 1367, 3)
2026-04-16 15:38:22 [DEBUG] photo_editor.loader._load_standard:160 - Loaded (OpenCV): C:\Users\Omar.Pacheco\OneDrive - Pariveda Solutions, Inc\Pictures\Japan\1Q5A0117.jpg  shape=(911, 1367, 3)
2026-04-16 15:38:22 [DEBUG] photo_editor.classifier.classify_image:219 - Image features: {'brightness': 66.0, 'saturation': 83.75, 'colorfulness': np.float64(31.18), 'edge_density': 0.0312, 'aspect_ratio': 1.501, 'num_faces': 0, 'bg_variance': 15.61, 'width': 1367, 'height': 911}
2026-04-16 15:38:22 [DEBUG] photo_editor.classifier.classify_image:219 - Image features: {'brightness': 66.0, 'saturation': 83.75, 'colorfulness': np.float64(31.18), 'edge_density': 0.0312, 'aspect_ratio': 1.501, 'num_faces': 0, 'bg_variance': 15.61, 'width': 1367, 'height': 911}
2026-04-16 15:38:22 [INFO] photo_editor.classifier.classify_image:291 - Classification: unknown (confidence=30%, faces=0)
2026-04-16 15:38:22 [INFO] photo_editor.classifier.classify_image:291 - Classification: unknown (confidence=30%, faces=0)
2026-04-16 15:38:22 [INFO] photo_editor.profiles.get_profile:407 - Profile: style=auto, category=unknown, strength=medium (×0.7)
2026-04-16 15:38:22 [INFO] photo_editor.profiles.get_profile:407 - Profile: style=auto, category=unknown, strength=medium (×0.7)
2026-04-16 15:38:22 [DEBUG] photo_editor.pipeline.apply_profile:115 -   Applying: Auto Levels (auto_levels) params={'strength': 0.175, 'clip_percent': 0.5}
2026-04-16 15:38:22 [DEBUG] photo_editor.pipeline.apply_profile:115 -   Applying: Auto Levels (auto_levels) params={'strength': 0.175, 'clip_percent': 0.5}
2026-04-16 15:38:22 [DEBUG] photo_editor.pipeline.apply_profile:115 -   Applying: Exposure Correction (adjust_exposure) params={'strength': 0.24499999999999997, 'target_brightness': 128}
2026-04-16 15:38:22 [DEBUG] photo_editor.pipeline.apply_profile:115 -   Applying: Exposure Correction (adjust_exposure) params={'strength': 0.24499999999999997, 'target_brightness': 128}
2026-04-16 15:38:22 [DEBUG] photo_editor.pipeline.apply_profile:115 -   Applying: White Balance (adjust_white_balance) params={'strength': 0.21}
2026-04-16 15:38:22 [DEBUG] photo_editor.pipeline.apply_profile:115 -   Applying: White Balance (adjust_white_balance) params={'strength': 0.21}
2026-04-16 15:38:22 [DEBUG] photo_editor.pipeline.apply_profile:115 -   Applying: Highlight/Shadow Recovery (recover_highlights_shadows) params={'strength': 0.21}
2026-04-16 15:38:22 [DEBUG] photo_editor.pipeline.apply_profile:115 -   Applying: Highlight/Shadow Recovery (recover_highlights_shadows) params={'strength': 0.21}
2026-04-16 15:38:22 [DEBUG] photo_editor.pipeline.apply_profile:115 -   Applying: Contrast (adjust_contrast) params={'strength': 0.13999999999999999, 'clip_limit': 1.5}
2026-04-16 15:38:22 [DEBUG] photo_editor.pipeline.apply_profile:115 -   Applying: Contrast (adjust_contrast) params={'strength': 0.13999999999999999, 'clip_limit': 1.5}
2026-04-16 15:38:22 [DEBUG] photo_editor.pipeline.apply_profile:115 -   Applying: Tone Curve (apply_tone_curve) params={'strength': 0.105}
2026-04-16 15:38:22 [DEBUG] photo_editor.pipeline.apply_profile:115 -   Applying: Tone Curve (apply_tone_curve) params={'strength': 0.105}
2026-04-16 15:38:22 [DEBUG] photo_editor.pipeline.apply_profile:115 -   Applying: Vibrance (adjust_vibrance) params={'strength': 0.13999999999999999, 'amount': 15}
2026-04-16 15:38:22 [DEBUG] photo_editor.pipeline.apply_profile:115 -   Applying: Vibrance (adjust_vibrance) params={'strength': 0.13999999999999999, 'amount': 15}
2026-04-16 15:38:22 [DEBUG] photo_editor.pipeline.apply_profile:115 -   Applying: Noise Reduction (reduce_noise) params={'strength': 0.13999999999999999}
2026-04-16 15:38:22 [DEBUG] photo_editor.pipeline.apply_profile:115 -   Applying: Noise Reduction (reduce_noise) params={'strength': 0.13999999999999999}
2026-04-16 15:38:22 [WARNING] photo_editor.pipeline.apply_profile:118 -   Edit step 'Noise Reduction' failed: OpenCV(4.13.0) :-1: error: (-5:Bad argument) in function 'fastNlMeansDenoisingColored'
> Overload resolution failed:
>  - 'hForColorComponents' is an invalid keyword argument for fastNlMeansDenoisingColored()
>  - 'hForColorComponents' is an invalid keyword argument for fastNlMeansDenoisingColored()

2026-04-16 15:38:22 [WARNING] photo_editor.pipeline.apply_profile:118 -   Edit step 'Noise Reduction' failed: OpenCV(4.13.0) :-1: error: (-5:Bad argument) in function 'fastNlMeansDenoisingColored'
> Overload resolution failed:
>  - 'hForColorComponents' is an invalid keyword argument for fastNlMeansDenoisingColored()
>  - 'hForColorComponents' is an invalid keyword argument for fastNlMeansDenoisingColored()

2026-04-16 15:38:22 [DEBUG] photo_editor.pipeline.apply_profile:115 -   Applying: Sharpening (sharpen) params={'strength': 0.175, 'kernel_size': 3}
2026-04-16 15:38:22 [DEBUG] photo_editor.pipeline.apply_profile:115 -   Applying: Sharpening (sharpen) params={'strength': 0.175, 'kernel_size': 3}
2026-04-16 15:38:22 [DEBUG] photo_editor.pipeline.apply_profile:115 -   Applying: Straighten (auto_straighten) params={'strength': 0.35}
2026-04-16 15:38:22 [DEBUG] photo_editor.pipeline.apply_profile:115 -   Applying: Straighten (auto_straighten) params={'strength': 0.35}
2026-04-16 15:38:22 [DEBUG] photo_editor.edits.auto_straighten:449 - Auto-straighten: corrected 0.19° tilt
2026-04-16 15:38:22 [DEBUG] photo_editor.edits.auto_straighten:449 - Auto-straighten: corrected 0.19° tilt
2026-04-16 15:38:22 [DEBUG] photo_editor.output.save_image:194 - Saved: C:\Users\Omar.Pacheco\OneDrive - Pariveda Solutions, Inc\Pictures\Japan\Edited\1Q5A0117_edited.jpg (245 KB, 1367×911)
2026-04-16 15:38:22 [DEBUG] photo_editor.output.save_image:194 - Saved: C:\Users\Omar.Pacheco\OneDrive - Pariveda Solutions, Inc\Pictures\Japan\Edited\1Q5A0117_edited.jpg (245 KB, 1367×911)
2026-04-16 15:38:22 [DEBUG] photo_editor.metadata.copy_metadata:99 - Metadata copied: C:\Users\Omar.Pacheco\OneDrive - Pariveda Solutions, Inc\Pictures\Japan\1Q5A0117.jpg → C:\Users\Omar.Pacheco\OneDrive - Pariveda Solutions, Inc\Pictures\Japan\Edited\1Q5A0117_edited.jpg
2026-04-16 15:38:22 [DEBUG] photo_editor.metadata.copy_metadata:99 - Metadata copied: C:\Users\Omar.Pacheco\OneDrive - Pariveda Solutions, Inc\Pictures\Japan\1Q5A0117.jpg → C:\Users\Omar.Pacheco\OneDrive - Pariveda Solutions, Inc\Pictures\Japan\Edited\1Q5A0117_edited.jpg
2026-04-16 15:38:22 [INFO] photo_editor.pipeline.process_single_image:227 -   Done: 1Q5A0117_edited.jpg (unknown, 0.3s)
2026-04-16 15:38:22 [INFO] photo_editor.pipeline.process_single_image:227 -   Done: 1Q5A0117_edited.jpg (unknown, 0.3s)
2026-04-16 15:52:36 [DEBUG] photo_editor.loader._load_standard:160 - Loaded (OpenCV): C:\Users\Omar.Pacheco\OneDrive - Pariveda Solutions, Inc\Pictures\Japan\1Q5A0117.jpg  shape=(911, 1367, 3)
2026-04-16 15:52:36 [DEBUG] photo_editor.loader._load_standard:160 - Loaded (OpenCV): C:\Users\Omar.Pacheco\OneDrive - Pariveda Solutions, Inc\Pictures\Japan\1Q5A0117.jpg  shape=(911, 1367, 3)
2026-04-16 15:52:36 [INFO] photo_editor.pipeline.process_single_image:169 - Processing: 1Q5A0117.jpg
2026-04-16 15:52:36 [INFO] photo_editor.pipeline.process_single_image:169 - Processing: 1Q5A0117.jpg
2026-04-16 15:52:36 [DEBUG] photo_editor.loader._load_standard:160 - Loaded (OpenCV): C:\Users\Omar.Pacheco\OneDrive - Pariveda Solutions, Inc\Pictures\Japan\1Q5A0117.jpg  shape=(911, 1367, 3)
2026-04-16 15:52:36 [DEBUG] photo_editor.loader._load_standard:160 - Loaded (OpenCV): C:\Users\Omar.Pacheco\OneDrive - Pariveda Solutions, Inc\Pictures\Japan\1Q5A0117.jpg  shape=(911, 1367, 3)
2026-04-16 15:52:36 [DEBUG] photo_editor.classifier.classify_image:219 - Image features: {'brightness': 66.0, 'saturation': 83.75, 'colorfulness': np.float64(31.18), 'edge_density': 0.0312, 'aspect_ratio': 1.501, 'num_faces': 0, 'bg_variance': 15.61, 'width': 1367, 'height': 911}
2026-04-16 15:52:36 [DEBUG] photo_editor.classifier.classify_image:219 - Image features: {'brightness': 66.0, 'saturation': 83.75, 'colorfulness': np.float64(31.18), 'edge_density': 0.0312, 'aspect_ratio': 1.501, 'num_faces': 0, 'bg_variance': 15.61, 'width': 1367, 'height': 911}
2026-04-16 15:52:36 [INFO] photo_editor.classifier.classify_image:291 - Classification: unknown (confidence=30%, faces=0)
2026-04-16 15:52:36 [INFO] photo_editor.classifier.classify_image:291 - Classification: unknown (confidence=30%, faces=0)
2026-04-16 15:52:36 [INFO] photo_editor.profiles.get_profile:407 - Profile: style=auto, category=unknown, strength=light (×0.4)
2026-04-16 15:52:36 [INFO] photo_editor.profiles.get_profile:407 - Profile: style=auto, category=unknown, strength=light (×0.4)
2026-04-16 15:52:36 [DEBUG] photo_editor.pipeline.apply_profile:115 -   Applying: Auto Levels (auto_levels) params={'strength': 0.1, 'clip_percent': 0.5}
2026-04-16 15:52:36 [DEBUG] photo_editor.pipeline.apply_profile:115 -   Applying: Auto Levels (auto_levels) params={'strength': 0.1, 'clip_percent': 0.5}
2026-04-16 15:52:36 [DEBUG] photo_editor.pipeline.apply_profile:115 -   Applying: Exposure Correction (adjust_exposure) params={'strength': 0.13999999999999999, 'target_brightness': 128}
2026-04-16 15:52:36 [DEBUG] photo_editor.pipeline.apply_profile:115 -   Applying: Exposure Correction (adjust_exposure) params={'strength': 0.13999999999999999, 'target_brightness': 128}
2026-04-16 15:52:37 [DEBUG] photo_editor.pipeline.apply_profile:115 -   Applying: White Balance (adjust_white_balance) params={'strength': 0.12}
2026-04-16 15:52:37 [DEBUG] photo_editor.pipeline.apply_profile:115 -   Applying: White Balance (adjust_white_balance) params={'strength': 0.12}
2026-04-16 15:52:37 [DEBUG] photo_editor.pipeline.apply_profile:115 -   Applying: Highlight/Shadow Recovery (recover_highlights_shadows) params={'strength': 0.12}
2026-04-16 15:52:37 [DEBUG] photo_editor.pipeline.apply_profile:115 -   Applying: Highlight/Shadow Recovery (recover_highlights_shadows) params={'strength': 0.12}
2026-04-16 15:52:37 [DEBUG] photo_editor.pipeline.apply_profile:115 -   Applying: Contrast (adjust_contrast) params={'strength': 0.08000000000000002, 'clip_limit': 1.5}
2026-04-16 15:52:37 [DEBUG] photo_editor.pipeline.apply_profile:115 -   Applying: Contrast (adjust_contrast) params={'strength': 0.08000000000000002, 'clip_limit': 1.5}
2026-04-16 15:52:37 [DEBUG] photo_editor.pipeline.apply_profile:115 -   Applying: Tone Curve (apply_tone_curve) params={'strength': 0.06}
2026-04-16 15:52:37 [DEBUG] photo_editor.pipeline.apply_profile:115 -   Applying: Tone Curve (apply_tone_curve) params={'strength': 0.06}
2026-04-16 15:52:37 [DEBUG] photo_editor.pipeline.apply_profile:115 -   Applying: Vibrance (adjust_vibrance) params={'strength': 0.08000000000000002, 'amount': 15}
2026-04-16 15:52:37 [DEBUG] photo_editor.pipeline.apply_profile:115 -   Applying: Vibrance (adjust_vibrance) params={'strength': 0.08000000000000002, 'amount': 15}
2026-04-16 15:52:37 [DEBUG] photo_editor.pipeline.apply_profile:115 -   Applying: Noise Reduction (reduce_noise) params={'strength': 0.08000000000000002}
2026-04-16 15:52:37 [DEBUG] photo_editor.pipeline.apply_profile:115 -   Applying: Noise Reduction (reduce_noise) params={'strength': 0.08000000000000002}
2026-04-16 15:52:37 [WARNING] photo_editor.pipeline.apply_profile:118 -   Edit step 'Noise Reduction' failed: OpenCV(4.13.0) :-1: error: (-5:Bad argument) in function 'fastNlMeansDenoisingColored'
> Overload resolution failed:
>  - 'hForColorComponents' is an invalid keyword argument for fastNlMeansDenoisingColored()
>  - 'hForColorComponents' is an invalid keyword argument for fastNlMeansDenoisingColored()

2026-04-16 15:52:37 [WARNING] photo_editor.pipeline.apply_profile:118 -   Edit step 'Noise Reduction' failed: OpenCV(4.13.0) :-1: error: (-5:Bad argument) in function 'fastNlMeansDenoisingColored'
> Overload resolution failed:
>  - 'hForColorComponents' is an invalid keyword argument for fastNlMeansDenoisingColored()
>  - 'hForColorComponents' is an invalid keyword argument for fastNlMeansDenoisingColored()

2026-04-16 15:52:37 [DEBUG] photo_editor.pipeline.apply_profile:115 -   Applying: Sharpening (sharpen) params={'strength': 0.1, 'kernel_size': 3}
2026-04-16 15:52:37 [DEBUG] photo_editor.pipeline.apply_profile:115 -   Applying: Sharpening (sharpen) params={'strength': 0.1, 'kernel_size': 3}
2026-04-16 15:52:37 [DEBUG] photo_editor.pipeline.apply_profile:115 -   Applying: Straighten (auto_straighten) params={'strength': 0.2}
2026-04-16 15:52:37 [DEBUG] photo_editor.pipeline.apply_profile:115 -   Applying: Straighten (auto_straighten) params={'strength': 0.2}
2026-04-16 15:52:37 [DEBUG] photo_editor.edits.auto_straighten:449 - Auto-straighten: corrected 0.16° tilt
2026-04-16 15:52:37 [DEBUG] photo_editor.edits.auto_straighten:449 - Auto-straighten: corrected 0.16° tilt
2026-04-16 15:52:37 [DEBUG] photo_editor.output.save_image:194 - Saved: C:\Users\Omar.Pacheco\OneDrive - Pariveda Solutions, Inc\Pictures\Japan\Edited\1Q5A0117_edited.jpg (232 KB, 1367×911)
2026-04-16 15:52:37 [DEBUG] photo_editor.output.save_image:194 - Saved: C:\Users\Omar.Pacheco\OneDrive - Pariveda Solutions, Inc\Pictures\Japan\Edited\1Q5A0117_edited.jpg (232 KB, 1367×911)
2026-04-16 15:52:37 [DEBUG] photo_editor.metadata.copy_metadata:99 - Metadata copied: C:\Users\Omar.Pacheco\OneDrive - Pariveda Solutions, Inc\Pictures\Japan\1Q5A0117.jpg → C:\Users\Omar.Pacheco\OneDrive - Pariveda Solutions, Inc\Pictures\Japan\Edited\1Q5A0117_edited.jpg
2026-04-16 15:52:37 [DEBUG] photo_editor.metadata.copy_metadata:99 - Metadata copied: C:\Users\Omar.Pacheco\OneDrive - Pariveda Solutions, Inc\Pictures\Japan\1Q5A0117.jpg → C:\Users\Omar.Pacheco\OneDrive - Pariveda Solutions, Inc\Pictures\Japan\Edited\1Q5A0117_edited.jpg
2026-04-16 15:52:37 [INFO] photo_editor.pipeline.process_single_image:227 -   Done: 1Q5A0117_edited.jpg (unknown, 0.3s)
2026-04-16 15:52:37 [INFO] photo_editor.pipeline.process_single_image:227 -   Done: 1Q5A0117_edited.jpg (unknown, 0.3s)
2026-04-16 15:52:48 [DEBUG] photo_editor.loader._load_standard:160 - Loaded (OpenCV): C:\Users\Omar.Pacheco\OneDrive - Pariveda Solutions, Inc\Pictures\Japan\1000019592.jpg  shape=(911, 1210, 3)
2026-04-16 15:52:48 [DEBUG] photo_editor.loader._load_standard:160 - Loaded (OpenCV): C:\Users\Omar.Pacheco\OneDrive - Pariveda Solutions, Inc\Pictures\Japan\1000019592.jpg  shape=(911, 1210, 3)
2026-04-16 15:52:48 [DEBUG] photo_editor.classifier.classify_image:219 - Image features: {'brightness': 153.24, 'saturation': 189.6, 'colorfulness': np.float64(97.49), 'edge_density': 0.0918, 'aspect_ratio': 1.328, 'num_faces': 0, 'bg_variance': 35.16, 'width': 1210, 'height': 911}
2026-04-16 15:52:48 [DEBUG] photo_editor.classifier.classify_image:219 - Image features: {'brightness': 153.24, 'saturation': 189.6, 'colorfulness': np.float64(97.49), 'edge_density': 0.0918, 'aspect_ratio': 1.328, 'num_faces': 0, 'bg_variance': 35.16, 'width': 1210, 'height': 911}
2026-04-16 15:52:48 [INFO] photo_editor.classifier.classify_image:291 - Classification: landscape (confidence=85%, faces=0)
2026-04-16 15:52:48 [INFO] photo_editor.classifier.classify_image:291 - Classification: landscape (confidence=85%, faces=0)
2026-04-16 15:52:48 [DEBUG] photo_editor.loader._load_standard:160 - Loaded (OpenCV): C:\Users\Omar.Pacheco\OneDrive - Pariveda Solutions, Inc\Pictures\Japan\1000019592.jpg  shape=(911, 1210, 3)
2026-04-16 15:52:48 [DEBUG] photo_editor.loader._load_standard:160 - Loaded (OpenCV): C:\Users\Omar.Pacheco\OneDrive - Pariveda Solutions, Inc\Pictures\Japan\1000019592.jpg  shape=(911, 1210, 3)
2026-04-16 15:52:48 [INFO] photo_editor.pipeline.process_single_image:169 - Processing: 1000019592.jpg
2026-04-16 15:52:48 [INFO] photo_editor.pipeline.process_single_image:169 - Processing: 1000019592.jpg
2026-04-16 15:52:48 [DEBUG] photo_editor.loader._load_standard:160 - Loaded (OpenCV): C:\Users\Omar.Pacheco\OneDrive - Pariveda Solutions, Inc\Pictures\Japan\1000019592.jpg  shape=(911, 1210, 3)
2026-04-16 15:52:48 [DEBUG] photo_editor.loader._load_standard:160 - Loaded (OpenCV): C:\Users\Omar.Pacheco\OneDrive - Pariveda Solutions, Inc\Pictures\Japan\1000019592.jpg  shape=(911, 1210, 3)
2026-04-16 15:52:48 [INFO] photo_editor.profiles.get_profile:407 - Profile: style=auto, category=product, strength=medium (×0.7)
2026-04-16 15:52:48 [INFO] photo_editor.profiles.get_profile:407 - Profile: style=auto, category=product, strength=medium (×0.7)
2026-04-16 15:52:48 [DEBUG] photo_editor.pipeline.apply_profile:115 -   Applying: Auto Levels (auto_levels) params={'strength': 0.175, 'clip_percent': 0.5}
2026-04-16 15:52:48 [DEBUG] photo_editor.pipeline.apply_profile:115 -   Applying: Auto Levels (auto_levels) params={'strength': 0.175, 'clip_percent': 0.5}
2026-04-16 15:52:49 [DEBUG] photo_editor.pipeline.apply_profile:115 -   Applying: Exposure Correction (adjust_exposure) params={'strength': 0.24499999999999997, 'target_brightness': 140}
2026-04-16 15:52:49 [DEBUG] photo_editor.pipeline.apply_profile:115 -   Applying: Exposure Correction (adjust_exposure) params={'strength': 0.24499999999999997, 'target_brightness': 140}
2026-04-16 15:52:49 [DEBUG] photo_editor.pipeline.apply_profile:115 -   Applying: White Balance (adjust_white_balance) params={'strength': 0.21}
2026-04-16 15:52:49 [DEBUG] photo_editor.pipeline.apply_profile:115 -   Applying: White Balance (adjust_white_balance) params={'strength': 0.21}
2026-04-16 15:52:49 [DEBUG] photo_editor.pipeline.apply_profile:115 -   Applying: Highlight/Shadow Recovery (recover_highlights_shadows) params={'strength': 0.21}
2026-04-16 15:52:49 [DEBUG] photo_editor.pipeline.apply_profile:115 -   Applying: Highlight/Shadow Recovery (recover_highlights_shadows) params={'strength': 0.21}
2026-04-16 15:52:49 [DEBUG] photo_editor.pipeline.apply_profile:115 -   Applying: Contrast (adjust_contrast) params={'strength': 0.13999999999999999, 'clip_limit': 1.5}
2026-04-16 15:52:49 [DEBUG] photo_editor.pipeline.apply_profile:115 -   Applying: Contrast (adjust_contrast) params={'strength': 0.13999999999999999, 'clip_limit': 1.5}
2026-04-16 15:52:49 [DEBUG] photo_editor.pipeline.apply_profile:115 -   Applying: Tone Curve (apply_tone_curve) params={'strength': 0.105}
2026-04-16 15:52:49 [DEBUG] photo_editor.pipeline.apply_profile:115 -   Applying: Tone Curve (apply_tone_curve) params={'strength': 0.105}
2026-04-16 15:52:49 [DEBUG] photo_editor.pipeline.apply_profile:115 -   Applying: Vibrance (adjust_vibrance) params={'strength': 0.13999999999999999, 'amount': 15}
2026-04-16 15:52:49 [DEBUG] photo_editor.pipeline.apply_profile:115 -   Applying: Vibrance (adjust_vibrance) params={'strength': 0.13999999999999999, 'amount': 15}
2026-04-16 15:52:49 [DEBUG] photo_editor.pipeline.apply_profile:115 -   Applying: Noise Reduction (reduce_noise) params={'strength': 0.13999999999999999}
2026-04-16 15:52:49 [DEBUG] photo_editor.pipeline.apply_profile:115 -   Applying: Noise Reduction (reduce_noise) params={'strength': 0.13999999999999999}
2026-04-16 15:52:49 [WARNING] photo_editor.pipeline.apply_profile:118 -   Edit step 'Noise Reduction' failed: OpenCV(4.13.0) :-1: error: (-5:Bad argument) in function 'fastNlMeansDenoisingColored'
> Overload resolution failed:
>  - 'hForColorComponents' is an invalid keyword argument for fastNlMeansDenoisingColored()
>  - 'hForColorComponents' is an invalid keyword argument for fastNlMeansDenoisingColored()

2026-04-16 15:52:49 [WARNING] photo_editor.pipeline.apply_profile:118 -   Edit step 'Noise Reduction' failed: OpenCV(4.13.0) :-1: error: (-5:Bad argument) in function 'fastNlMeansDenoisingColored'
> Overload resolution failed:
>  - 'hForColorComponents' is an invalid keyword argument for fastNlMeansDenoisingColored()
>  - 'hForColorComponents' is an invalid keyword argument for fastNlMeansDenoisingColored()

2026-04-16 15:52:49 [DEBUG] photo_editor.pipeline.apply_profile:115 -   Applying: Sharpening (sharpen) params={'strength': 0.315, 'kernel_size': 3}
2026-04-16 15:52:49 [DEBUG] photo_editor.pipeline.apply_profile:115 -   Applying: Sharpening (sharpen) params={'strength': 0.315, 'kernel_size': 3}
2026-04-16 15:52:49 [DEBUG] photo_editor.pipeline.apply_profile:115 -   Applying: Straighten (auto_straighten) params={'strength': 0.35}
2026-04-16 15:52:49 [DEBUG] photo_editor.pipeline.apply_profile:115 -   Applying: Straighten (auto_straighten) params={'strength': 0.35}
2026-04-16 15:52:49 [DEBUG] photo_editor.edits.auto_straighten:449 - Auto-straighten: corrected -0.33° tilt
2026-04-16 15:52:49 [DEBUG] photo_editor.edits.auto_straighten:449 - Auto-straighten: corrected -0.33° tilt
2026-04-16 15:52:49 [DEBUG] photo_editor.output.save_image:194 - Saved: C:\Users\Omar.Pacheco\OneDrive - Pariveda Solutions, Inc\Pictures\Japan\Edited\1000019592_edited.jpg (411 KB, 1210×911)
2026-04-16 15:52:49 [DEBUG] photo_editor.output.save_image:194 - Saved: C:\Users\Omar.Pacheco\OneDrive - Pariveda Solutions, Inc\Pictures\Japan\Edited\1000019592_edited.jpg (411 KB, 1210×911)
2026-04-16 15:52:49 [DEBUG] photo_editor.metadata.copy_metadata:99 - Metadata copied: C:\Users\Omar.Pacheco\OneDrive - Pariveda Solutions, Inc\Pictures\Japan\1000019592.jpg → C:\Users\Omar.Pacheco\OneDrive - Pariveda Solutions, Inc\Pictures\Japan\Edited\1000019592_edited.jpg
2026-04-16 15:52:49 [DEBUG] photo_editor.metadata.copy_metadata:99 - Metadata copied: C:\Users\Omar.Pacheco\OneDrive - Pariveda Solutions, Inc\Pictures\Japan\1000019592.jpg → C:\Users\Omar.Pacheco\OneDrive - Pariveda Solutions, Inc\Pictures\Japan\Edited\1000019592_edited.jpg
2026-04-16 15:52:49 [INFO] photo_editor.pipeline.process_single_image:227 -   Done: 1000019592_edited.jpg (product, 0.3s)
2026-04-16 15:52:49 [INFO] photo_editor.pipeline.process_single_image:227 -   Done: 1000019592_edited.jpg (product, 0.3s)
2026-04-16 15:52:57 [DEBUG] photo_editor.loader._load_standard:160 - Loaded (OpenCV): C:\Users\Omar.Pacheco\OneDrive - Pariveda Solutions, Inc\Pictures\Japan\1000019592.jpg  shape=(911, 1210, 3)
2026-04-16 15:52:57 [DEBUG] photo_editor.loader._load_standard:160 - Loaded (OpenCV): C:\Users\Omar.Pacheco\OneDrive - Pariveda Solutions, Inc\Pictures\Japan\1000019592.jpg  shape=(911, 1210, 3)
2026-04-16 15:52:57 [INFO] photo_editor.pipeline.process_single_image:169 - Processing: 1000019592.jpg
2026-04-16 15:52:57 [INFO] photo_editor.pipeline.process_single_image:169 - Processing: 1000019592.jpg
2026-04-16 15:52:57 [DEBUG] photo_editor.loader._load_standard:160 - Loaded (OpenCV): C:\Users\Omar.Pacheco\OneDrive - Pariveda Solutions, Inc\Pictures\Japan\1000019592.jpg  shape=(911, 1210, 3)
2026-04-16 15:52:57 [DEBUG] photo_editor.loader._load_standard:160 - Loaded (OpenCV): C:\Users\Omar.Pacheco\OneDrive - Pariveda Solutions, Inc\Pictures\Japan\1000019592.jpg  shape=(911, 1210, 3)
2026-04-16 15:52:57 [INFO] photo_editor.profiles.get_profile:407 - Profile: style=auto, category=product, strength=medium (×0.7)
2026-04-16 15:52:57 [INFO] photo_editor.profiles.get_profile:407 - Profile: style=auto, category=product, strength=medium (×0.7)
2026-04-16 15:52:57 [DEBUG] photo_editor.pipeline.apply_profile:115 -   Applying: Auto Levels (auto_levels) params={'strength': 0.175, 'clip_percent': 0.5}
2026-04-16 15:52:57 [DEBUG] photo_editor.pipeline.apply_profile:115 -   Applying: Auto Levels (auto_levels) params={'strength': 0.175, 'clip_percent': 0.5}
2026-04-16 15:52:57 [DEBUG] photo_editor.pipeline.apply_profile:115 -   Applying: Exposure Correction (adjust_exposure) params={'strength': 0.24499999999999997, 'target_brightness': 140}
2026-04-16 15:52:57 [DEBUG] photo_editor.pipeline.apply_profile:115 -   Applying: Exposure Correction (adjust_exposure) params={'strength': 0.24499999999999997, 'target_brightness': 140}
2026-04-16 15:52:57 [DEBUG] photo_editor.pipeline.apply_profile:115 -   Applying: White Balance (adjust_white_balance) params={'strength': 0.21}
2026-04-16 15:52:57 [DEBUG] photo_editor.pipeline.apply_profile:115 -   Applying: White Balance (adjust_white_balance) params={'strength': 0.21}
2026-04-16 15:52:57 [DEBUG] photo_editor.pipeline.apply_profile:115 -   Applying: Highlight/Shadow Recovery (recover_highlights_shadows) params={'strength': 0.21}
2026-04-16 15:52:57 [DEBUG] photo_editor.pipeline.apply_profile:115 -   Applying: Highlight/Shadow Recovery (recover_highlights_shadows) params={'strength': 0.21}
2026-04-16 15:52:57 [DEBUG] photo_editor.pipeline.apply_profile:115 -   Applying: Contrast (adjust_contrast) params={'strength': 0.13999999999999999, 'clip_limit': 1.5}
2026-04-16 15:52:57 [DEBUG] photo_editor.pipeline.apply_profile:115 -   Applying: Contrast (adjust_contrast) params={'strength': 0.13999999999999999, 'clip_limit': 1.5}
2026-04-16 15:52:57 [DEBUG] photo_editor.pipeline.apply_profile:115 -   Applying: Tone Curve (apply_tone_curve) params={'strength': 0.105}
2026-04-16 15:52:57 [DEBUG] photo_editor.pipeline.apply_profile:115 -   Applying: Tone Curve (apply_tone_curve) params={'strength': 0.105}
2026-04-16 15:52:57 [DEBUG] photo_editor.pipeline.apply_profile:115 -   Applying: Vibrance (adjust_vibrance) params={'strength': 0.13999999999999999, 'amount': 15}
2026-04-16 15:52:57 [DEBUG] photo_editor.pipeline.apply_profile:115 -   Applying: Vibrance (adjust_vibrance) params={'strength': 0.13999999999999999, 'amount': 15}
2026-04-16 15:52:57 [DEBUG] photo_editor.pipeline.apply_profile:115 -   Applying: Noise Reduction (reduce_noise) params={'strength': 0.13999999999999999}
2026-04-16 15:52:57 [DEBUG] photo_editor.pipeline.apply_profile:115 -   Applying: Noise Reduction (reduce_noise) params={'strength': 0.13999999999999999}
2026-04-16 15:52:57 [WARNING] photo_editor.pipeline.apply_profile:118 -   Edit step 'Noise Reduction' failed: OpenCV(4.13.0) :-1: error: (-5:Bad argument) in function 'fastNlMeansDenoisingColored'
> Overload resolution failed:
>  - 'hForColorComponents' is an invalid keyword argument for fastNlMeansDenoisingColored()
>  - 'hForColorComponents' is an invalid keyword argument for fastNlMeansDenoisingColored()

2026-04-16 15:52:57 [WARNING] photo_editor.pipeline.apply_profile:118 -   Edit step 'Noise Reduction' failed: OpenCV(4.13.0) :-1: error: (-5:Bad argument) in function 'fastNlMeansDenoisingColored'
> Overload resolution failed:
>  - 'hForColorComponents' is an invalid keyword argument for fastNlMeansDenoisingColored()
>  - 'hForColorComponents' is an invalid keyword argument for fastNlMeansDenoisingColored()

2026-04-16 15:52:57 [DEBUG] photo_editor.pipeline.apply_profile:115 -   Applying: Sharpening (sharpen) params={'strength': 0.315, 'kernel_size': 3}
2026-04-16 15:52:57 [DEBUG] photo_editor.pipeline.apply_profile:115 -   Applying: Sharpening (sharpen) params={'strength': 0.315, 'kernel_size': 3}
2026-04-16 15:52:57 [DEBUG] photo_editor.pipeline.apply_profile:115 -   Applying: Straighten (auto_straighten) params={'strength': 0.35}
2026-04-16 15:52:57 [DEBUG] photo_editor.pipeline.apply_profile:115 -   Applying: Straighten (auto_straighten) params={'strength': 0.35}
2026-04-16 15:52:57 [DEBUG] photo_editor.edits.auto_straighten:449 - Auto-straighten: corrected -0.33° tilt
2026-04-16 15:52:57 [DEBUG] photo_editor.edits.auto_straighten:449 - Auto-straighten: corrected -0.33° tilt
2026-04-16 15:52:57 [DEBUG] photo_editor.output.save_image:194 - Saved: C:\Users\Omar.Pacheco\OneDrive - Pariveda Solutions, Inc\Pictures\Japan\Edited\1000019592_edited.jpg (411 KB, 1210×911)
2026-04-16 15:52:57 [DEBUG] photo_editor.output.save_image:194 - Saved: C:\Users\Omar.Pacheco\OneDrive - Pariveda Solutions, Inc\Pictures\Japan\Edited\1000019592_edited.jpg (411 KB, 1210×911)
2026-04-16 15:52:57 [DEBUG] photo_editor.metadata.copy_metadata:99 - Metadata copied: C:\Users\Omar.Pacheco\OneDrive - Pariveda Solutions, Inc\Pictures\Japan\1000019592.jpg → C:\Users\Omar.Pacheco\OneDrive - Pariveda Solutions, Inc\Pictures\Japan\Edited\1000019592_edited.jpg
2026-04-16 15:52:57 [DEBUG] photo_editor.metadata.copy_metadata:99 - Metadata copied: C:\Users\Omar.Pacheco\OneDrive - Pariveda Solutions, Inc\Pictures\Japan\1000019592.jpg → C:\Users\Omar.Pacheco\OneDrive - Pariveda Solutions, Inc\Pictures\Japan\Edited\1000019592_edited.jpg
2026-04-16 15:52:57 [INFO] photo_editor.pipeline.process_single_image:227 -   Done: 1000019592_edited.jpg (product, 0.3s)
2026-04-16 15:52:57 [INFO] photo_editor.pipeline.process_single_image:227 -   Done: 1000019592_edited.jpg (product, 0.3s)
2026-04-16 15:52:58 [DEBUG] photo_editor.loader._load_standard:160 - Loaded (OpenCV): C:\Users\Omar.Pacheco\OneDrive - Pariveda Solutions, Inc\Pictures\Japan\1000019592.jpg  shape=(911, 1210, 3)
2026-04-16 15:52:58 [DEBUG] photo_editor.loader._load_standard:160 - Loaded (OpenCV): C:\Users\Omar.Pacheco\OneDrive - Pariveda Solutions, Inc\Pictures\Japan\1000019592.jpg  shape=(911, 1210, 3)
2026-04-16 15:52:58 [INFO] photo_editor.pipeline.process_single_image:169 - Processing: 1000019592.jpg
2026-04-16 15:52:58 [INFO] photo_editor.pipeline.process_single_image:169 - Processing: 1000019592.jpg
2026-04-16 15:52:58 [DEBUG] photo_editor.loader._load_standard:160 - Loaded (OpenCV): C:\Users\Omar.Pacheco\OneDrive - Pariveda Solutions, Inc\Pictures\Japan\1000019592.jpg  shape=(911, 1210, 3)
2026-04-16 15:52:58 [DEBUG] photo_editor.loader._load_standard:160 - Loaded (OpenCV): C:\Users\Omar.Pacheco\OneDrive - Pariveda Solutions, Inc\Pictures\Japan\1000019592.jpg  shape=(911, 1210, 3)
2026-04-16 15:52:58 [INFO] photo_editor.profiles.get_profile:407 - Profile: style=auto, category=product, strength=medium (×0.7)
2026-04-16 15:52:58 [INFO] photo_editor.profiles.get_profile:407 - Profile: style=auto, category=product, strength=medium (×0.7)
2026-04-16 15:52:58 [DEBUG] photo_editor.pipeline.apply_profile:115 -   Applying: Auto Levels (auto_levels) params={'strength': 0.175, 'clip_percent': 0.5}
2026-04-16 15:52:58 [DEBUG] photo_editor.pipeline.apply_profile:115 -   Applying: Auto Levels (auto_levels) params={'strength': 0.175, 'clip_percent': 0.5}
2026-04-16 15:52:58 [DEBUG] photo_editor.pipeline.apply_profile:115 -   Applying: Exposure Correction (adjust_exposure) params={'strength': 0.24499999999999997, 'target_brightness': 140}
2026-04-16 15:52:58 [DEBUG] photo_editor.pipeline.apply_profile:115 -   Applying: Exposure Correction (adjust_exposure) params={'strength': 0.24499999999999997, 'target_brightness': 140}
2026-04-16 15:52:58 [DEBUG] photo_editor.pipeline.apply_profile:115 -   Applying: White Balance (adjust_white_balance) params={'strength': 0.21}
2026-04-16 15:52:58 [DEBUG] photo_editor.pipeline.apply_profile:115 -   Applying: White Balance (adjust_white_balance) params={'strength': 0.21}
2026-04-16 15:52:58 [DEBUG] photo_editor.pipeline.apply_profile:115 -   Applying: Highlight/Shadow Recovery (recover_highlights_shadows) params={'strength': 0.21}
2026-04-16 15:52:58 [DEBUG] photo_editor.pipeline.apply_profile:115 -   Applying: Highlight/Shadow Recovery (recover_highlights_shadows) params={'strength': 0.21}
2026-04-16 15:52:59 [DEBUG] photo_editor.pipeline.apply_profile:115 -   Applying: Contrast (adjust_contrast) params={'strength': 0.13999999999999999, 'clip_limit': 1.5}
2026-04-16 15:52:59 [DEBUG] photo_editor.pipeline.apply_profile:115 -   Applying: Contrast (adjust_contrast) params={'strength': 0.13999999999999999, 'clip_limit': 1.5}
2026-04-16 15:52:59 [DEBUG] photo_editor.pipeline.apply_profile:115 -   Applying: Tone Curve (apply_tone_curve) params={'strength': 0.105}
2026-04-16 15:52:59 [DEBUG] photo_editor.pipeline.apply_profile:115 -   Applying: Tone Curve (apply_tone_curve) params={'strength': 0.105}
2026-04-16 15:52:59 [DEBUG] photo_editor.pipeline.apply_profile:115 -   Applying: Vibrance (adjust_vibrance) params={'strength': 0.13999999999999999, 'amount': 15}
2026-04-16 15:52:59 [DEBUG] photo_editor.pipeline.apply_profile:115 -   Applying: Vibrance (adjust_vibrance) params={'strength': 0.13999999999999999, 'amount': 15}
2026-04-16 15:52:59 [DEBUG] photo_editor.pipeline.apply_profile:115 -   Applying: Noise Reduction (reduce_noise) params={'strength': 0.13999999999999999}
2026-04-16 15:52:59 [DEBUG] photo_editor.pipeline.apply_profile:115 -   Applying: Noise Reduction (reduce_noise) params={'strength': 0.13999999999999999}
2026-04-16 15:52:59 [WARNING] photo_editor.pipeline.apply_profile:118 -   Edit step 'Noise Reduction' failed: OpenCV(4.13.0) :-1: error: (-5:Bad argument) in function 'fastNlMeansDenoisingColored'
> Overload resolution failed:
>  - 'hForColorComponents' is an invalid keyword argument for fastNlMeansDenoisingColored()
>  - 'hForColorComponents' is an invalid keyword argument for fastNlMeansDenoisingColored()

2026-04-16 15:52:59 [WARNING] photo_editor.pipeline.apply_profile:118 -   Edit step 'Noise Reduction' failed: OpenCV(4.13.0) :-1: error: (-5:Bad argument) in function 'fastNlMeansDenoisingColored'
> Overload resolution failed:
>  - 'hForColorComponents' is an invalid keyword argument for fastNlMeansDenoisingColored()
>  - 'hForColorComponents' is an invalid keyword argument for fastNlMeansDenoisingColored()

2026-04-16 15:52:59 [DEBUG] photo_editor.pipeline.apply_profile:115 -   Applying: Sharpening (sharpen) params={'strength': 0.315, 'kernel_size': 3}
2026-04-16 15:52:59 [DEBUG] photo_editor.pipeline.apply_profile:115 -   Applying: Sharpening (sharpen) params={'strength': 0.315, 'kernel_size': 3}
2026-04-16 15:52:59 [DEBUG] photo_editor.pipeline.apply_profile:115 -   Applying: Straighten (auto_straighten) params={'strength': 0.35}
2026-04-16 15:52:59 [DEBUG] photo_editor.pipeline.apply_profile:115 -   Applying: Straighten (auto_straighten) params={'strength': 0.35}
2026-04-16 15:52:59 [DEBUG] photo_editor.edits.auto_straighten:449 - Auto-straighten: corrected -0.33° tilt
2026-04-16 15:52:59 [DEBUG] photo_editor.edits.auto_straighten:449 - Auto-straighten: corrected -0.33° tilt
2026-04-16 15:52:59 [DEBUG] photo_editor.output.save_image:194 - Saved: C:\Users\Omar.Pacheco\OneDrive - Pariveda Solutions, Inc\Pictures\Japan\Edited\1000019592_edited.jpg (411 KB, 1210×911)
2026-04-16 15:52:59 [DEBUG] photo_editor.output.save_image:194 - Saved: C:\Users\Omar.Pacheco\OneDrive - Pariveda Solutions, Inc\Pictures\Japan\Edited\1000019592_edited.jpg (411 KB, 1210×911)
2026-04-16 15:52:59 [DEBUG] photo_editor.metadata.copy_metadata:99 - Metadata copied: C:\Users\Omar.Pacheco\OneDrive - Pariveda Solutions, Inc\Pictures\Japan\1000019592.jpg → C:\Users\Omar.Pacheco\OneDrive - Pariveda Solutions, Inc\Pictures\Japan\Edited\1000019592_edited.jpg
2026-04-16 15:52:59 [DEBUG] photo_editor.metadata.copy_metadata:99 - Metadata copied: C:\Users\Omar.Pacheco\OneDrive - Pariveda Solutions, Inc\Pictures\Japan\1000019592.jpg → C:\Users\Omar.Pacheco\OneDrive - Pariveda Solutions, Inc\Pictures\Japan\Edited\1000019592_edited.jpg
2026-04-16 15:52:59 [INFO] photo_editor.pipeline.process_single_image:227 -   Done: 1000019592_edited.jpg (product, 0.2s)
2026-04-16 15:52:59 [INFO] photo_editor.pipeline.process_single_image:227 -   Done: 1000019592_edited.jpg (product, 0.2s)
2026-04-16 15:53:00 [DEBUG] photo_editor.loader._load_standard:160 - Loaded (OpenCV): C:\Users\Omar.Pacheco\OneDrive - Pariveda Solutions, Inc\Pictures\Japan\1000019592.jpg  shape=(911, 1210, 3)
2026-04-16 15:53:00 [DEBUG] photo_editor.loader._load_standard:160 - Loaded (OpenCV): C:\Users\Omar.Pacheco\OneDrive - Pariveda Solutions, Inc\Pictures\Japan\1000019592.jpg  shape=(911, 1210, 3)
2026-04-16 15:53:00 [INFO] photo_editor.pipeline.process_single_image:169 - Processing: 1000019592.jpg
2026-04-16 15:53:00 [INFO] photo_editor.pipeline.process_single_image:169 - Processing: 1000019592.jpg
2026-04-16 15:53:00 [DEBUG] photo_editor.loader._load_standard:160 - Loaded (OpenCV): C:\Users\Omar.Pacheco\OneDrive - Pariveda Solutions, Inc\Pictures\Japan\1000019592.jpg  shape=(911, 1210, 3)
2026-04-16 15:53:00 [DEBUG] photo_editor.loader._load_standard:160 - Loaded (OpenCV): C:\Users\Omar.Pacheco\OneDrive - Pariveda Solutions, Inc\Pictures\Japan\1000019592.jpg  shape=(911, 1210, 3)
2026-04-16 15:53:00 [INFO] photo_editor.profiles.get_profile:407 - Profile: style=auto, category=product, strength=medium (×0.7)
2026-04-16 15:53:00 [INFO] photo_editor.profiles.get_profile:407 - Profile: style=auto, category=product, strength=medium (×0.7)
2026-04-16 15:53:00 [DEBUG] photo_editor.pipeline.apply_profile:115 -   Applying: Auto Levels (auto_levels) params={'strength': 0.175, 'clip_percent': 0.5}
2026-04-16 15:53:00 [DEBUG] photo_editor.pipeline.apply_profile:115 -   Applying: Auto Levels (auto_levels) params={'strength': 0.175, 'clip_percent': 0.5}
2026-04-16 15:53:00 [DEBUG] photo_editor.pipeline.apply_profile:115 -   Applying: Exposure Correction (adjust_exposure) params={'strength': 0.24499999999999997, 'target_brightness': 140}
2026-04-16 15:53:00 [DEBUG] photo_editor.pipeline.apply_profile:115 -   Applying: Exposure Correction (adjust_exposure) params={'strength': 0.24499999999999997, 'target_brightness': 140}
2026-04-16 15:53:00 [DEBUG] photo_editor.pipeline.apply_profile:115 -   Applying: White Balance (adjust_white_balance) params={'strength': 0.21}
2026-04-16 15:53:00 [DEBUG] photo_editor.pipeline.apply_profile:115 -   Applying: White Balance (adjust_white_balance) params={'strength': 0.21}
2026-04-16 15:53:00 [DEBUG] photo_editor.pipeline.apply_profile:115 -   Applying: Highlight/Shadow Recovery (recover_highlights_shadows) params={'strength': 0.21}
2026-04-16 15:53:00 [DEBUG] photo_editor.pipeline.apply_profile:115 -   Applying: Highlight/Shadow Recovery (recover_highlights_shadows) params={'strength': 0.21}
2026-04-16 15:53:01 [DEBUG] photo_editor.pipeline.apply_profile:115 -   Applying: Contrast (adjust_contrast) params={'strength': 0.13999999999999999, 'clip_limit': 1.5}
2026-04-16 15:53:01 [DEBUG] photo_editor.pipeline.apply_profile:115 -   Applying: Contrast (adjust_contrast) params={'strength': 0.13999999999999999, 'clip_limit': 1.5}
2026-04-16 15:53:01 [DEBUG] photo_editor.pipeline.apply_profile:115 -   Applying: Tone Curve (apply_tone_curve) params={'strength': 0.105}
2026-04-16 15:53:01 [DEBUG] photo_editor.pipeline.apply_profile:115 -   Applying: Tone Curve (apply_tone_curve) params={'strength': 0.105}
2026-04-16 15:53:01 [DEBUG] photo_editor.pipeline.apply_profile:115 -   Applying: Vibrance (adjust_vibrance) params={'strength': 0.13999999999999999, 'amount': 15}
2026-04-16 15:53:01 [DEBUG] photo_editor.pipeline.apply_profile:115 -   Applying: Vibrance (adjust_vibrance) params={'strength': 0.13999999999999999, 'amount': 15}
2026-04-16 15:53:01 [DEBUG] photo_editor.pipeline.apply_profile:115 -   Applying: Noise Reduction (reduce_noise) params={'strength': 0.13999999999999999}
2026-04-16 15:53:01 [DEBUG] photo_editor.pipeline.apply_profile:115 -   Applying: Noise Reduction (reduce_noise) params={'strength': 0.13999999999999999}
2026-04-16 15:53:01 [WARNING] photo_editor.pipeline.apply_profile:118 -   Edit step 'Noise Reduction' failed: OpenCV(4.13.0) :-1: error: (-5:Bad argument) in function 'fastNlMeansDenoisingColored'
> Overload resolution failed:
>  - 'hForColorComponents' is an invalid keyword argument for fastNlMeansDenoisingColored()
>  - 'hForColorComponents' is an invalid keyword argument for fastNlMeansDenoisingColored()

2026-04-16 15:53:01 [WARNING] photo_editor.pipeline.apply_profile:118 -   Edit step 'Noise Reduction' failed: OpenCV(4.13.0) :-1: error: (-5:Bad argument) in function 'fastNlMeansDenoisingColored'
> Overload resolution failed:
>  - 'hForColorComponents' is an invalid keyword argument for fastNlMeansDenoisingColored()
>  - 'hForColorComponents' is an invalid keyword argument for fastNlMeansDenoisingColored()

2026-04-16 15:53:01 [DEBUG] photo_editor.pipeline.apply_profile:115 -   Applying: Sharpening (sharpen) params={'strength': 0.315, 'kernel_size': 3}
2026-04-16 15:53:01 [DEBUG] photo_editor.pipeline.apply_profile:115 -   Applying: Sharpening (sharpen) params={'strength': 0.315, 'kernel_size': 3}
2026-04-16 15:53:01 [DEBUG] photo_editor.pipeline.apply_profile:115 -   Applying: Straighten (auto_straighten) params={'strength': 0.35}
2026-04-16 15:53:01 [DEBUG] photo_editor.pipeline.apply_profile:115 -   Applying: Straighten (auto_straighten) params={'strength': 0.35}
2026-04-16 15:53:01 [DEBUG] photo_editor.edits.auto_straighten:449 - Auto-straighten: corrected -0.33° tilt
2026-04-16 15:53:01 [DEBUG] photo_editor.edits.auto_straighten:449 - Auto-straighten: corrected -0.33° tilt
2026-04-16 15:53:01 [DEBUG] photo_editor.output.save_image:194 - Saved: C:\Users\Omar.Pacheco\OneDrive - Pariveda Solutions, Inc\Pictures\Japan\Edited\1000019592_edited.jpg (411 KB, 1210×911)
2026-04-16 15:53:01 [DEBUG] photo_editor.output.save_image:194 - Saved: C:\Users\Omar.Pacheco\OneDrive - Pariveda Solutions, Inc\Pictures\Japan\Edited\1000019592_edited.jpg (411 KB, 1210×911)
2026-04-16 15:53:01 [DEBUG] photo_editor.metadata.copy_metadata:99 - Metadata copied: C:\Users\Omar.Pacheco\OneDrive - Pariveda Solutions, Inc\Pictures\Japan\1000019592.jpg → C:\Users\Omar.Pacheco\OneDrive - Pariveda Solutions, Inc\Pictures\Japan\Edited\1000019592_edited.jpg
2026-04-16 15:53:01 [DEBUG] photo_editor.metadata.copy_metadata:99 - Metadata copied: C:\Users\Omar.Pacheco\OneDrive - Pariveda Solutions, Inc\Pictures\Japan\1000019592.jpg → C:\Users\Omar.Pacheco\OneDrive - Pariveda Solutions, Inc\Pictures\Japan\Edited\1000019592_edited.jpg
2026-04-16 15:53:01 [INFO] photo_editor.pipeline.process_single_image:227 -   Done: 1000019592_edited.jpg (product, 0.3s)
2026-04-16 15:53:01 [INFO] photo_editor.pipeline.process_single_image:227 -   Done: 1000019592_edited.jpg (product, 0.3s)
2026-04-16 15:53:02 [DEBUG] photo_editor.loader._load_standard:160 - Loaded (OpenCV): C:\Users\Omar.Pacheco\OneDrive - Pariveda Solutions, Inc\Pictures\Japan\1000019592.jpg  shape=(911, 1210, 3)
2026-04-16 15:53:02 [DEBUG] photo_editor.loader._load_standard:160 - Loaded (OpenCV): C:\Users\Omar.Pacheco\OneDrive - Pariveda Solutions, Inc\Pictures\Japan\1000019592.jpg  shape=(911, 1210, 3)
2026-04-16 15:53:02 [INFO] photo_editor.pipeline.process_single_image:169 - Processing: 1000019592.jpg
2026-04-16 15:53:02 [INFO] photo_editor.pipeline.process_single_image:169 - Processing: 1000019592.jpg
2026-04-16 15:53:02 [DEBUG] photo_editor.loader._load_standard:160 - Loaded (OpenCV): C:\Users\Omar.Pacheco\OneDrive - Pariveda Solutions, Inc\Pictures\Japan\1000019592.jpg  shape=(911, 1210, 3)
2026-04-16 15:53:02 [DEBUG] photo_editor.loader._load_standard:160 - Loaded (OpenCV): C:\Users\Omar.Pacheco\OneDrive - Pariveda Solutions, Inc\Pictures\Japan\1000019592.jpg  shape=(911, 1210, 3)
2026-04-16 15:53:02 [INFO] photo_editor.profiles.get_profile:407 - Profile: style=auto, category=product, strength=medium (×0.7)
2026-04-16 15:53:02 [INFO] photo_editor.profiles.get_profile:407 - Profile: style=auto, category=product, strength=medium (×0.7)
2026-04-16 15:53:02 [DEBUG] photo_editor.pipeline.apply_profile:115 -   Applying: Auto Levels (auto_levels) params={'strength': 0.175, 'clip_percent': 0.5}
2026-04-16 15:53:02 [DEBUG] photo_editor.pipeline.apply_profile:115 -   Applying: Auto Levels (auto_levels) params={'strength': 0.175, 'clip_percent': 0.5}
2026-04-16 15:53:02 [DEBUG] photo_editor.pipeline.apply_profile:115 -   Applying: Exposure Correction (adjust_exposure) params={'strength': 0.24499999999999997, 'target_brightness': 140}
2026-04-16 15:53:02 [DEBUG] photo_editor.pipeline.apply_profile:115 -   Applying: Exposure Correction (adjust_exposure) params={'strength': 0.24499999999999997, 'target_brightness': 140}
2026-04-16 15:53:02 [DEBUG] photo_editor.pipeline.apply_profile:115 -   Applying: White Balance (adjust_white_balance) params={'strength': 0.21}
2026-04-16 15:53:02 [DEBUG] photo_editor.pipeline.apply_profile:115 -   Applying: White Balance (adjust_white_balance) params={'strength': 0.21}
2026-04-16 15:53:02 [DEBUG] photo_editor.pipeline.apply_profile:115 -   Applying: Highlight/Shadow Recovery (recover_highlights_shadows) params={'strength': 0.21}
2026-04-16 15:53:02 [DEBUG] photo_editor.pipeline.apply_profile:115 -   Applying: Highlight/Shadow Recovery (recover_highlights_shadows) params={'strength': 0.21}
2026-04-16 15:53:02 [DEBUG] photo_editor.pipeline.apply_profile:115 -   Applying: Contrast (adjust_contrast) params={'strength': 0.13999999999999999, 'clip_limit': 1.5}
2026-04-16 15:53:02 [DEBUG] photo_editor.pipeline.apply_profile:115 -   Applying: Contrast (adjust_contrast) params={'strength': 0.13999999999999999, 'clip_limit': 1.5}
2026-04-16 15:53:02 [DEBUG] photo_editor.pipeline.apply_profile:115 -   Applying: Tone Curve (apply_tone_curve) params={'strength': 0.105}
2026-04-16 15:53:02 [DEBUG] photo_editor.pipeline.apply_profile:115 -   Applying: Tone Curve (apply_tone_curve) params={'strength': 0.105}
2026-04-16 15:53:02 [DEBUG] photo_editor.pipeline.apply_profile:115 -   Applying: Vibrance (adjust_vibrance) params={'strength': 0.13999999999999999, 'amount': 15}
2026-04-16 15:53:02 [DEBUG] photo_editor.pipeline.apply_profile:115 -   Applying: Vibrance (adjust_vibrance) params={'strength': 0.13999999999999999, 'amount': 15}
2026-04-16 15:53:02 [DEBUG] photo_editor.pipeline.apply_profile:115 -   Applying: Noise Reduction (reduce_noise) params={'strength': 0.13999999999999999}
2026-04-16 15:53:02 [DEBUG] photo_editor.pipeline.apply_profile:115 -   Applying: Noise Reduction (reduce_noise) params={'strength': 0.13999999999999999}
2026-04-16 15:53:02 [WARNING] photo_editor.pipeline.apply_profile:118 -   Edit step 'Noise Reduction' failed: OpenCV(4.13.0) :-1: error: (-5:Bad argument) in function 'fastNlMeansDenoisingColored'
> Overload resolution failed:
>  - 'hForColorComponents' is an invalid keyword argument for fastNlMeansDenoisingColored()
>  - 'hForColorComponents' is an invalid keyword argument for fastNlMeansDenoisingColored()

2026-04-16 15:53:02 [WARNING] photo_editor.pipeline.apply_profile:118 -   Edit step 'Noise Reduction' failed: OpenCV(4.13.0) :-1: error: (-5:Bad argument) in function 'fastNlMeansDenoisingColored'
> Overload resolution failed:
>  - 'hForColorComponents' is an invalid keyword argument for fastNlMeansDenoisingColored()
>  - 'hForColorComponents' is an invalid keyword argument for fastNlMeansDenoisingColored()

2026-04-16 15:53:02 [DEBUG] photo_editor.pipeline.apply_profile:115 -   Applying: Sharpening (sharpen) params={'strength': 0.315, 'kernel_size': 3}
2026-04-16 15:53:02 [DEBUG] photo_editor.pipeline.apply_profile:115 -   Applying: Sharpening (sharpen) params={'strength': 0.315, 'kernel_size': 3}
2026-04-16 15:53:02 [DEBUG] photo_editor.pipeline.apply_profile:115 -   Applying: Straighten (auto_straighten) params={'strength': 0.35}
2026-04-16 15:53:02 [DEBUG] photo_editor.pipeline.apply_profile:115 -   Applying: Straighten (auto_straighten) params={'strength': 0.35}
2026-04-16 15:53:02 [DEBUG] photo_editor.edits.auto_straighten:449 - Auto-straighten: corrected -0.33° tilt
2026-04-16 15:53:02 [DEBUG] photo_editor.edits.auto_straighten:449 - Auto-straighten: corrected -0.33° tilt
2026-04-16 15:53:02 [DEBUG] photo_editor.output.save_image:194 - Saved: C:\Users\Omar.Pacheco\OneDrive - Pariveda Solutions, Inc\Pictures\Japan\Edited\1000019592_edited.jpg (411 KB, 1210×911)
2026-04-16 15:53:02 [DEBUG] photo_editor.output.save_image:194 - Saved: C:\Users\Omar.Pacheco\OneDrive - Pariveda Solutions, Inc\Pictures\Japan\Edited\1000019592_edited.jpg (411 KB, 1210×911)
2026-04-16 15:53:02 [DEBUG] photo_editor.metadata.copy_metadata:99 - Metadata copied: C:\Users\Omar.Pacheco\OneDrive - Pariveda Solutions, Inc\Pictures\Japan\1000019592.jpg → C:\Users\Omar.Pacheco\OneDrive - Pariveda Solutions, Inc\Pictures\Japan\Edited\1000019592_edited.jpg
2026-04-16 15:53:02 [DEBUG] photo_editor.metadata.copy_metadata:99 - Metadata copied: C:\Users\Omar.Pacheco\OneDrive - Pariveda Solutions, Inc\Pictures\Japan\1000019592.jpg → C:\Users\Omar.Pacheco\OneDrive - Pariveda Solutions, Inc\Pictures\Japan\Edited\1000019592_edited.jpg
2026-04-16 15:53:02 [INFO] photo_editor.pipeline.process_single_image:227 -   Done: 1000019592_edited.jpg (product, 0.3s)
2026-04-16 15:53:02 [INFO] photo_editor.pipeline.process_single_image:227 -   Done: 1000019592_edited.jpg (product, 0.3s)
2026-04-16 15:53:12 [DEBUG] photo_editor.loader._load_standard:160 - Loaded (OpenCV): C:\Users\Omar.Pacheco\OneDrive - Pariveda Solutions, Inc\Pictures\Japan\1000019592.jpg  shape=(911, 1210, 3)
2026-04-16 15:53:12 [DEBUG] photo_editor.loader._load_standard:160 - Loaded (OpenCV): C:\Users\Omar.Pacheco\OneDrive - Pariveda Solutions, Inc\Pictures\Japan\1000019592.jpg  shape=(911, 1210, 3)
2026-04-16 15:53:12 [INFO] photo_editor.pipeline.process_single_image:169 - Processing: 1000019592.jpg
2026-04-16 15:53:12 [INFO] photo_editor.pipeline.process_single_image:169 - Processing: 1000019592.jpg
2026-04-16 15:53:12 [DEBUG] photo_editor.loader._load_standard:160 - Loaded (OpenCV): C:\Users\Omar.Pacheco\OneDrive - Pariveda Solutions, Inc\Pictures\Japan\1000019592.jpg  shape=(911, 1210, 3)
2026-04-16 15:53:12 [DEBUG] photo_editor.loader._load_standard:160 - Loaded (OpenCV): C:\Users\Omar.Pacheco\OneDrive - Pariveda Solutions, Inc\Pictures\Japan\1000019592.jpg  shape=(911, 1210, 3)
2026-04-16 15:53:12 [INFO] photo_editor.profiles.get_profile:407 - Profile: style=auto, category=product, strength=medium (×0.7)
2026-04-16 15:53:12 [INFO] photo_editor.profiles.get_profile:407 - Profile: style=auto, category=product, strength=medium (×0.7)
2026-04-16 15:53:12 [DEBUG] photo_editor.pipeline.apply_profile:115 -   Applying: Auto Levels (auto_levels) params={'strength': 0.175, 'clip_percent': 0.5}
2026-04-16 15:53:12 [DEBUG] photo_editor.pipeline.apply_profile:115 -   Applying: Auto Levels (auto_levels) params={'strength': 0.175, 'clip_percent': 0.5}
2026-04-16 15:53:12 [DEBUG] photo_editor.pipeline.apply_profile:115 -   Applying: Exposure Correction (adjust_exposure) params={'strength': 0.24499999999999997, 'target_brightness': 140}
2026-04-16 15:53:12 [DEBUG] photo_editor.pipeline.apply_profile:115 -   Applying: Exposure Correction (adjust_exposure) params={'strength': 0.24499999999999997, 'target_brightness': 140}
2026-04-16 15:53:12 [DEBUG] photo_editor.pipeline.apply_profile:115 -   Applying: White Balance (adjust_white_balance) params={'strength': 0.21}
2026-04-16 15:53:12 [DEBUG] photo_editor.pipeline.apply_profile:115 -   Applying: White Balance (adjust_white_balance) params={'strength': 0.21}
2026-04-16 15:53:12 [DEBUG] photo_editor.pipeline.apply_profile:115 -   Applying: Highlight/Shadow Recovery (recover_highlights_shadows) params={'strength': 0.21}
2026-04-16 15:53:12 [DEBUG] photo_editor.pipeline.apply_profile:115 -   Applying: Highlight/Shadow Recovery (recover_highlights_shadows) params={'strength': 0.21}
2026-04-16 15:53:12 [DEBUG] photo_editor.pipeline.apply_profile:115 -   Applying: Contrast (adjust_contrast) params={'strength': 0.13999999999999999, 'clip_limit': 1.5}
2026-04-16 15:53:12 [DEBUG] photo_editor.pipeline.apply_profile:115 -   Applying: Contrast (adjust_contrast) params={'strength': 0.13999999999999999, 'clip_limit': 1.5}
2026-04-16 15:53:12 [DEBUG] photo_editor.pipeline.apply_profile:115 -   Applying: Tone Curve (apply_tone_curve) params={'strength': 0.105}
2026-04-16 15:53:12 [DEBUG] photo_editor.pipeline.apply_profile:115 -   Applying: Tone Curve (apply_tone_curve) params={'strength': 0.105}
2026-04-16 15:53:12 [DEBUG] photo_editor.pipeline.apply_profile:103 -   Skipping disabled edit: Vibrance
2026-04-16 15:53:12 [DEBUG] photo_editor.pipeline.apply_profile:103 -   Skipping disabled edit: Vibrance
2026-04-16 15:53:12 [DEBUG] photo_editor.pipeline.apply_profile:115 -   Applying: Noise Reduction (reduce_noise) params={'strength': 0.13999999999999999}
2026-04-16 15:53:12 [DEBUG] photo_editor.pipeline.apply_profile:115 -   Applying: Noise Reduction (reduce_noise) params={'strength': 0.13999999999999999}
2026-04-16 15:53:12 [WARNING] photo_editor.pipeline.apply_profile:118 -   Edit step 'Noise Reduction' failed: OpenCV(4.13.0) :-1: error: (-5:Bad argument) in function 'fastNlMeansDenoisingColored'
> Overload resolution failed:
>  - 'hForColorComponents' is an invalid keyword argument for fastNlMeansDenoisingColored()
>  - 'hForColorComponents' is an invalid keyword argument for fastNlMeansDenoisingColored()

2026-04-16 15:53:12 [WARNING] photo_editor.pipeline.apply_profile:118 -   Edit step 'Noise Reduction' failed: OpenCV(4.13.0) :-1: error: (-5:Bad argument) in function 'fastNlMeansDenoisingColored'
> Overload resolution failed:
>  - 'hForColorComponents' is an invalid keyword argument for fastNlMeansDenoisingColored()
>  - 'hForColorComponents' is an invalid keyword argument for fastNlMeansDenoisingColored()

2026-04-16 15:53:12 [DEBUG] photo_editor.pipeline.apply_profile:115 -   Applying: Sharpening (sharpen) params={'strength': 0.315, 'kernel_size': 3}
2026-04-16 15:53:12 [DEBUG] photo_editor.pipeline.apply_profile:115 -   Applying: Sharpening (sharpen) params={'strength': 0.315, 'kernel_size': 3}
2026-04-16 15:53:12 [DEBUG] photo_editor.pipeline.apply_profile:115 -   Applying: Straighten (auto_straighten) params={'strength': 0.35}
2026-04-16 15:53:12 [DEBUG] photo_editor.pipeline.apply_profile:115 -   Applying: Straighten (auto_straighten) params={'strength': 0.35}
2026-04-16 15:53:12 [DEBUG] photo_editor.edits.auto_straighten:449 - Auto-straighten: corrected -0.00° tilt
2026-04-16 15:53:12 [DEBUG] photo_editor.edits.auto_straighten:449 - Auto-straighten: corrected -0.00° tilt
2026-04-16 15:53:12 [DEBUG] photo_editor.output.save_image:194 - Saved: C:\Users\Omar.Pacheco\OneDrive - Pariveda Solutions, Inc\Pictures\Japan\Edited\1000019592_edited.jpg (365 KB, 1210×911)
2026-04-16 15:53:12 [DEBUG] photo_editor.output.save_image:194 - Saved: C:\Users\Omar.Pacheco\OneDrive - Pariveda Solutions, Inc\Pictures\Japan\Edited\1000019592_edited.jpg (365 KB, 1210×911)
2026-04-16 15:53:12 [DEBUG] photo_editor.metadata.copy_metadata:99 - Metadata copied: C:\Users\Omar.Pacheco\OneDrive - Pariveda Solutions, Inc\Pictures\Japan\1000019592.jpg → C:\Users\Omar.Pacheco\OneDrive - Pariveda Solutions, Inc\Pictures\Japan\Edited\1000019592_edited.jpg
2026-04-16 15:53:12 [DEBUG] photo_editor.metadata.copy_metadata:99 - Metadata copied: C:\Users\Omar.Pacheco\OneDrive - Pariveda Solutions, Inc\Pictures\Japan\1000019592.jpg → C:\Users\Omar.Pacheco\OneDrive - Pariveda Solutions, Inc\Pictures\Japan\Edited\1000019592_edited.jpg
2026-04-16 15:53:12 [INFO] photo_editor.pipeline.process_single_image:227 -   Done: 1000019592_edited.jpg (product, 0.2s)
2026-04-16 15:53:12 [INFO] photo_editor.pipeline.process_single_image:227 -   Done: 1000019592_edited.jpg (product, 0.2s)
2026-04-16 15:53:13 [DEBUG] photo_editor.loader._load_standard:160 - Loaded (OpenCV): C:\Users\Omar.Pacheco\OneDrive - Pariveda Solutions, Inc\Pictures\Japan\1000019592.jpg  shape=(911, 1210, 3)
2026-04-16 15:53:13 [DEBUG] photo_editor.loader._load_standard:160 - Loaded (OpenCV): C:\Users\Omar.Pacheco\OneDrive - Pariveda Solutions, Inc\Pictures\Japan\1000019592.jpg  shape=(911, 1210, 3)
2026-04-16 15:53:13 [INFO] photo_editor.pipeline.process_single_image:169 - Processing: 1000019592.jpg
2026-04-16 15:53:13 [INFO] photo_editor.pipeline.process_single_image:169 - Processing: 1000019592.jpg
2026-04-16 15:53:13 [DEBUG] photo_editor.loader._load_standard:160 - Loaded (OpenCV): C:\Users\Omar.Pacheco\OneDrive - Pariveda Solutions, Inc\Pictures\Japan\1000019592.jpg  shape=(911, 1210, 3)
2026-04-16 15:53:13 [DEBUG] photo_editor.loader._load_standard:160 - Loaded (OpenCV): C:\Users\Omar.Pacheco\OneDrive - Pariveda Solutions, Inc\Pictures\Japan\1000019592.jpg  shape=(911, 1210, 3)
2026-04-16 15:53:13 [INFO] photo_editor.profiles.get_profile:407 - Profile: style=auto, category=product, strength=medium (×0.7)
2026-04-16 15:53:13 [INFO] photo_editor.profiles.get_profile:407 - Profile: style=auto, category=product, strength=medium (×0.7)
2026-04-16 15:53:13 [DEBUG] photo_editor.pipeline.apply_profile:115 -   Applying: Auto Levels (auto_levels) params={'strength': 0.175, 'clip_percent': 0.5}
2026-04-16 15:53:13 [DEBUG] photo_editor.pipeline.apply_profile:115 -   Applying: Auto Levels (auto_levels) params={'strength': 0.175, 'clip_percent': 0.5}
2026-04-16 15:53:13 [DEBUG] photo_editor.pipeline.apply_profile:115 -   Applying: Exposure Correction (adjust_exposure) params={'strength': 0.24499999999999997, 'target_brightness': 140}
2026-04-16 15:53:13 [DEBUG] photo_editor.pipeline.apply_profile:115 -   Applying: Exposure Correction (adjust_exposure) params={'strength': 0.24499999999999997, 'target_brightness': 140}
2026-04-16 15:53:13 [DEBUG] photo_editor.pipeline.apply_profile:115 -   Applying: White Balance (adjust_white_balance) params={'strength': 0.21}
2026-04-16 15:53:13 [DEBUG] photo_editor.pipeline.apply_profile:115 -   Applying: White Balance (adjust_white_balance) params={'strength': 0.21}
2026-04-16 15:53:13 [DEBUG] photo_editor.pipeline.apply_profile:115 -   Applying: Highlight/Shadow Recovery (recover_highlights_shadows) params={'strength': 0.21}
2026-04-16 15:53:13 [DEBUG] photo_editor.pipeline.apply_profile:115 -   Applying: Highlight/Shadow Recovery (recover_highlights_shadows) params={'strength': 0.21}
2026-04-16 15:53:13 [DEBUG] photo_editor.pipeline.apply_profile:115 -   Applying: Contrast (adjust_contrast) params={'strength': 0.13999999999999999, 'clip_limit': 1.5}
2026-04-16 15:53:13 [DEBUG] photo_editor.pipeline.apply_profile:115 -   Applying: Contrast (adjust_contrast) params={'strength': 0.13999999999999999, 'clip_limit': 1.5}
2026-04-16 15:53:13 [DEBUG] photo_editor.pipeline.apply_profile:115 -   Applying: Tone Curve (apply_tone_curve) params={'strength': 0.105}
2026-04-16 15:53:13 [DEBUG] photo_editor.pipeline.apply_profile:115 -   Applying: Tone Curve (apply_tone_curve) params={'strength': 0.105}
2026-04-16 15:53:13 [DEBUG] photo_editor.pipeline.apply_profile:115 -   Applying: Vibrance (adjust_vibrance) params={'strength': 0.13999999999999999, 'amount': 15}
2026-04-16 15:53:13 [DEBUG] photo_editor.pipeline.apply_profile:115 -   Applying: Vibrance (adjust_vibrance) params={'strength': 0.13999999999999999, 'amount': 15}
2026-04-16 15:53:14 [DEBUG] photo_editor.pipeline.apply_profile:115 -   Applying: Noise Reduction (reduce_noise) params={'strength': 0.13999999999999999}
2026-04-16 15:53:14 [DEBUG] photo_editor.pipeline.apply_profile:115 -   Applying: Noise Reduction (reduce_noise) params={'strength': 0.13999999999999999}
2026-04-16 15:53:14 [WARNING] photo_editor.pipeline.apply_profile:118 -   Edit step 'Noise Reduction' failed: OpenCV(4.13.0) :-1: error: (-5:Bad argument) in function 'fastNlMeansDenoisingColored'
> Overload resolution failed:
>  - 'hForColorComponents' is an invalid keyword argument for fastNlMeansDenoisingColored()
>  - 'hForColorComponents' is an invalid keyword argument for fastNlMeansDenoisingColored()

2026-04-16 15:53:14 [WARNING] photo_editor.pipeline.apply_profile:118 -   Edit step 'Noise Reduction' failed: OpenCV(4.13.0) :-1: error: (-5:Bad argument) in function 'fastNlMeansDenoisingColored'
> Overload resolution failed:
>  - 'hForColorComponents' is an invalid keyword argument for fastNlMeansDenoisingColored()
>  - 'hForColorComponents' is an invalid keyword argument for fastNlMeansDenoisingColored()

2026-04-16 15:53:14 [DEBUG] photo_editor.pipeline.apply_profile:115 -   Applying: Sharpening (sharpen) params={'strength': 0.315, 'kernel_size': 3}
2026-04-16 15:53:14 [DEBUG] photo_editor.pipeline.apply_profile:115 -   Applying: Sharpening (sharpen) params={'strength': 0.315, 'kernel_size': 3}
2026-04-16 15:53:14 [DEBUG] photo_editor.pipeline.apply_profile:115 -   Applying: Straighten (auto_straighten) params={'strength': 0.35}
2026-04-16 15:53:14 [DEBUG] photo_editor.pipeline.apply_profile:115 -   Applying: Straighten (auto_straighten) params={'strength': 0.35}
2026-04-16 15:53:14 [DEBUG] photo_editor.edits.auto_straighten:449 - Auto-straighten: corrected -0.33° tilt
2026-04-16 15:53:14 [DEBUG] photo_editor.edits.auto_straighten:449 - Auto-straighten: corrected -0.33° tilt
2026-04-16 15:53:14 [DEBUG] photo_editor.output.save_image:194 - Saved: C:\Users\Omar.Pacheco\OneDrive - Pariveda Solutions, Inc\Pictures\Japan\Edited\1000019592_edited.jpg (411 KB, 1210×911)
2026-04-16 15:53:14 [DEBUG] photo_editor.output.save_image:194 - Saved: C:\Users\Omar.Pacheco\OneDrive - Pariveda Solutions, Inc\Pictures\Japan\Edited\1000019592_edited.jpg (411 KB, 1210×911)
2026-04-16 15:53:14 [DEBUG] photo_editor.metadata.copy_metadata:99 - Metadata copied: C:\Users\Omar.Pacheco\OneDrive - Pariveda Solutions, Inc\Pictures\Japan\1000019592.jpg → C:\Users\Omar.Pacheco\OneDrive - Pariveda Solutions, Inc\Pictures\Japan\Edited\1000019592_edited.jpg
2026-04-16 15:53:14 [DEBUG] photo_editor.metadata.copy_metadata:99 - Metadata copied: C:\Users\Omar.Pacheco\OneDrive - Pariveda Solutions, Inc\Pictures\Japan\1000019592.jpg → C:\Users\Omar.Pacheco\OneDrive - Pariveda Solutions, Inc\Pictures\Japan\Edited\1000019592_edited.jpg
2026-04-16 15:53:14 [INFO] photo_editor.pipeline.process_single_image:227 -   Done: 1000019592_edited.jpg (product, 0.3s)
2026-04-16 15:53:14 [INFO] photo_editor.pipeline.process_single_image:227 -   Done: 1000019592_edited.jpg (product, 0.3s)
2026-04-16 15:53:15 [DEBUG] photo_editor.loader._load_standard:160 - Loaded (OpenCV): C:\Users\Omar.Pacheco\OneDrive - Pariveda Solutions, Inc\Pictures\Japan\1000019592.jpg  shape=(911, 1210, 3)
2026-04-16 15:53:15 [DEBUG] photo_editor.loader._load_standard:160 - Loaded (OpenCV): C:\Users\Omar.Pacheco\OneDrive - Pariveda Solutions, Inc\Pictures\Japan\1000019592.jpg  shape=(911, 1210, 3)
2026-04-16 15:53:15 [INFO] photo_editor.pipeline.process_single_image:169 - Processing: 1000019592.jpg
2026-04-16 15:53:15 [INFO] photo_editor.pipeline.process_single_image:169 - Processing: 1000019592.jpg
2026-04-16 15:53:15 [DEBUG] photo_editor.loader._load_standard:160 - Loaded (OpenCV): C:\Users\Omar.Pacheco\OneDrive - Pariveda Solutions, Inc\Pictures\Japan\1000019592.jpg  shape=(911, 1210, 3)
2026-04-16 15:53:15 [DEBUG] photo_editor.loader._load_standard:160 - Loaded (OpenCV): C:\Users\Omar.Pacheco\OneDrive - Pariveda Solutions, Inc\Pictures\Japan\1000019592.jpg  shape=(911, 1210, 3)
2026-04-16 15:53:15 [INFO] photo_editor.profiles.get_profile:407 - Profile: style=auto, category=product, strength=medium (×0.7)
2026-04-16 15:53:15 [INFO] photo_editor.profiles.get_profile:407 - Profile: style=auto, category=product, strength=medium (×0.7)
2026-04-16 15:53:15 [DEBUG] photo_editor.pipeline.apply_profile:115 -   Applying: Auto Levels (auto_levels) params={'strength': 0.175, 'clip_percent': 0.5}
2026-04-16 15:53:15 [DEBUG] photo_editor.pipeline.apply_profile:115 -   Applying: Auto Levels (auto_levels) params={'strength': 0.175, 'clip_percent': 0.5}
2026-04-16 15:53:15 [DEBUG] photo_editor.pipeline.apply_profile:115 -   Applying: Exposure Correction (adjust_exposure) params={'strength': 0.24499999999999997, 'target_brightness': 140}
2026-04-16 15:53:15 [DEBUG] photo_editor.pipeline.apply_profile:115 -   Applying: Exposure Correction (adjust_exposure) params={'strength': 0.24499999999999997, 'target_brightness': 140}
2026-04-16 15:53:15 [DEBUG] photo_editor.pipeline.apply_profile:115 -   Applying: White Balance (adjust_white_balance) params={'strength': 0.21}
2026-04-16 15:53:15 [DEBUG] photo_editor.pipeline.apply_profile:115 -   Applying: White Balance (adjust_white_balance) params={'strength': 0.21}
2026-04-16 15:53:15 [DEBUG] photo_editor.pipeline.apply_profile:115 -   Applying: Highlight/Shadow Recovery (recover_highlights_shadows) params={'strength': 0.21}
2026-04-16 15:53:15 [DEBUG] photo_editor.pipeline.apply_profile:115 -   Applying: Highlight/Shadow Recovery (recover_highlights_shadows) params={'strength': 0.21}
2026-04-16 15:53:15 [DEBUG] photo_editor.pipeline.apply_profile:115 -   Applying: Contrast (adjust_contrast) params={'strength': 0.13999999999999999, 'clip_limit': 1.5}
2026-04-16 15:53:15 [DEBUG] photo_editor.pipeline.apply_profile:115 -   Applying: Contrast (adjust_contrast) params={'strength': 0.13999999999999999, 'clip_limit': 1.5}
2026-04-16 15:53:15 [DEBUG] photo_editor.pipeline.apply_profile:115 -   Applying: Tone Curve (apply_tone_curve) params={'strength': 0.105}
2026-04-16 15:53:15 [DEBUG] photo_editor.pipeline.apply_profile:115 -   Applying: Tone Curve (apply_tone_curve) params={'strength': 0.105}
2026-04-16 15:53:15 [DEBUG] photo_editor.pipeline.apply_profile:103 -   Skipping disabled edit: Vibrance
2026-04-16 15:53:15 [DEBUG] photo_editor.pipeline.apply_profile:103 -   Skipping disabled edit: Vibrance
2026-04-16 15:53:15 [DEBUG] photo_editor.pipeline.apply_profile:115 -   Applying: Noise Reduction (reduce_noise) params={'strength': 0.13999999999999999}
2026-04-16 15:53:15 [DEBUG] photo_editor.pipeline.apply_profile:115 -   Applying: Noise Reduction (reduce_noise) params={'strength': 0.13999999999999999}
2026-04-16 15:53:15 [WARNING] photo_editor.pipeline.apply_profile:118 -   Edit step 'Noise Reduction' failed: OpenCV(4.13.0) :-1: error: (-5:Bad argument) in function 'fastNlMeansDenoisingColored'
> Overload resolution failed:
>  - 'hForColorComponents' is an invalid keyword argument for fastNlMeansDenoisingColored()
>  - 'hForColorComponents' is an invalid keyword argument for fastNlMeansDenoisingColored()

2026-04-16 15:53:15 [WARNING] photo_editor.pipeline.apply_profile:118 -   Edit step 'Noise Reduction' failed: OpenCV(4.13.0) :-1: error: (-5:Bad argument) in function 'fastNlMeansDenoisingColored'
> Overload resolution failed:
>  - 'hForColorComponents' is an invalid keyword argument for fastNlMeansDenoisingColored()
>  - 'hForColorComponents' is an invalid keyword argument for fastNlMeansDenoisingColored()

2026-04-16 15:53:15 [DEBUG] photo_editor.pipeline.apply_profile:115 -   Applying: Sharpening (sharpen) params={'strength': 0.315, 'kernel_size': 3}
2026-04-16 15:53:15 [DEBUG] photo_editor.pipeline.apply_profile:115 -   Applying: Sharpening (sharpen) params={'strength': 0.315, 'kernel_size': 3}
2026-04-16 15:53:15 [DEBUG] photo_editor.pipeline.apply_profile:115 -   Applying: Straighten (auto_straighten) params={'strength': 0.35}
2026-04-16 15:53:15 [DEBUG] photo_editor.pipeline.apply_profile:115 -   Applying: Straighten (auto_straighten) params={'strength': 0.35}
2026-04-16 15:53:15 [DEBUG] photo_editor.edits.auto_straighten:449 - Auto-straighten: corrected -0.00° tilt
2026-04-16 15:53:15 [DEBUG] photo_editor.edits.auto_straighten:449 - Auto-straighten: corrected -0.00° tilt
2026-04-16 15:53:15 [DEBUG] photo_editor.output.save_image:194 - Saved: C:\Users\Omar.Pacheco\OneDrive - Pariveda Solutions, Inc\Pictures\Japan\Edited\1000019592_edited.jpg (365 KB, 1210×911)
2026-04-16 15:53:15 [DEBUG] photo_editor.output.save_image:194 - Saved: C:\Users\Omar.Pacheco\OneDrive - Pariveda Solutions, Inc\Pictures\Japan\Edited\1000019592_edited.jpg (365 KB, 1210×911)
2026-04-16 15:53:15 [DEBUG] photo_editor.metadata.copy_metadata:99 - Metadata copied: C:\Users\Omar.Pacheco\OneDrive - Pariveda Solutions, Inc\Pictures\Japan\1000019592.jpg → C:\Users\Omar.Pacheco\OneDrive - Pariveda Solutions, Inc\Pictures\Japan\Edited\1000019592_edited.jpg
2026-04-16 15:53:15 [DEBUG] photo_editor.metadata.copy_metadata:99 - Metadata copied: C:\Users\Omar.Pacheco\OneDrive - Pariveda Solutions, Inc\Pictures\Japan\1000019592.jpg → C:\Users\Omar.Pacheco\OneDrive - Pariveda Solutions, Inc\Pictures\Japan\Edited\1000019592_edited.jpg
2026-04-16 15:53:15 [INFO] photo_editor.pipeline.process_single_image:227 -   Done: 1000019592_edited.jpg (product, 0.2s)
2026-04-16 15:53:15 [INFO] photo_editor.pipeline.process_single_image:227 -   Done: 1000019592_edited.jpg (product, 0.2s)
